SLF4J: Class path contains multiple SLF4J bindings.
SLF4J: Found binding in [jar:file:/home/terryvanbelle/projects/vibe/2020/engine/engine.jar!/org/slf4j/impl/StaticLoggerBinder.class]
SLF4J: Found binding in [jar:file:/home/terryvanbelle/projects/vibe/2020/engine/lib/slf4j-simple-1.7.21.jar!/org/slf4j/impl/StaticLoggerBinder.class]
SLF4J: See http://www.slf4j.org/codes.html#multiple_bindings for an explanation.
SLF4J: Actual binding is of type [org.slf4j.impl.SimpleLoggerFactory]
[server] -------------------- Match Starting --------------------
[server] bot vs. g_iter2 on ALandDivided
[A:HQ#0@1] @origin x=0 y=0
[A:HQ#0@1] @build t=1 at=[6, 26] soup=131
[B:HQ#1@1] @origin x=0 y=0
[B:HQ#1@1] @build t=1 at=[35, 27] soup=131
[A:HQ#0@2] @build t=1 at=[4, 26] soup=61
[B:HQ#1@2] @build t=1 at=[36, 25] soup=61
[A:MINER#11132@2] @miner builder=true
[A:MINER#11132@2] @explore to=[4, 20] unseen=23
[B:MINER#10935@2] @miner builder=true
[B:MINER#10935@2] @explore to=[38, 23] unseen=-1
[A:MINER#11129@3] @miner builder=false
[A:MINER#11129@3] @explore to=[-12, 44] unseen=-1
[B:MINER#12241@3] @miner builder=false
[B:MINER#12241@3] @explore to=[35, 29] unseen=-1
[A:HQ#0@12] @build t=1 at=[6, 27] soup=0
[B:HQ#1@12] @build t=1 at=[36, 26] soup=0
[A:MINER#11129@13] @origin x=0 y=0
[A:MINER#10545@13] @miner builder=false
[A:MINER#10545@13] @explore to=[2, 22] unseen=-1
[B:MINER#11995@13] @miner builder=false
[B:MINER#11995@13] @explore to=[33, 37] unseen=-1
[B:MINER#12241@15] @origin x=0 y=0
[B:MINER#10935@23] @deposit n=70
[A:MINER#10545@23] @deposit n=7
[B:MINER#11995@23] @origin x=0 y=0
[A:MINER#11132@24] @deposit n=70
[B:MINER#10935@25] @deposit n=7
[A:MINER#10545@25] @deposit n=7
[A:MINER#11129@26] @deposit n=70
[B:HQ#1@27] @build t=1 at=[34, 26] soup=5
[B:MINER#10935@27] @deposit n=7
[B:MINER#12241@27] @deposit n=70
[A:MINER#10545@27] @deposit n=7
[A:HQ#0@28] @build t=1 at=[4, 25] soup=12
[B:MINER#12507@28] @miner builder=false
[B:MINER#12507@28] @explore to=[35, 25] unseen=-1
[B:MINER#12507@29] @explore to=[36, 29] unseen=-1
[A:MINER#12544@29] @miner builder=false
[A:MINER#12544@29] @explore to=[-14, 33] unseen=-1
[B:MINER#10935@30] @deposit n=7
[A:MINER#10545@30] @deposit n=7
[B:MINER#12507@30] @explore to=[37, 29] unseen=-1
[B:MINER#12507@31] @explore to=[39, 9] unseen=-1
[B:MINER#10935@32] @deposit n=7
[A:MINER#10545@32] @deposit n=7
[B:MINER#12241@33] @explore to=[28, 28] unseen=23
[B:MINER#10935@35] @deposit n=7
[A:MINER#10545@35] @deposit n=7
[B:MINER#10935@37] @deposit n=7
[A:MINER#10545@37] @deposit n=7
[B:MINER#11995@38] @deposit n=70
[B:MINER#10935@39] @deposit n=7
[A:MINER#10545@39] @deposit n=7
[A:MINER#10545@41] @deposit n=7
[A:MINER#12544@41] @origin x=0 y=0
[B:HQ#1@42] @build t=1 at=[35, 25] soup=132
[B:MINER#10935@42] @deposit n=7
[B:MINER#10981@43] @miner builder=false
[B:MINER#10981@43] @explore to=[28, 9] unseen=-1
[A:MINER#11132@44] @deposit n=70
[B:MINER#10935@44] @deposit n=7
[A:MINER#10545@44] @deposit n=7
[B:MINER#10935@46] @deposit n=7
[A:MINER#10545@46] @deposit n=7
[A:HQ#0@47] @build t=1 at=[5, 25] soup=137
[A:MINER#11129@47] @deposit n=70
[B:MINER#12241@47] @deposit n=70
[A:MINER#10545@48] @deposit n=7
[A:MINER#10713@48] @miner builder=false
[A:MINER#10713@48] @explore to=[21, 45] unseen=-1
[A:HQ#0@50] @build t=1 at=[6, 26] soup=130
[B:HQ#1@50] @build t=1 at=[36, 26] soup=148
[B:MINER#12241@51] @deposit n=7
[A:MINER#10545@51] @deposit n=7
[A:MINER#14005@51] @miner builder=false
[A:MINER#14005@51] @explore to=[18, 21] unseen=-1
[B:MINER#12512@51] @miner builder=false
[B:MINER#12512@51] @explore to=[23, 38] unseen=-1
[B:MINER#12507@52] @deposit n=70
[B:MINER#10935@53] @build t=2 at=[32, 27] soup=8
[B:MINER#12241@53] @offring
[B:MINER#12507@53] @offring
[B:MINER#10981@53] @offring
[A:HQ#0@54] @build t=1 at=[4, 25] soup=131
[B:MINER#10935@54] @deposit n=21
[A:MINER#10545@54] @deposit n=7
[B:MINER#12241@55] @deposit n=7
[A:MINER#12544@55] @deposit n=70
[A:MINER#11389@55] @miner builder=false
[A:MINER#11389@55] @explore to=[8, 35] unseen=-1
[A:MINER#10545@56] @deposit n=7
[B:MINER#10935@57] @deposit n=7
[A:MINER#11132@58] @build t=2 at=[7, 29] soup=2
[A:MINER#11129@58] @offring
[B:MINER#12241@58] @deposit n=7
[A:MINER#10545@58] @deposit n=7
[B:MINER#11995@58] @deposit n=70
[A:MINER#12544@58] @offring
[B:MINER#10935@59] @deposit n=7
[A:MINER#10713@59] @offring
[A:MINER#11132@60] @deposit n=56
[B:MINER#12241@60] @deposit n=7
[B:MINER#11995@60] @deposit n=7
[B:MINER#12507@60] @deposit n=7
[B:MINER#12512@60] @offring
[B:MINER#10935@61] @build t=4 at=[32, 29] soup=11
[A:MINER#11129@61] @deposit n=42
[A:MINER#10545@61] @deposit n=7
[A:MINER#14005@61] @offring
[A:MINER#11132@62] @deposit n=7
[A:MINER#10713@62] @offring
[B:MINER#10935@63] @deposit n=7
[B:MINER#12241@63] @deposit n=7
[B:MINER#11995@63] @deposit n=7
[B:MINER#12507@63] @deposit n=7
[B:MINER#10981@63] @deposit n=7
[B:MINER#12512@63] @origin x=0 y=0
[A:MINER#11129@64] @deposit n=7
[A:MINER#10545@64] @deposit n=7
[A:MINER#10713@64] @offring
[A:MINER#14005@64] @offring
[A:MINER#11132@65] @deposit n=7
[B:MINER#10935@65] @deposit n=7
[B:MINER#12241@65] @deposit n=7
[B:MINER#11995@65] @deposit n=7
[B:MINER#12507@66] @deposit n=7
[B:MINER#10981@66] @deposit n=7
[A:MINER#11129@67] @deposit n=7
[A:MINER#10545@67] @deposit n=7
[A:MINER#10713@67] @offring
[B:MINER#10935@68] @deposit n=7
[B:MINER#12241@68] @deposit n=7
[B:MINER#11995@68] @deposit n=7
[B:MINER#12507@68] @deposit n=7
[B:MINER#10981@68] @deposit n=7
[A:MINER#11389@68] @offring
[A:MINER#11129@69] @deposit n=7
[A:MINER#10545@69] @deposit n=7
[B:MINER#10935@70] @deposit n=7
[B:MINER#12241@70] @deposit n=7
[B:MINER#11995@70] @deposit n=7
[B:MINER#12507@70] @deposit n=7
[B:MINER#10981@70] @deposit n=7
[A:MINER#10713@70] @offring
[A:MINER#11389@70] @offring
[A:HQ#0@71] @build t=1 at=[5, 25] soup=130
[B:DESIGN_SCHOOL#10172@71] @build t=6 at=[33, 29] soup=56
[A:MINER#11129@72] @deposit n=7
[A:MINER#10545@72] @deposit n=7
[A:MINER#10713@72] @offring
[A:MINER#11336@72] @miner builder=false
[A:MINER#11336@72] @explore to=[2, 39] unseen=-1
[B:MINER#10935@73] @deposit n=7
[B:MINER#12241@73] @deposit n=7
[B:MINER#11995@73] @deposit n=7
[B:MINER#12507@73] @deposit n=7
[B:MINER#10981@73] @deposit n=7
[A:MINER#11389@73] @offring
[A:MINER#11129@74] @deposit n=7
[A:MINER#10545@74] @deposit n=7
[B:MINER#10935@75] @deposit n=7
[B:MINER#12241@75] @deposit n=7
[B:MINER#11995@75] @deposit n=7
[B:MINER#12507@75] @deposit n=7
[B:MINER#10981@75] @deposit n=7
[A:MINER#10713@75] @offring
[A:MINER#11389@75] @offring
[A:MINER#11129@77] @deposit n=7
[A:MINER#10545@77] @deposit n=7
[A:MINER#12544@77] @deposit n=70
[A:MINER#10713@77] @offring
[B:MINER#10935@78] @deposit n=7
[B:MINER#12241@78] @deposit n=7
[B:MINER#11995@78] @deposit n=7
[B:MINER#12507@78] @deposit n=7
[B:MINER#10981@78] @deposit n=7
[A:MINER#11389@78] @offring
[B:DESIGN_SCHOOL#10172@78] @build t=6 at=[33, 30] soup=3
[B:MINER#10935@80] @deposit n=7
[A:MINER#11129@80] @deposit n=7
[B:MINER#12241@80] @deposit n=7
[A:MINER#10545@80] @deposit n=7
[B:MINER#11995@80] @deposit n=7
[B:MINER#12507@80] @deposit n=7
[A:MINER#12544@80] @deposit n=7
[B:MINER#10981@80] @deposit n=7
[A:MINER#10713@80] @offring
[A:MINER#11389@81] @origin x=0 y=0
[A:MINER#11389@81] @offring
[A:MINER#11129@82] @deposit n=7
[A:MINER#10545@82] @deposit n=7
[B:LANDSCAPER#10277@82] @seated at=[34, 27]
[B:MINER#10935@83] @deposit n=7
[B:MINER#12241@83] @deposit n=7
[B:MINER#11995@83] @deposit n=7
[B:MINER#12507@83] @deposit n=7
[A:MINER#12544@83] @deposit n=7
[B:MINER#10981@83] @deposit n=7
[A:MINER#11336@83] @offring
[A:MINER#14005@84] @deposit n=70
[A:MINER#11389@84] @offring
[B:MINER#10935@85] @deposit n=7
[A:MINER#11129@85] @deposit n=7
[B:MINER#12241@85] @deposit n=7
[A:MINER#10545@85] @deposit n=7
[B:MINER#11995@85] @deposit n=7
[B:MINER#12507@85] @deposit n=7
[B:MINER#10981@85] @deposit n=7
[A:MINER#12544@86] @deposit n=7
[A:MINER#14005@86] @deposit n=7
[A:MINER#11336@86] @offring
[B:MINER#10935@88] @deposit n=7
[A:MINER#11129@88] @deposit n=7
[B:MINER#12241@88] @deposit n=7
[A:MINER#10545@88] @deposit n=7
[B:MINER#11995@88] @deposit n=7
[B:MINER#12507@88] @deposit n=7
[B:MINER#10981@88] @deposit n=7
[B:DESIGN_SCHOOL#10172@88] @build t=6 at=[33, 29] soup=3
[A:MINER#12544@89] @deposit n=7
[A:MINER#14005@89] @deposit n=7
[A:MINER#11336@89] @offring
[B:MINER#10935@90] @deposit n=7
[B:MINER#12241@90] @deposit n=7
[B:MINER#11995@90] @deposit n=7
[B:MINER#12507@90] @deposit n=7
[B:MINER#10981@90] @deposit n=7
[B:LANDSCAPER#11405@90] @seated at=[35, 27]
[A:MINER#11129@91] @deposit n=7
[A:MINER#10545@91] @deposit n=7
[A:MINER#12544@91] @deposit n=7
[B:MINER#12512@91] @deposit n=70
[A:MINER#14005@92] @deposit n=7
[A:MINER#11336@92] @offring
[B:MINER#10935@93] @deposit n=7
[A:MINER#11129@93] @deposit n=7
[B:MINER#12241@93] @deposit n=7
[A:MINER#10545@93] @deposit n=7
[B:MINER#11995@93] @deposit n=7
[B:MINER#12507@93] @deposit n=7
[B:MINER#10981@93] @deposit n=7
[A:MINER#12544@94] @deposit n=7
[B:MINER#10935@95] @deposit n=7
[B:MINER#12241@95] @deposit n=7
[B:MINER#11995@95] @deposit n=7
[B:MINER#12507@95] @deposit n=7
[A:MINER#14005@95] @deposit n=7
[A:MINER#11336@95] @offring
[A:MINER#11129@96] @deposit n=7
[A:MINER#10545@96] @deposit n=7
[B:MINER#10981@96] @deposit n=7
[B:DESIGN_SCHOOL#10172@96] @build t=6 at=[33, 30] soup=16
[A:MINER#11132@97] @build t=4 at=[6, 26] soup=356
[A:MINER#12544@97] @deposit n=7
[A:MINER#14005@97] @deposit n=7
[B:MINER#10935@98] @deposit n=7
[B:MINER#12241@98] @deposit n=7
[B:MINER#11995@98] @deposit n=7
[B:MINER#12507@98] @deposit n=7
[B:MINER#10981@98] @deposit n=7
[A:MINER#11336@98] @offring
[A:MINER#11129@99] @deposit n=7
[A:MINER#10545@99] @deposit n=7
[A:HQ#0@100] @econ soup=380 built=8 minersSeen=8 ring=0 buried=0 sym=7
[A:HQ#0@100] @bc t=0 used=1049 max=4610 near=0 over=0
[B:HQ#1@100] @econ soup=80 built=6 minersSeen=6 ring=2 buried=0 sym=7
[B:HQ#1@100] @bc t=0 used=1293 max=4519 near=0 over=0
[A:MINER#11132@100] @minerstat builder=true mined=31 deposits=5 explores=1 soupMem=4 unreachable=0
[B:MINER#10935@100] @minerstat builder=true mined=41 deposits=29 explores=1 soupMem=4 unreachable=0
[A:MINER#11129@100] @minerstat builder=false mined=40 deposits=17 explores=1 soupMem=4 unreachable=0
[B:MINER#12241@100] @minerstat builder=false mined=40 deposits=21 explores=2 soupMem=4 unreachable=0
[A:MINER#10545@100] @minerstat builder=false mined=31 deposits=31 explores=1 soupMem=4 unreachable=0
[B:MINER#11995@100] @minerstat builder=false mined=37 deposits=18 explores=1 soupMem=4 unreachable=0
[B:MINER#12507@100] @minerstat builder=false mined=27 deposits=17 explores=4 soupMem=4 unreachable=0
[A:MINER#12544@100] @minerstat builder=false mined=28 deposits=9 explores=1 soupMem=4 unreachable=0
[A:MINER#12544@100] @deposit n=7
[B:MINER#10981@100] @minerstat builder=false mined=16 deposits=15 explores=1 soupMem=4 unreachable=0
[A:MINER#10713@100] @minerstat builder=false mined=10 deposits=0 explores=1 soupMem=4 unreachable=0
[A:MINER#14005@100] @minerstat builder=false mined=16 deposits=6 explores=1 soupMem=4 unreachable=0
[A:MINER#14005@100] @deposit n=7
[B:MINER#12512@100] @minerstat builder=false mined=10 deposits=1 explores=1 soupMem=4 unreachable=0
[A:MINER#11389@100] @minerstat builder=false mined=10 deposits=0 explores=1 soupMem=4 unreachable=0
[A:MINER#11336@100] @minerstat builder=false mined=0 deposits=0 explores=1 soupMem=4 unreachable=0
[B:LANDSCAPER#10277@100] @wallstat seat=[34, 27] attacker=false helper=false helperDeps=0 eq=2 borrow=0 digs=7 deps=6 hqDigs=0 bury=0 elev=7
[B:LANDSCAPER#11405@100] @wallstat seat=[35, 27] attacker=false helper=false helperDeps=0 eq=0 borrow=0 digs=4 deps=3 hqDigs=0 bury=0 elev=6
[B:LANDSCAPER#10641@100] @wallstat seat=[34, 26] attacker=false helper=false helperDeps=0 eq=0 borrow=0 digs=0 deps=0 hqDigs=0 bury=0 elev=3
[B:LANDSCAPER#11373@100] @wallstat seat=null attacker=false helper=false helperDeps=0 eq=0 borrow=0 digs=0 deps=0 hqDigs=0 bury=0 elev=3
[A:MINER#11132@101] @bc t=1 used=1182 max=6628 near=0 over=0
[B:MINER#10935@101] @deposit n=7
[B:MINER#10935@101] @bc t=1 used=1599 max=4059 near=0 over=0
[A:MINER#11129@101] @deposit n=7
[B:MINER#12241@101] @deposit n=7
[A:MINER#10545@101] @deposit n=7
[B:MINER#11995@101] @deposit n=7
[B:MINER#12507@101] @deposit n=7
[B:MINER#10981@101] @deposit n=7
[A:MINER#10713@101] @deposit n=70
[A:MINER#11129@102] @bc t=1 used=1432 max=5042 near=0 over=0
[B:MINER#12241@102] @bc t=1 used=1474 max=5185 near=0 over=0
[B:MINER#10935@103] @deposit n=7
[B:MINER#12241@103] @deposit n=7
[B:MINER#11995@103] @deposit n=7
[B:MINER#12507@103] @deposit n=7
[A:MINER#12544@103] @deposit n=7
[B:MINER#10981@103] @deposit n=7
[A:MINER#14005@103] @deposit n=7
[A:MINER#11129@104] @deposit n=7
[A:MINER#10545@104] @deposit n=7
[A:MINER#10713@104] @deposit n=7
[B:DESIGN_SCHOOL#10172@104] @build t=6 at=[33, 29] soup=14
[B:LANDSCAPER#10641@104] @seated at=[34, 26]
[A:MINER#12544@105] @deposit n=7
[A:MINER#11132@106] @build t=5 at=[5, 27] soup=371
[B:MINER#10935@106] @deposit n=7
[B:MINER#12241@106] @deposit n=7
[B:MINER#11995@106] @deposit n=7
[B:MINER#12507@106] @deposit n=7
[B:MINER#10981@106] @deposit n=7
[A:MINER#14005@106] @deposit n=7
[A:MINER#11129@107] @deposit n=7
[A:MINER#10545@107] @deposit n=7
[A:MINER#10713@107] @deposit n=7
[A:MINER#11389@107] @deposit n=70
[A:DESIGN_SCHOOL#12691@107] @build t=6 at=[7, 25] soup=261
[B:MINER#10935@108] @deposit n=7
[B:MINER#12241@108] @deposit n=7
[B:MINER#11995@108] @deposit n=7
[B:MINER#12507@108] @deposit n=7
[A:MINER#12544@108] @deposit n=7
[A:MINER#14005@108] @deposit n=7
[B:LANDSCAPER#11373@108] @seated at=[36, 27]
[A:DESIGN_SCHOOL#12691@108] @build t=6 at=[7, 26] soup=139
[A:LANDSCAPER#12624@108] @bcprof start=3518 total=9459 role=0 atSeat=true atPost=false
[B:MINER#10981@109] @deposit n=7
[A:DESIGN_SCHOOL#12691@109] @build t=6 at=[7, 27] soup=10
[A:MINER#11129@110] @deposit n=7
[A:MINER#10545@110] @deposit n=7
[A:MINER#10713@110] @deposit n=7
[A:MINER#11389@110] @deposit n=7
[A:LANDSCAPER#10696@110] @bc t=6 used=54 max=0 near=0 over=1
[A:LANDSCAPER#13065@110] @bcprof start=3571 total=9928 role=0 atSeat=true atPost=false
[B:MINER#10935@111] @deposit n=7
[B:MINER#12241@111] @deposit n=7
[B:MINER#11995@111] @deposit n=7
[B:MINER#12507@111] @deposit n=7
[A:MINER#12544@111] @deposit n=7
[B:MINER#10981@111] @deposit n=7
[A:MINER#14005@111] @deposit n=7
[A:MINER#10545@112] @bc t=1 used=1802 max=4929 near=0 over=0
[B:MINER#11995@112] @bc t=1 used=1465 max=4740 near=0 over=0
[B:MINER#10935@113] @deposit n=7
[A:MINER#11129@113] @deposit n=7
[B:MINER#12241@113] @deposit n=7
[A:MINER#10545@113] @deposit n=7
[B:MINER#11995@113] @deposit n=7
[A:MINER#10713@113] @deposit n=7
[A:MINER#11389@113] @deposit n=7
[B:MINER#12507@114] @deposit n=7
[A:MINER#12544@114] @deposit n=7
[B:MINER#10981@114] @deposit n=7
[A:MINER#14005@114] @deposit n=7
[B:DESIGN_SCHOOL#10172@114] @build t=6 at=[33, 30] soup=14
[B:MINER#10935@116] @deposit n=7
[A:MINER#11129@116] @deposit n=7
[B:MINER#12241@116] @deposit n=7
[A:MINER#10545@116] @deposit n=7
[B:MINER#11995@116] @deposit n=7
[B:MINER#12507@116] @deposit n=7
[B:MINER#10981@116] @deposit n=7
[A:MINER#10713@116] @deposit n=7
[A:MINER#11389@116] @deposit n=7
[A:FULFILLMENT_CENTER#13698@116] @build t=7 at=[4, 28] soup=9
[A:MINER#12544@117] @deposit n=7
[A:MINER#14005@117] @deposit n=7
[B:MINER#10935@118] @deposit n=7
[B:MINER#12241@118] @deposit n=7
[B:MINER#11995@118] @deposit n=7
[A:MINER#11129@119] @deposit n=7
[A:MINER#10545@119] @deposit n=7
[B:MINER#12507@119] @deposit n=7
[B:MINER#10981@119] @deposit n=7
[A:MINER#10713@119] @deposit n=7
[A:MINER#11389@119] @deposit n=7
[A:MINER#12544@120] @deposit n=7
[A:MINER#14005@120] @deposit n=7
[B:LANDSCAPER#13732@120] @origin x=0 y=0
[B:MINER#10935@121] @deposit n=7
[A:MINER#11129@121] @deposit n=7
[B:MINER#12241@121] @deposit n=7
[A:MINER#10545@121] @deposit n=7
[B:MINER#11995@121] @deposit n=7
[B:MINER#12507@121] @deposit n=7
[B:MINER#10981@121] @deposit n=7
[A:MINER#10713@121] @deposit n=7
[A:MINER#11389@121] @deposit n=7
[A:MINER#12544@123] @deposit n=7
[A:MINER#14005@123] @deposit n=7
[B:MINER#10935@124] @deposit n=7
[A:MINER#11129@124] @deposit n=7
[B:MINER#12241@124] @deposit n=7
[A:MINER#10545@124] @deposit n=7
[B:MINER#11995@124] @deposit n=7
[B:MINER#12507@124] @deposit n=7
[B:MINER#10981@124] @deposit n=7
[A:MINER#10713@124] @deposit n=7
[A:MINER#11389@124] @deposit n=7
[A:MINER#12544@125] @deposit n=7
[B:DESIGN_SCHOOL#10172@125] @build t=6 at=[33, 29] soup=15
[A:FULFILLMENT_CENTER#13698@125] @build t=7 at=[6, 28] soup=8
[B:MINER#10935@126] @deposit n=7
[B:MINER#12241@126] @deposit n=7
[B:MINER#11995@126] @deposit n=7
[B:MINER#12507@126] @deposit n=7
[B:MINER#10981@126] @deposit n=7
[A:MINER#14005@126] @deposit n=7
[A:MINER#11129@127] @deposit n=7
[A:MINER#10545@127] @deposit n=7
[B:MINER#12507@127] @bc t=1 used=1927 max=4096 near=0 over=0
[A:MINER#10713@127] @deposit n=7
[A:MINER#11389@127] @deposit n=7
[A:MINER#12544@128] @deposit n=7
[A:MINER#12544@128] @bc t=1 used=3254 max=4314 near=0 over=0
[A:MINER#14005@128] @deposit n=7
[A:MINER#11336@128] @deposit n=70
[B:MINER#10935@129] @deposit n=7
[B:MINER#12241@129] @deposit n=7
[B:MINER#11995@129] @deposit n=7
[B:MINER#12507@129] @deposit n=7
[B:MINER#10981@129] @deposit n=7
[B:LANDSCAPER#13268@129] @origin x=0 y=0
[A:MINER#11129@130] @deposit n=7
[A:MINER#10545@130] @deposit n=7
[A:MINER#10713@130] @deposit n=7
[A:MINER#11389@130] @deposit n=7
[B:MINER#10935@131] @deposit n=7
[B:MINER#12241@131] @deposit n=7
[B:MINER#11995@131] @deposit n=7
[B:MINER#12507@131] @deposit n=7
[A:MINER#12544@131] @deposit n=7
[B:MINER#10981@131] @deposit n=7
[A:MINER#14005@131] @deposit n=7
[A:MINER#11336@131] @deposit n=7
[A:MINER#11129@133] @deposit n=7
[A:MINER#10545@133] @deposit n=7
[A:MINER#10713@133] @deposit n=7
[A:MINER#11389@133] @deposit n=7
[B:MINER#10935@134] @deposit n=7
[B:MINER#12241@134] @deposit n=7
[B:MINER#11995@134] @deposit n=7
[B:MINER#12507@134] @deposit n=7
[A:MINER#12544@134] @deposit n=7
[B:MINER#10981@134] @deposit n=7
[A:MINER#14005@134] @deposit n=7
[A:MINER#11336@134] @deposit n=7
[A:HQ#0@135] @build t=1 at=[4, 27] soup=131
[B:DESIGN_SCHOOL#10172@135] @build t=6 at=[33, 30] soup=15
[B:MINER#10935@136] @deposit n=7
[A:MINER#11129@136] @deposit n=7
[B:MINER#12241@136] @deposit n=7
[A:MINER#10545@136] @deposit n=7
[B:MINER#11995@136] @deposit n=7
[A:MINER#10713@136] @deposit n=7
[A:MINER#11389@136] @deposit n=7
[A:MINER#12112@136] @origin x=0 y=0
[A:MINER#12112@136] @miner builder=false
[A:MINER#12112@136] @explore to=[4, 20] unseen=23
[B:MINER#12507@137] @deposit n=7
[A:MINER#12544@137] @deposit n=7
[B:MINER#10981@137] @deposit n=7
[A:MINER#14005@137] @deposit n=7
[A:MINER#11336@137] @deposit n=7
[B:MINER#10935@139] @deposit n=7
[A:MINER#11129@139] @deposit n=7
[B:MINER#12241@139] @deposit n=7
[A:MINER#10545@139] @deposit n=7
[B:MINER#11995@139] @deposit n=7
[B:MINER#12507@139] @deposit n=7
[B:MINER#10981@139] @deposit n=7
[A:MINER#10713@139] @deposit n=7
[A:MINER#11389@139] @deposit n=7
[A:MINER#12544@140] @deposit n=7
[A:MINER#14005@140] @deposit n=7
[A:MINER#11336@140] @deposit n=7
[B:LANDSCAPER#10959@141] @origin x=0 y=0
[B:MINER#10935@142] @deposit n=7
[A:MINER#11129@142] @deposit n=7
[B:MINER#12241@142] @deposit n=7
[A:MINER#10545@142] @deposit n=7
[B:MINER#11995@142] @deposit n=7
[B:MINER#12507@142] @deposit n=7
[B:MINER#10981@142] @deposit n=7
[B:MINER#10981@142] @bc t=1 used=1498 max=4808 near=0 over=0
[A:MINER#10713@142] @deposit n=7
[A:MINER#11389@142] @deposit n=7
[A:MINER#12544@143] @deposit n=7
[A:MINER#14005@143] @deposit n=7
[A:MINER#11336@143] @deposit n=7
[B:MINER#10935@144] @deposit n=7
[B:MINER#12241@144] @deposit n=7
[B:MINER#11995@144] @deposit n=7
[B:MINER#12507@144] @deposit n=7
[B:MINER#10981@144] @deposit n=7
[A:MINER#11129@145] @deposit n=7
[A:MINER#10545@145] @deposit n=7
[A:MINER#10713@145] @deposit n=7
[A:MINER#11389@145] @deposit n=7
[A:MINER#12544@146] @deposit n=7
[A:MINER#14005@146] @deposit n=7
[A:MINER#11336@146] @deposit n=7
[A:MINER#12112@146] @offring
[B:MINER#10935@147] @deposit n=7
[B:MINER#12241@147] @deposit n=7
[B:MINER#11995@147] @deposit n=7
[B:MINER#12507@147] @deposit n=7
[B:MINER#10981@147] @deposit n=7
[A:MINER#10713@147] @bc t=1 used=2247 max=4482 near=0 over=0
[A:MINER#11129@148] @deposit n=7
[A:MINER#10545@148] @deposit n=7
[A:MINER#10713@148] @deposit n=7
[A:MINER#11389@148] @deposit n=7
[B:HQ#1@149] @build t=1 at=[36, 25] soup=134
[B:MINER#10935@149] @deposit n=7
[B:MINER#12241@149] @deposit n=7
[B:MINER#11995@149] @deposit n=7
[B:MINER#12507@149] @deposit n=7
[A:MINER#12544@149] @deposit n=7
[A:MINER#14005@149] @deposit n=7
[A:MINER#11336@149] @deposit n=7
[B:LANDSCAPER#10137@149] @origin x=0 y=0
[B:MINER#10981@150] @deposit n=7
[A:MINER#14005@150] @bc t=1 used=1843 max=4917 near=0 over=0
[B:MINER#12512@150] @bc t=1 used=2062 max=4880 near=0 over=0
[B:MINER#13978@150] @miner builder=false
[B:MINER#13978@150] @explore to=[38, 36] unseen=-1
[A:MINER#11129@151] @deposit n=7
[A:MINER#10545@151] @deposit n=7
[A:MINER#10713@151] @deposit n=7
[A:MINER#11389@151] @deposit n=7
[B:MINER#10935@152] @deposit n=7
[B:MINER#12241@152] @deposit n=7
[B:MINER#11995@152] @deposit n=7
[B:MINER#12507@152] @deposit n=7
[A:MINER#12544@152] @deposit n=7
[B:MINER#10981@152] @deposit n=7
[A:MINER#14005@152] @deposit n=7
[A:MINER#11336@152] @deposit n=7
[B:REFINERY#12826@153] @bc t=2 used=16 max=3282 near=0 over=0
[A:MINER#11129@154] @deposit n=7
[A:MINER#10545@154] @deposit n=7
[A:MINER#10713@154] @deposit n=7
[A:MINER#11389@154] @deposit n=7
[A:MINER#11389@154] @bc t=1 used=1523 max=5041 near=0 over=0
[B:MINER#10935@155] @deposit n=7
[B:MINER#12241@155] @deposit n=7
[B:MINER#11995@155] @deposit n=7
[B:MINER#12507@155] @deposit n=7
[A:MINER#12544@155] @deposit n=7
[B:MINER#10981@155] @deposit n=7
[A:MINER#14005@155] @deposit n=7
[A:MINER#11336@155] @deposit n=7
[B:MINER#10935@157] @deposit n=7
[A:MINER#11129@157] @deposit n=7
[B:MINER#12241@157] @deposit n=7
[A:MINER#10545@157] @deposit n=7
[B:MINER#11995@157] @deposit n=7
[B:MINER#12507@157] @deposit n=7
[B:MINER#10981@157] @deposit n=7
[A:MINER#10713@157] @deposit n=7
[A:MINER#11389@157] @deposit n=7
[A:MINER#12544@158] @deposit n=7
[A:MINER#14005@158] @deposit n=7
[B:MINER#12512@158] @deposit n=70
[A:REFINERY#13144@158] @bc t=2 used=26 max=3525 near=0 over=0
[A:MINER#11336@158] @deposit n=7
[B:MINER#13978@159] @offring
[B:HQ#1@160] @build t=1 at=[36, 25] soup=240
[B:MINER#10935@160] @deposit n=7
[A:MINER#11129@160] @deposit n=7
[B:MINER#12241@160] @deposit n=7
[A:MINER#10545@160] @deposit n=7
[B:MINER#11995@160] @deposit n=7
[B:MINER#12507@160] @deposit n=7
[B:MINER#10981@160] @deposit n=7
[A:MINER#10713@160] @deposit n=7
[A:MINER#11389@160] @deposit n=7
[A:MINER#12544@161] @deposit n=7
[A:MINER#14005@161] @deposit n=7
[B:DESIGN_SCHOOL#10172@161] @bc t=4 used=806 max=3756 near=0 over=0
[A:MINER#11336@161] @deposit n=7
[B:MINER#13337@161] @miner builder=false
[B:MINER#13337@161] @explore to=[17, 23] unseen=-1
[B:MINER#10935@163] @deposit n=7
[A:MINER#11129@163] @deposit n=7
[B:MINER#12241@163] @deposit n=7
[A:MINER#10545@163] @deposit n=7
[B:MINER#11995@163] @deposit n=7
[B:MINER#12507@163] @deposit n=7
[B:MINER#10981@163] @deposit n=7
[A:MINER#10713@163] @deposit n=7
[A:MINER#11389@163] @deposit n=7
[A:MINER#11132@164] @build t=3 at=[5, 25] soup=161
[A:MINER#12544@164] @deposit n=7
[A:MINER#14005@164] @deposit n=7
[A:MINER#11336@164] @deposit n=7
[B:MINER#10935@165] @deposit n=7
[B:MINER#12241@165] @deposit n=7
[B:MINER#11995@165] @deposit n=7
[A:MINER#11129@166] @deposit n=7
[A:MINER#10545@166] @deposit n=7
[B:MINER#12507@166] @deposit n=7
[B:MINER#10981@166] @deposit n=7
[A:MINER#10713@166] @deposit n=7
[A:MINER#11389@166] @deposit n=7
[A:MINER#12544@167] @deposit n=7
[A:MINER#14005@167] @deposit n=7
[A:MINER#11336@167] @deposit n=7
[B:MINER#10935@168] @deposit n=7
[B:MINER#12241@168] @deposit n=7
[B:MINER#11995@168] @deposit n=7
[B:MINER#12507@168] @deposit n=7
[B:MINER#10981@168] @deposit n=7
[B:MINER#13978@168] @origin x=0 y=0
[A:MINER#11129@169] @deposit n=7
[A:MINER#10545@169] @deposit n=3
[A:MINER#10713@169] @deposit n=7
[A:MINER#11389@169] @deposit n=7
[A:MINER#11336@169] @deposit n=3
[A:MINER#12544@170] @deposit n=7
[A:MINER#14005@170] @deposit n=7
[A:DESIGN_SCHOOL#12691@170] @build t=6 at=[6, 27] soup=139
[B:MINER#13337@170] @offring
[B:MINER#10935@171] @deposit n=7
[B:MINER#12241@171] @deposit n=7
[B:MINER#11995@171] @deposit n=7
[B:MINER#12507@171] @deposit n=7
[B:MINER#10981@171] @deposit n=7
[A:MINER#10713@171] @deposit n=7
[B:DESIGN_SCHOOL#10172@171] @build t=6 at=[33, 30] soup=306
[A:MINER#11336@171] @bc t=1 used=3456 max=5441 near=0 over=0
[B:LANDSCAPER#10277@171] @bc t=6 used=2098 max=5812 near=0 over=0
[A:MINER#10545@172] @offring
[A:MINER#11389@172] @deposit n=7
[A:LANDSCAPER#10232@172] @bc t=6 used=352 max=0 near=0 over=1
[B:MINER#10935@173] @deposit n=7
[B:MINER#12241@173] @deposit n=7
[B:MINER#11995@173] @deposit n=7
[A:MINER#12544@173] @deposit n=7
[A:MINER#14005@173] @deposit n=7
[B:MINER#12507@174] @deposit n=7
[B:MINER#10981@174] @deposit n=7
[A:MINER#10713@174] @deposit n=7
[A:MINER#11389@174] @deposit n=7
[A:MINER#12544@175] @deposit n=7
[A:MINER#14005@175] @deposit n=7
[B:MINER#10935@176] @deposit n=7
[B:MINER#12241@176] @deposit n=7
[B:MINER#11995@176] @deposit n=7
[B:MINER#12507@176] @deposit n=7
[B:MINER#10981@176] @deposit n=7
[A:MINER#10713@177] @deposit n=7
[A:MINER#11389@177] @deposit n=7
[A:MINER#12544@178] @deposit n=7
[A:MINER#14005@178] @deposit n=7
[B:LANDSCAPER#11405@178] @bc t=6 used=2102 max=4148 near=0 over=0
[B:MINER#10935@179] @deposit n=7
[B:MINER#12241@179] @deposit n=7
[B:MINER#11995@179] @deposit n=7
[B:MINER#12507@179] @deposit n=7
[B:MINER#10981@179] @deposit n=7
[A:MINER#10713@179] @deposit n=7
[A:MINER#11389@179] @deposit n=7
[A:MINER#12544@180] @deposit n=7
[A:MINER#14005@180] @deposit n=7
[B:LANDSCAPER#13732@180] @badseat [34, 25]
[A:LANDSCAPER#10232@180] @seated at=[6, 28]
[B:MINER#10935@181] @deposit n=7
[B:MINER#12241@181] @deposit n=7
[B:MINER#11995@181] @deposit n=7
[B:DESIGN_SCHOOL#10172@181] @build t=6 at=[33, 29] soup=306
[A:DESIGN_SCHOOL#12691@181] @build t=6 at=[6, 27] soup=134
[B:MINER#12507@182] @deposit n=7
[B:MINER#10981@182] @deposit n=7
[A:MINER#10713@182] @deposit n=7
[A:MINER#11389@182] @deposit n=7
[A:MINER#12544@183] @deposit n=7
[A:MINER#14005@183] @deposit n=7
[B:LANDSCAPER#10959@183] @badseat [36, 26]
[A:LANDSCAPER#13762@183] @bc t=6 used=307 max=0 near=0 over=1
[B:MINER#10935@184] @deposit n=7
[B:MINER#12241@184] @deposit n=7
[B:MINER#11995@184] @deposit n=7
[B:MINER#12507@184] @deposit n=7
[B:MINER#10981@184] @deposit n=7
[A:MINER#10713@184] @deposit n=7
[A:MINER#11389@184] @deposit n=7
[B:MINER#13337@184] @origin x=0 y=0
[A:MINER#14005@185] @deposit n=7
[B:LANDSCAPER#13181@185] @origin x=0 y=0
[A:MINER#12544@186] @deposit n=7
[B:MINER#10935@187] @deposit n=7
[B:MINER#12241@187] @deposit n=7
[B:MINER#11995@187] @deposit n=7
[B:MINER#12507@187] @deposit n=7
[B:MINER#10981@187] @deposit n=7
[A:MINER#10713@187] @deposit n=7
[A:MINER#11389@187] @deposit n=7
[A:MINER#12544@188] @deposit n=7
[A:MINER#14005@188] @deposit n=7
[B:LANDSCAPER#10641@188] @bc t=6 used=2375 max=5910 near=0 over=0
[B:LANDSCAPER#10959@188] @helper post=[37, 27]
[A:MINER#12112@188] @deposit n=70
[B:MINER#10935@189] @deposit n=7
[B:MINER#12241@189] @deposit n=7
[B:MINER#11995@189] @deposit n=7
[B:MINER#12507@189] @deposit n=7
[B:MINER#10981@189] @deposit n=7
[A:MINER#10713@189] @deposit n=7
[B:LANDSCAPER#10959@189] @bc t=6 used=1525 max=6222 near=0 over=1
[A:MINER#11389@190] @deposit n=7
[B:LANDSCAPER#10137@190] @badseat [36, 26]
[A:MINER#12544@191] @deposit n=7
[A:MINER#14005@191] @deposit n=7
[B:LANDSCAPER#10137@191] @helper post=[33, 28]
[B:LANDSCAPER#10137@191] @bc t=6 used=3152 max=4314 near=0 over=1
[A:LANDSCAPER#13762@191] @seated at=[5, 28]
[B:MINER#10935@192] @deposit n=7
[B:MINER#12241@192] @deposit n=7
[B:MINER#11995@192] @deposit n=7
[B:MINER#12507@192] @deposit n=7
[B:MINER#10981@192] @deposit n=7
[A:MINER#10713@192] @deposit n=7
[A:MINER#11389@192] @deposit n=7
[B:DESIGN_SCHOOL#10172@192] @build t=6 at=[33, 29] soup=307
[A:DESIGN_SCHOOL#12691@192] @build t=6 at=[6, 27] soup=181
[B:LANDSCAPER#13268@192] @badseat [34, 25]
[A:MINER#12544@193] @deposit n=7
[A:MINER#14005@193] @deposit n=7
[B:LANDSCAPER#13268@193] @helper post=[37, 27]
[B:LANDSCAPER#13268@193] @bc t=6 used=2434 max=6265 near=0 over=1
[A:LANDSCAPER#11838@193] @inner sealed
[A:HQ#0@195] @build t=1 at=[4, 25] soup=160
[B:MINER#10935@195] @deposit n=7
[B:MINER#12241@195] @deposit n=7
[B:MINER#11995@195] @deposit n=7
[B:MINER#12507@195] @deposit n=7
[B:MINER#10981@195] @deposit n=7
[A:MINER#10713@195] @deposit n=7
[A:MINER#11389@195] @deposit n=7
[A:MINER#12544@196] @deposit n=7
[A:MINER#14005@196] @deposit n=7
[B:LANDSCAPER#11373@196] @bc t=6 used=1996 max=4207 near=0 over=0
[A:MINER#13591@196] @miner builder=false
[A:MINER#13591@196] @explore to=[15, 35] unseen=-1
[B:MINER#10935@197] @deposit n=7
[B:MINER#12241@197] @deposit n=7
[B:MINER#11995@197] @deposit n=7
[B:MINER#12507@197] @deposit n=7
[B:MINER#10981@197] @deposit n=7
[A:MINER#10713@197] @deposit n=7
[A:DESIGN_SCHOOL#12691@197] @bc t=4 used=1677 max=4796 near=1 over=0
[A:MINER#11389@198] @deposit n=7
[B:LANDSCAPER#13009@198] @origin x=0 y=0
[A:MINER#12544@199] @deposit n=7
[A:MINER#14005@199] @deposit n=7
[B:LANDSCAPER#13268@199] @bcprof start=14 total=9401 seat=false helper=true attacker=false atSeat=false atPost=false
[A:HQ#0@200] @econ soup=237 built=10 minersSeen=10 ring=5 buried=0 sym=7
[A:HQ#0@200] @bc t=0 used=2036 max=4610 near=0 over=0
[B:HQ#1@200] @econ soup=400 built=8 minersSeen=8 ring=5 buried=0 sym=7
[B:HQ#1@200] @bc t=0 used=2275 max=4519 near=0 over=0
[A:MINER#11132@200] @minerstat builder=true mined=31 deposits=5 explores=1 soupMem=4 unreachable=0
[B:MINER#10935@200] @minerstat builder=true mined=79 deposits=67 explores=1 soupMem=4 unreachable=0
[B:MINER#10935@200] @deposit n=7
[A:MINER#11129@200] @minerstat builder=false mined=74 deposits=41 explores=1 soupMem=2 unreachable=0
[B:MINER#12241@200] @minerstat builder=false mined=78 deposits=59 explores=2 soupMem=4 unreachable=0
[B:MINER#12241@200] @deposit n=7
[A:MINER#10545@200] @minerstat builder=false mined=65 deposits=55 explores=1 soupMem=2 unreachable=0
[B:MINER#11995@200] @minerstat builder=false mined=75 deposits=56 explores=1 soupMem=4 unreachable=0
[B:MINER#11995@200] @deposit n=7
[B:MINER#12507@200] @minerstat builder=false mined=65 deposits=55 explores=4 soupMem=4 unreachable=0
[B:MINER#12507@200] @deposit n=7
[A:MINER#12544@200] @minerstat builder=false mined=63 deposits=45 explores=1 soupMem=2 unreachable=0
[B:MINER#10981@200] @minerstat builder=false mined=54 deposits=53 explores=1 soupMem=4 unreachable=0
[B:MINER#10981@200] @deposit n=7
[A:MINER#10713@200] @minerstat builder=false mined=45 deposits=35 explores=1 soupMem=2 unreachable=0
[A:MINER#10713@200] @deposit n=7
[A:MINER#14005@200] @minerstat builder=false mined=51 deposits=42 explores=1 soupMem=2 unreachable=0
[B:MINER#12512@200] @minerstat builder=false mined=30 deposits=2 explores=1 soupMem=4 unreachable=0
[A:MINER#11389@200] @minerstat builder=false mined=43 deposits=33 explores=1 soupMem=2 unreachable=0
[A:MINER#11389@200] @deposit n=7
[A:MINER#11336@200] @minerstat builder=false mined=24 deposits=15 explores=1 soupMem=2 unreachable=0
[B:LANDSCAPER#10277@200] @wallstat seat=[34, 27] attacker=false helper=false helperDeps=0 eq=20 borrow=0 digs=45 deps=45 hqDigs=0 bury=0 elev=28
[B:LANDSCAPER#11405@200] @wallstat seat=[35, 27] attacker=false helper=false helperDeps=0 eq=16 borrow=0 digs=42 deps=41 hqDigs=0 bury=0 elev=28
[B:LANDSCAPER#10641@200] @wallstat seat=[34, 26] attacker=false helper=false helperDeps=0 eq=36 borrow=0 digs=36 deps=36 hqDigs=0 bury=0 elev=26
[B:LANDSCAPER#11373@200] @wallstat seat=[36, 27] attacker=false helper=false helperDeps=0 eq=11 borrow=0 digs=35 deps=34 hqDigs=0 bury=0 elev=28
[B:LANDSCAPER#13732@200] @wallstat seat=[36, 25] attacker=false helper=false helperDeps=0 eq=0 borrow=0 digs=8 deps=7 hqDigs=0 bury=0 elev=10
[A:LANDSCAPER#12624@200] @wallstat role=0 seat=[7, 25] post=null digs=34 deps=9 eq=6 borrow=0 helperDeps=0 innerDeps=0 hqDigs=0 bury=0 idle=21 elev=6
[A:LANDSCAPER#10696@200] @wallstat role=0 seat=[7, 26] post=null digs=28 deps=3 eq=0 borrow=0 helperDeps=0 innerDeps=0 hqDigs=0 bury=0 idle=37 elev=6
[A:LANDSCAPER#13065@200] @wallstat role=0 seat=[7, 27] post=null digs=34 deps=9 eq=6 borrow=0 helperDeps=0 innerDeps=0 hqDigs=0 bury=0 idle=19 elev=6
[B:LANDSCAPER#13268@200] @wallstat seat=null attacker=false helper=true helperDeps=0 eq=0 borrow=0 digs=0 deps=0 hqDigs=0 bury=0 elev=3
[A:DELIVERY_DRONE#12686@200] @dronestat at=[21, 15] pickups=0 drops=0 ferried=0 raidKills=0 raiding=false holding=false guess=[35, 5]
[B:LANDSCAPER#10959@200] @wallstat seat=null attacker=false helper=true helperDeps=0 eq=0 borrow=0 digs=0 deps=0 hqDigs=0 bury=0 elev=3
[A:DELIVERY_DRONE#10806@200] @dronestat at=[15, 17] pickups=0 drops=0 ferried=0 raidKills=0 raiding=false holding=false guess=[35, 5]
[A:MINER#12112@200] @minerstat builder=false mined=10 deposits=1 explores=1 soupMem=2 unreachable=0
[B:LANDSCAPER#10137@200] @wallstat seat=null attacker=false helper=true helperDeps=0 eq=0 borrow=0 digs=0 deps=0 hqDigs=0 bury=0 elev=3
[B:MINER#13978@200] @minerstat builder=false mined=3 deposits=0 explores=1 soupMem=4 unreachable=0
[B:MINER#13337@200] @minerstat builder=false mined=9 deposits=0 explores=1 soupMem=4 unreachable=0
[A:LANDSCAPER#10232@200] @wallstat role=0 seat=[6, 28] post=null digs=12 deps=3 eq=3 borrow=0 helperDeps=0 innerDeps=0 hqDigs=0 bury=0 idle=0 elev=6
[B:LANDSCAPER#13181@200] @wallstat seat=[36, 26] attacker=false helper=false helperDeps=0 eq=0 borrow=0 digs=0 deps=0 hqDigs=0 bury=0 elev=3
[B:LANDSCAPER#13009@200] @wallstat seat=[36, 26] attacker=false helper=false helperDeps=0 eq=0 borrow=0 digs=0 deps=0 hqDigs=0 bury=0 elev=3
[A:LANDSCAPER#13762@200] @wallstat role=0 seat=[5, 28] post=null digs=3 deps=3 eq=3 borrow=0 helperDeps=0 innerDeps=0 hqDigs=0 bury=0 idle=0 elev=6
[B:LANDSCAPER#11830@200] @wallstat seat=[36, 26] attacker=false helper=false helperDeps=0 eq=0 borrow=0 digs=0 deps=0 hqDigs=0 bury=0 elev=3
[A:LANDSCAPER#11838@200] @wallstat role=2 seat=null post=null digs=0 deps=0 eq=0 borrow=0 helperDeps=0 innerDeps=0 hqDigs=0 bury=0 idle=0 elev=3
[A:MINER#13591@200] @minerstat builder=false mined=0 deposits=0 explores=1 soupMem=1 unreachable=0
[A:MINER#11132@201] @bc t=1 used=1798 max=6628 near=0 over=0
[B:MINER#10935@201] @bc t=1 used=2491 max=4059 near=0 over=0
[A:MINER#12544@201] @deposit n=7
[A:MINER#14005@201] @deposit n=7
[B:MINER#10935@202] @deposit n=7
[A:MINER#11129@202] @bc t=1 used=2376 max=5088 near=0 over=0
[B:MINER#12241@202] @deposit n=7
[B:MINER#12241@202] @bc t=1 used=1770 max=5185 near=0 over=0
[B:MINER#11995@202] @deposit n=7
[B:DESIGN_SCHOOL#10172@202] @build t=6 at=[33, 30] soup=307
[B:MINER#12507@203] @deposit n=7
[B:MINER#10981@203] @deposit n=7
[A:MINER#10713@203] @deposit n=7
[B:MINER#12512@203] @deposit n=70
[A:MINER#11389@203] @deposit n=7
[A:MINER#12544@204] @deposit n=7
[A:MINER#14005@204] @deposit n=7
[B:LANDSCAPER#13732@204] @bc t=6 used=1697 max=6109 near=0 over=0
[B:MINER#10935@205] @deposit n=7
[B:MINER#12241@205] @deposit n=7
[B:MINER#11995@205] @deposit n=7
[B:MINER#12507@205] @deposit n=7
[A:MINER#10713@205] @deposit n=7
[A:MINER#11389@205] @deposit n=7
[B:MINER#10981@206] @deposit n=7
[A:MINER#14005@206] @deposit n=7
[A:FULFILLMENT_CENTER#13698@206] @bc t=5 used=1260 max=4908 near=1 over=0
[A:MINER#13591@206] @offring
[A:MINER#12544@207] @deposit n=7
[A:LANDSCAPER#12624@207] @bc t=6 used=1836 max=9507 near=1 over=0
[B:MINER#10935@208] @deposit n=7
[B:MINER#12241@208] @deposit n=7
[B:MINER#11995@208] @deposit n=7
[B:MINER#12507@208] @deposit n=6
[A:MINER#10713@208] @deposit n=7
[A:MINER#11389@208] @deposit n=6
[B:LANDSCAPER#11830@208] @origin x=0 y=0
[A:MINER#13591@208] @offring
[A:MINER#12544@209] @deposit n=7
[A:MINER#14005@209] @deposit n=7
[B:DESIGN_SCHOOL#10172@209] @build t=6 at=[33, 29] soup=304
[A:LANDSCAPER#10696@209] @bc t=6 used=1836 max=2944 near=0 over=1
[A:LANDSCAPER#13065@210] @bc t=6 used=1950 max=9976 near=1 over=0
[B:MINER#13978@210] @deposit n=55
[B:MINER#10935@211] @deposit n=7
[B:MINER#12241@211] @deposit n=7
[B:MINER#11995@211] @deposit n=7
[B:LANDSCAPER#13268@211] @posted at=[34, 24]
[B:LANDSCAPER#10959@211] @bc t=6 used=7 max=6222 near=0 over=2
[A:MINER#13591@211] @offring
[A:MINER#10545@212] @bc t=1 used=2159 max=5078 near=0 over=0
[B:MINER#11995@212] @bc t=1 used=2027 max=4740 near=0 over=0
[A:MINER#12544@212] @deposit n=7
[A:MINER#14005@212] @deposit n=7
[B:MINER#13337@213] @deposit n=70
[A:MINER#13591@213] @offring
[B:MINER#10935@214] @deposit n=7
[B:MINER#12241@214] @deposit n=7
[B:MINER#11995@214] @deposit n=7
[A:MINER#12544@214] @deposit n=7
[A:MINER#14005@214] @deposit n=7
[B:LANDSCAPER#13268@215] @bc t=6 used=1629 max=9460 near=1 over=1
[A:DELIVERY_DRONE#12686@216] @bc t=7 used=2116 max=7422 near=0 over=0
[A:MINER#13591@216] @offring
[B:MINER#10935@217] @deposit n=7
[A:MINER#11129@217] @deposit n=70
[B:MINER#12241@217] @deposit n=7
[B:MINER#11995@217] @deposit n=7
[A:MINER#12544@217] @deposit n=7
[A:MINER#14005@217] @deposit n=7
[B:DESIGN_SCHOOL#10172@217] @build t=6 at=[31, 30] soup=309
[A:MINER#13591@218] @offring
[B:MINER#10935@219] @deposit n=7
[B:MINER#12241@219] @deposit n=7
[B:MINER#11995@219] @deposit n=3
[A:MINER#10713@219] @deposit n=7
[A:MINER#13591@221] @offring
[B:MINER#10981@222] @deposit n=31
[A:MINER#13591@223] @offring
[A:MINER#12112@224] @explore to=[12, 20] unseen=21
[B:LANDSCAPER#13240@224] @origin x=0 y=0
[B:MINER#10935@225] @origin x=0 y=0
[A:DELIVERY_DRONE#10806@225] @bc t=7 used=3411 max=8151 near=0 over=0
[B:LANDSCAPER#10137@225] @bcprof start=14 total=9378 seat=false helper=true attacker=false atSeat=false atPost=false
[A:MINER#13591@225] @offring
[B:MINER#12241@227] @explore to=[28, 20] unseen=22
[B:MINER#12507@227] @bc t=1 used=1642 max=4096 near=0 over=0
[B:LANDSCAPER#10959@227] @bc t=6 used=1133 max=7740 near=0 over=2
[B:LANDSCAPER#13181@227] @badseat [36, 26]
[B:MINER#10935@228] @explore to=[44, 28] unseen=23
[A:MINER#10545@228] @deposit n=70
[A:MINER#12544@228] @bc t=1 used=3029 max=4375 near=0 over=0
[A:MINER#14005@228] @explore to=[20, 20] unseen=22
[B:LANDSCAPER#13181@228] @helper post=[37, 26]
[B:LANDSCAPER#13181@228] @bc t=6 used=1467 max=4413 near=0 over=1
[A:MINER#13591@228] @offring
[B:LANDSCAPER#10655@228] @origin x=0 y=0
[B:MINER#12507@230] @origin x=0 y=0
[A:MINER#14005@230] @explore to=[20, 28] unseen=21
[A:MINER#11389@230] @explore to=[4, 20] unseen=22
[A:MINER#13591@230] @offring
[A:MINER#12112@231] @explore to=[12, 12] unseen=20
[A:MINER#11336@232] @explore to=[28, 28] unseen=21
[B:MINER#12241@233] @explore to=[36, 20] unseen=21
[B:MINER#12512@233] @explore to=[20, 28] unseen=22
[B:LANDSCAPER#13009@233] @badseat [36, 26]
[B:LANDSCAPER#13009@233] @helper post=[33, 28]
[A:MINER#13591@233] @offring
[B:LANDSCAPER#13009@234] @bc t=6 used=325 max=6367 near=0 over=1
[A:MINER#14005@235] @explore to=[28, 28] unseen=20
[A:MINER#12112@235] @bc t=1 used=2677 max=6995 near=0 over=0
[A:MINER#13591@235] @offring
[B:MINER#11995@236] @explore to=[44, 28] unseen=22
[A:MINER#10713@236] @explore to=[20, 28] unseen=22
[B:LANDSCAPER#10137@236] @bc t=6 used=2392 max=9437 near=1 over=1
[A:MINER#11129@237] @explore to=[4, 12] unseen=20
[A:MINER#12112@237] @explore to=[20, 12] unseen=19
[A:MINER#13591@237] @offring
[A:MINER#11132@238] @build t=3 at=[4, 27] soup=150
[B:MINER#13978@238] @explore to=[20, 28] unseen=22
[B:MINER#12241@239] @explore to=[36, 12] unseen=20
[A:MINER#10545@240] @explore to=[4, 12] unseen=20
[B:MINER#12507@240] @explore to=[44, 12] unseen=22
[A:MINER#11389@240] @explore to=[12, 20] unseen=21
[A:MINER#13591@240] @offring
[B:MINER#10935@241] @explore to=[28, 28] unseen=22
[A:MINER#12544@241] @explore to=[4, 12] unseen=21
[A:MINER#10713@241] @explore to=[20, 20] unseen=21
[B:MINER#10981@242] @bc t=1 used=2587 max=4808 near=0 over=0
[B:MINER#12512@242] @explore to=[20, 20] unseen=21
[A:MINER#13591@242] @offring
[B:MINER#10981@243] @explore to=[17, 24] unseen=-1
[A:MINER#12112@243] @explore to=[20, 20] unseen=18
[A:MINER#13591@243] @explore to=[4, 20] unseen=23
[A:MINER#13591@244] @offring
[B:MINER#12241@245] @explore to=[44, 12] unseen=19
[A:MINER#11336@245] @explore to=[12, 20] unseen=20
[A:MINER#13591@245] @explore to=[12, 20] unseen=22
[A:MINER#10713@246] @explore to=[12, 20] unseen=20
[B:MINER#10935@247] @explore to=[28, 20] unseen=21
[A:MINER#11129@247] @explore to=[12, 12] unseen=19
[A:MINER#10713@247] @bc t=1 used=3010 max=5765 near=0 over=0
[A:MINER#14005@247] @explore to=[28, 20] unseen=20
[A:MINER#11389@247] @explore to=[12, 12] unseen=20
[B:MINER#13978@247] @explore to=[20, 20] unseen=21
[B:LANDSCAPER#11830@247] @badseat [36, 26]
[B:LANDSCAPER#11830@247] @helper post=[33, 25]
[B:MINER#12512@248] @explore to=[28, 20] unseen=20
[A:MINER#11336@248] @explore to=[12, 12] unseen=19
[A:MINER#12112@248] @explore to=[28, 20] unseen=17
[A:MINER#10713@249] @explore to=[12, 12] unseen=19
[B:MINER#13978@249] @bc t=1 used=600 max=5988 near=0 over=0
[A:MINER#12544@250] @explore to=[12, 12] unseen=20
[A:MINER#14005@250] @bc t=1 used=2505 max=4917 near=0 over=0
[B:MINER#12512@250] @bc t=1 used=2841 max=5375 near=0 over=0
[A:MINER#10545@251] @explore to=[12, 12] unseen=19
[B:MINER#12512@251] @explore to=[28, 12] unseen=19
[A:DELIVERY_DRONE#12686@252] @pickup t=1 id=12512 raid=false
[A:MINER#13591@252] @explore to=[12, 12] unseen=21
[A:MINER#11129@253] @explore to=[12, 4] unseen=18
[B:REFINERY#12826@253] @bc t=2 used=16 max=3282 near=0 over=0
[A:MINER#11389@253] @explore to=[20, 12] unseen=19
[B:MINER#11995@254] @explore to=[36, 20] unseen=20
[A:MINER#11389@254] @bc t=1 used=2938 max=5909 near=0 over=0
[A:MINER#11336@254] @explore to=[20, 12] unseen=18
[A:HQ#0@255] @build t=1 at=[4, 25] soup=162
[B:MINER#11995@255] @explore to=[36, 12] unseen=19
[A:DELIVERY_DRONE#10806@255] @pickup t=6 id=13009 raid=false
[B:LANDSCAPER#10137@255] @posted at=[33, 28]
[B:MINER#13978@255] @explore to=[28, 20] unseen=20
[A:MINER#12544@256] @explore to=[12, 20] unseen=19
[A:MINER#10713@256] @explore to=[20, 12] unseen=18
[A:MINER#13733@256] @miner builder=false
[A:MINER#13733@256] @explore to=[8, 21] unseen=-1
[A:MINER#13591@257] @explore to=[4, 12] unseen=20
[A:MINER#10545@258] @explore to=[12, 4] unseen=18
[A:MINER#11389@258] @explore to=[20, 4] unseen=18
[A:REFINERY#13144@258] @bc t=2 used=26 max=3525 near=0 over=0
[B:MINER#10935@259] @explore to=[28, 12] unseen=19
[A:MINER#11129@259] @explore to=[20, 4] unseen=17
[B:MINER#11995@259] @explore to=[44, 12] unseen=18
[A:MINER#11336@259] @explore to=[20, 4] unseen=17
[A:DELIVERY_DRONE#12686@259] @drown at=[21, 19]
[B:MINER#13978@259] @explore to=[28, 12] unseen=19
[A:MINER#14005@260] @explore to=[12, 12] unseen=19
[B:MINER#13337@260] @explore to=[28, 12] unseen=19
[B:MINER#13337@260] @bc t=1 used=4407 max=5459 near=0 over=0
[B:DESIGN_SCHOOL#10172@261] @bc t=4 used=916 max=3756 near=0 over=0
[A:MINER#12112@261] @explore to=[28, 12] unseen=17
[B:LANDSCAPER#13240@261] @badseat [36, 26]
[A:MINER#12544@262] @explore to=[20, 20] unseen=18
[A:MINER#10713@262] @explore to=[20, 4] unseen=17
[B:DESIGN_SCHOOL#10172@262] @build t=6 at=[33, 29] soup=300
[A:MINER#14005@263] @explore to=[12, 4] unseen=18
[A:MINER#13591@263] @explore to=[4, 4] unseen=19
[A:MINER#11129@264] @explore to=[20, 12] unseen=16
[A:MINER#10545@264] @explore to=[4, 4] unseen=17
[A:MINER#11389@264] @explore to=[12, 4] unseen=17
[B:MINER#13978@264] @explore to=[36, 12] unseen=18
[A:VAPORATOR#10090@264] @bc t=3 used=26 max=3472 near=0 over=0
[B:LANDSCAPER#10655@264] @badseat [36, 26]
[B:LANDSCAPER#13240@264] @helper post=[37, 26]
[B:LANDSCAPER#13240@264] @bcprof start=14 total=9118 seat=false helper=true attacker=false atSeat=false atPost=false
[B:MINER#10935@265] @explore to=[36, 12] unseen=18
[A:MINER#11336@265] @explore to=[12, 4] unseen=16
[B:MINER#13337@266] @explore to=[20, 12] unseen=18
[A:MINER#13733@266] @offring
[A:MINER#12544@267] @explore to=[20, 12] unseen=17
[A:MINER#10713@267] @explore to=[12, 4] unseen=16
[A:MINER#11389@267] @explore to=[4, 4] unseen=16
[A:MINER#13733@268] @offring
[A:MINER#10545@269] @explore to=[20, 4] unseen=16
[A:MINER#14005@269] @explore to=[20, 4] unseen=17
[A:MINER#11336@269] @explore to=[4, 4] unseen=15
[B:LANDSCAPER#11830@269] @posted at=[37, 28]
[B:MINER#10935@270] @explore to=[36, 4] unseen=17
[A:MINER#11129@270] @explore to=[28, 12] unseen=15
[A:MINER#13733@270] @offring
[B:MINER#12241@271] @explore to=[44, 20] unseen=18
[A:MINER#10713@271] @explore to=[4, 4] unseen=15
[A:MINER#11336@271] @bc t=1 used=2956 max=5890 near=0 over=0
[B:LANDSCAPER#10277@271] @bc t=6 used=2298 max=5812 near=0 over=0
[A:LANDSCAPER#10232@271] @bc t=6 used=1861 max=3067 near=0 over=1
[A:MINER#13591@271] @explore to=[12, 4] unseen=18
[A:DELIVERY_DRONE#10806@272] @drown at=[21, 24]
[B:MINER#13337@272] @explore to=[20, 4] unseen=17
[B:LANDSCAPER#13181@272] @bc t=6 used=2041 max=4413 near=0 over=1
[A:MINER#13733@272] @offring
[A:MINER#12544@273] @explore to=[28, 12] unseen=16
[A:MINER#12112@273] @explore to=[12, 4] unseen=16
[B:LANDSCAPER#12352@273] @helper post=[34, 24]
[A:MINER#13733@274] @offring
[B:LANDSCAPER#12352@274] @bcprof start=14 total=9308 seat=false helper=true attacker=false atSeat=false atPost=false
[A:MINER#14005@275] @explore to=[28, 4] unseen=16
[B:MINER#10935@276] @explore to=[28, 4] unseen=16
[B:MINER#10981@276] @explore to=[23, 29] unseen=-1
[A:MINER#13733@276] @offring
[B:MINER#10981@277] @explore to=[40, 40] unseen=-1
[A:MINER#11389@277] @explore to=[4, 12] unseen=15
[A:MINER#12112@277] @explore to=[4, 4] unseen=15
[B:LANDSCAPER#12352@277] @origin x=0 y=0
[B:LANDSCAPER#11405@278] @bc t=6 used=2391 max=4148 near=0 over=0
[B:MINER#13337@278] @explore to=[28, 4] unseen=16
[B:LANDSCAPER#13240@278] @bcprof start=14 total=8616 seat=false helper=true attacker=false atSeat=false atPost=false
[A:MINER#13733@278] @explore to=[18, 25] unseen=-1
[A:MINER#13733@279] @offring
[B:MINER#13337@281] @explore to=[36, 4] unseen=15
[A:MINER#13733@281] @offring
[A:MINER#11129@282] @explore to=[20, 28] unseen=14
[A:LANDSCAPER#13762@282] @bc t=6 used=1664 max=3412 near=0 over=1
[A:MINER#13733@283] @offring
[B:MINER#12241@285] @explore to=[28, 12] unseen=16
[A:MINER#12544@285] @explore to=[28, 20] unseen=16
[A:MINER#13733@285] @offring
[A:MINER#10713@287] @explore to=[4, 12] unseen=14
[A:MINER#14005@287] @explore to=[4, 4] unseen=16
[B:LANDSCAPER#13240@287] @bcprof start=14 total=8577 seat=false helper=true attacker=false atSeat=false atPost=false
[A:MINER#13733@287] @offring
[A:MINER#11129@288] @explore to=[28, 28] unseen=13
[B:LANDSCAPER#10641@288] @bc t=6 used=2389 max=5910 near=0 over=0
[A:MINER#13733@289] @offring
[B:LANDSCAPER#12352@290] @posted at=[33, 24]
[B:MINER#10981@291] @origin x=0 y=0
[A:MINER#13733@291] @offring
[B:LANDSCAPER#11830@292] @bc t=6 used=1624 max=8102 near=0 over=0
[A:LANDSCAPER#11838@292] @bc t=6 used=1211 max=5851 near=0 over=0
[A:MINER#13733@292] @origin x=0 y=0
[A:MINER#14005@293] @explore to=[4, 12] unseen=15
[A:MINER#12112@293] @explore to=[4, 12] unseen=14
[A:MINER#13591@295] @bc t=1 used=4239 max=5664 near=0 over=0
[B:LANDSCAPER#11373@296] @bc t=6 used=2096 max=4207 near=0 over=0
[B:MINER#13337@296] @explore to=[36, 12] unseen=14
[B:MINER#12507@297] @deposit n=70
[B:MINER#10981@297] @explore to=[44, 20] unseen=22
[A:DESIGN_SCHOOL#12691@297] @bc t=4 used=1513 max=4796 near=1 over=0
[A:MINER#12544@298] @explore to=[28, 28] unseen=15
[B:MINER#12241@299] @explore to=[20, 12] unseen=15
[A:HQ#0@300] @econ soup=387 built=11 minersSeen=4 ring=5 buried=0 sym=7
[A:HQ#0@300] @bc t=0 used=1758 max=4610 near=0 over=0
[B:HQ#1@300] @econ soup=398 built=8 minersSeen=2 ring=5 buried=0 sym=7
[B:HQ#1@300] @bc t=0 used=2567 max=4519 near=0 over=0
[A:MINER#11132@300] @minerstat builder=true mined=31 deposits=5 explores=1 soupMem=4 unreachable=0
[B:MINER#10935@300] @minerstat builder=true mined=96 deposits=75 explores=8 soupMem=4 unreachable=0
[A:MINER#11129@300] @minerstat builder=false mined=74 deposits=42 explores=9 soupMem=0 unreachable=0
[A:MINER#11129@300] @explore to=[28, 20] unseen=13
[B:MINER#12241@300] @minerstat builder=false mined=85 deposits=67 explores=9 soupMem=0 unreachable=0
[A:MINER#10545@300] @minerstat builder=false mined=75 deposits=56 explores=6 soupMem=4 unreachable=0
[B:MINER#11995@300] @minerstat builder=false mined=92 deposits=64 explores=5 soupMem=4 unreachable=0
[B:MINER#12507@300] @minerstat builder=false mined=78 deposits=60 explores=5 soupMem=4 unreachable=0
[A:MINER#12544@300] @minerstat builder=false mined=70 deposits=52 explores=9 soupMem=0 unreachable=0
[B:MINER#10981@300] @minerstat builder=false mined=61 deposits=57 explores=5 soupMem=0 unreachable=0
[A:MINER#10713@300] @minerstat builder=false mined=59 deposits=40 explores=10 soupMem=4 unreachable=0
[A:MINER#14005@300] @minerstat builder=false mined=65 deposits=49 explores=11 soupMem=4 unreachable=0
[A:MINER#11389@300] @minerstat builder=false mined=56 deposits=37 explores=9 soupMem=4 unreachable=0
[A:MINER#11336@300] @minerstat builder=false mined=35 deposits=15 explores=8 soupMem=4 unreachable=0
[B:LANDSCAPER#10277@300] @wallstat seat=[34, 27] attacker=false helper=false helperDeps=0 eq=44 borrow=0 digs=87 deps=87 hqDigs=0 bury=0 elev=64
[B:LANDSCAPER#11405@300] @wallstat seat=[35, 27] attacker=false helper=false helperDeps=0 eq=24 borrow=0 digs=84 deps=83 hqDigs=0 bury=0 elev=62
[B:LANDSCAPER#10641@300] @wallstat seat=[34, 26] attacker=false helper=false helperDeps=0 eq=69 borrow=0 digs=78 deps=77 hqDigs=0 bury=0 elev=61
[B:LANDSCAPER#11373@300] @wallstat seat=[36, 27] attacker=false helper=false helperDeps=0 eq=28 borrow=0 digs=77 deps=76 hqDigs=0 bury=0 elev=65
[B:LANDSCAPER#13732@300] @wallstat seat=[36, 25] attacker=false helper=false helperDeps=0 eq=6 borrow=0 digs=50 deps=49 hqDigs=0 bury=0 elev=62
[A:LANDSCAPER#12624@300] @wallstat role=0 seat=[7, 25] post=null digs=34 deps=9 eq=6 borrow=0 helperDeps=0 innerDeps=0 hqDigs=0 bury=0 idle=121 elev=6
[A:LANDSCAPER#10696@300] @wallstat role=0 seat=[7, 26] post=null digs=28 deps=3 eq=0 borrow=0 helperDeps=0 innerDeps=0 hqDigs=0 bury=0 idle=137 elev=6
[A:LANDSCAPER#13065@300] @wallstat role=0 seat=[7, 27] post=null digs=34 deps=9 eq=6 borrow=0 helperDeps=0 innerDeps=0 hqDigs=0 bury=0 idle=119 elev=6
[B:LANDSCAPER#13268@300] @wallstat seat=null attacker=false helper=true helperDeps=36 eq=0 borrow=0 digs=38 deps=1 hqDigs=0 bury=0 elev=4
[A:DELIVERY_DRONE#12686@300] @dronestat at=[21, 16] pickups=1 drops=1 ferried=0 raidKills=0 raiding=false holding=false guess=[35, 5]
[B:LANDSCAPER#10959@300] @wallstat seat=null attacker=false helper=true helperDeps=0 eq=0 borrow=0 digs=0 deps=0 hqDigs=0 bury=0 elev=3
[A:DELIVERY_DRONE#10806@300] @dronestat at=[15, 22] pickups=1 drops=1 ferried=0 raidKills=0 raiding=false holding=false guess=[35, 5]
[A:MINER#12112@300] @minerstat builder=false mined=20 deposits=1 explores=10 soupMem=4 unreachable=0
[B:LANDSCAPER#10137@300] @wallstat seat=null attacker=false helper=true helperDeps=18 eq=0 borrow=0 digs=19 deps=1 hqDigs=0 bury=0 elev=4
[B:MINER#13978@300] @minerstat builder=false mined=18 deposits=1 explores=6 soupMem=4 unreachable=0
[B:MINER#13337@300] @minerstat builder=false mined=19 deposits=1 explores=7 soupMem=4 unreachable=0
[A:LANDSCAPER#10232@300] @wallstat role=0 seat=[6, 28] post=null digs=28 deps=3 eq=3 borrow=0 helperDeps=0 innerDeps=0 hqDigs=0 bury=0 idle=79 elev=6
[B:LANDSCAPER#13181@300] @wallstat seat=null attacker=false helper=true helperDeps=31 eq=0 borrow=0 digs=32 deps=1 hqDigs=0 bury=0 elev=4
[A:LANDSCAPER#13762@300] @wallstat role=0 seat=[5, 28] post=null digs=28 deps=3 eq=3 borrow=0 helperDeps=0 innerDeps=0 hqDigs=0 bury=0 idle=69 elev=6
[B:LANDSCAPER#11830@300] @wallstat seat=null attacker=false helper=true helperDeps=12 eq=0 borrow=0 digs=13 deps=1 hqDigs=0 bury=0 elev=4
[A:LANDSCAPER#11838@300] @wallstat role=2 seat=null post=null digs=0 deps=0 eq=0 borrow=0 helperDeps=0 innerDeps=0 hqDigs=0 bury=0 idle=98 elev=3
[A:MINER#13591@300] @minerstat builder=false mined=10 deposits=0 explores=7 soupMem=4 unreachable=0
[B:LANDSCAPER#10655@300] @wallstat seat=[34, 25] attacker=false helper=false helperDeps=0 eq=0 borrow=0 digs=0 deps=0 hqDigs=0 bury=0 elev=3
[B:LANDSCAPER#13240@300] @wallstat seat=null attacker=false helper=true helperDeps=0 eq=0 borrow=0 digs=0 deps=0 hqDigs=0 bury=0 elev=3
[B:LANDSCAPER#12057@300] @wallstat seat=null attacker=false helper=false helperDeps=0 eq=0 borrow=0 digs=0 deps=0 hqDigs=0 bury=0 elev=3
[A:MINER#13733@300] @minerstat builder=false mined=0 deposits=0 explores=2 soupMem=0 unreachable=0
[B:LANDSCAPER#12352@300] @wallstat seat=null attacker=false helper=true helperDeps=2 eq=0 borrow=0 digs=4 deps=1 hqDigs=0 bury=0 elev=4
[A:MINER#11132@301] @bc t=1 used=1648 max=6628 near=0 over=0
[B:MINER#10935@301] @bc t=1 used=2860 max=6545 near=0 over=0
[A:MINER#11129@302] @bc t=1 used=2737 max=5088 near=0 over=0
[B:MINER#12241@302] @bc t=1 used=2570 max=5854 near=0 over=0
[B:LANDSCAPER#10655@302] @bc t=6 used=1821 max=4446 near=0 over=0
[B:LANDSCAPER#13732@304] @bc t=6 used=2105 max=6109 near=0 over=0
[B:MINER#12241@305] @explore to=[20, 20] unseen=14
[A:FULFILLMENT_CENTER#13698@306] @bc t=5 used=1096 max=4908 near=1 over=0
[B:MINER#10935@307] @deposit n=70
[A:LANDSCAPER#12624@307] @bc t=6 used=1996 max=9507 near=1 over=0
[B:MINER#13978@307] @deposit n=70
[A:MINER#13733@307] @explore to=[20, 28] unseen=22
[B:DESIGN_SCHOOL#10172@308] @build t=6 at=[33, 29] soup=306
[A:LANDSCAPER#10696@309] @bc t=6 used=1754 max=2944 near=0 over=1
[B:LANDSCAPER#13240@309] @bc t=6 used=2529 max=9177 near=1 over=0
[A:MINER#12544@310] @explore to=[36, 28] unseen=15
[A:LANDSCAPER#13065@310] @bc t=6 used=1987 max=9976 near=1 over=0
[A:MINER#13733@310] @explore to=[20, 20] unseen=21
[B:MINER#12241@311] @explore to=[12, 20] unseen=13
[A:MINER#10545@312] @bc t=1 used=3540 max=5268 near=0 over=0
[B:MINER#11995@312] @bc t=1 used=3028 max=4740 near=0 over=0
[A:MINER#10545@313] @deposit n=70
[B:MINER#10981@314] @explore to=[36, 12] unseen=20
[A:MINER#11389@314] @deposit n=70
[A:MINER#13733@314] @explore to=[12, 20] unseen=20
[A:HQ#0@315] @build t=1 at=[6, 25] soup=432
[B:LANDSCAPER#13268@315] @bc t=6 used=1969 max=9460 near=1 over=1
[A:MINER#11129@316] @explore to=[36, 28] unseen=13
[B:MINER#10981@316] @explore to=[36, 20] unseen=19
[A:MINER#11336@316] @deposit n=76
[A:DELIVERY_DRONE#12686@316] @bc t=7 used=2411 max=7422 near=0 over=0
[A:MINER#12313@316] @miner builder=false
[A:MINER#12313@316] @explore to=[1, 43] unseen=-1
[A:MINER#13591@317] @deposit n=70
[B:LANDSCAPER#12057@317] @bc t=6 used=572 max=4173 near=0 over=0
[A:MINER#13733@317] @explore to=[12, 12] unseen=19
[B:MINER#11995@319] @deposit n=70
[B:MINER#12241@323] @explore to=[12, 12] unseen=13
[A:MINER#13733@323] @explore to=[20, 12] unseen=18
[A:MINER#11132@324] @build t=3 at=[4, 25] soup=157
[B:MINER#10981@324] @explore to=[28, 20] unseen=18
[A:DELIVERY_DRONE#10806@325] @bc t=7 used=4662 max=8151 near=0 over=0
[B:MINER#13337@325] @deposit n=70
[B:LANDSCAPER#10655@326] @badseat [34, 25]
[A:MINER#12313@326] @offring
[B:MINER#12507@327] @bc t=1 used=1357 max=4650 near=0 over=0
[A:MINER#12544@327] @explore to=[36, 20] unseen=15
[B:LANDSCAPER#10959@327] @bc t=6 used=1552 max=7740 near=0 over=2
[B:LANDSCAPER#10655@327] @helper post=[33, 27]
[A:MINER#11129@328] @explore to=[36, 20] unseen=13
[A:MINER#12544@328] @bc t=1 used=3965 max=5987 near=0 over=0
[A:MINER#13733@328] @explore to=[20, 4] unseen=17
[B:MINER#10981@329] @explore to=[28, 28] unseen=17
[A:MINER#10713@330] @deposit n=70
[B:LANDSCAPER#10209@330] @origin x=0 y=0
[A:MINER#12112@333] @deposit n=70
[A:MINER#13733@333] @explore to=[12, 4] unseen=16
[B:MINER#12241@334] @explore to=[28, 4] unseen=12
[B:MINER#10981@334] @explore to=[20, 28] unseen=16
[A:MINER#12112@335] @bc t=1 used=3260 max=6995 near=0 over=0
[B:LANDSCAPER#10137@336] @bc t=6 used=2001 max=9437 near=1 over=1
[A:MINER#13733@337] @explore to=[4, 4] unseen=15
[B:MINER#12241@338] @explore to=[36, 4] unseen=11
[A:MINER#14005@338] @deposit n=70
[A:VAPORATOR#12139@338] @bc t=3 used=26 max=3489 near=0 over=0
[A:MINER#12544@339] @explore to=[36, 12] unseen=15
[B:MINER#10981@340] @explore to=[20, 20] unseen=15
[B:MINER#13337@341] @explore to=[44, 12] unseen=13
[B:MINER#10981@342] @bc t=1 used=2489 max=4808 near=0 over=0
[A:MINER#11129@345] @explore to=[36, 12] unseen=13
[B:MINER#10981@345] @explore to=[12, 20] unseen=14
[A:MINER#10713@347] @bc t=1 used=2954 max=5979 near=0 over=0
[A:MINER#12313@347] @explore to=[12, 28] unseen=22
[B:MINER#13978@349] @bc t=1 used=4360 max=5988 near=0 over=0
[A:MINER#13733@349] @explore to=[4, 12] unseen=14
[B:MINER#12241@350] @explore to=[44, 4] unseen=10
[A:MINER#14005@350] @bc t=1 used=2768 max=5793 near=0 over=0
[B:MINER#12507@353] @deposit n=70
[B:REFINERY#12826@353] @bc t=2 used=16 max=3282 near=0 over=0
[A:MINER#12112@353] @explore to=[20, 28] unseen=13
[A:MINER#12313@353] @explore to=[12, 20] unseen=21
[A:MINER#12544@354] @explore to=[44, 28] unseen=15
[A:MINER#11389@354] @bc t=1 used=2831 max=5909 near=0 over=0
[A:MINER#13733@355] @bc t=1 used=1464 max=5610 near=0 over=0
[A:MINER#11129@357] @explore to=[44, 28] unseen=13
[A:MINER#14005@357] @explore to=[4, 28] unseen=13
[B:MINER#10935@358] @build t=3 at=[31, 22] soup=166
[A:REFINERY#13144@358] @bc t=2 used=26 max=3525 near=0 over=0
[A:MINER#12313@358] @explore to=[20, 20] unseen=20
[B:MINER#13337@360] @bc t=1 used=760 max=5489 near=0 over=0
[B:DESIGN_SCHOOL#10172@361] @bc t=4 used=962 max=3756 near=0 over=0
[B:LANDSCAPER#12352@362] @bc t=6 used=1746 max=9367 near=1 over=0
[B:MINER#10935@363] @deposit n=70
[A:MINER#12313@363] @explore to=[20, 12] unseen=19
[A:VAPORATOR#10090@364] @bc t=3 used=26 max=3472 near=0 over=0
[A:MINER#12544@365] @explore to=[20, 4] unseen=15
[B:LANDSCAPER#10209@368] @badseat [35, 25]
[B:LANDSCAPER#10209@368] @helper post=[35, 28]
[B:LANDSCAPER#10209@368] @bcprof start=14 total=9176 seat=false helper=true attacker=false atSeat=false atPost=false
[A:MINER#12313@368] @explore to=[12, 12] unseen=18
[A:MINER#11129@369] @explore to=[44, 28] unseen=13
[A:DELIVERY_DRONE#12686@370] @pickup t=1 id=10981 raid=false
[B:MINER#11995@371] @deposit n=70
[A:MINER#11336@371] @bc t=1 used=2833 max=5890 near=0 over=0
[B:LANDSCAPER#10277@371] @bc t=6 used=2247 max=5812 near=0 over=0
[A:LANDSCAPER#10232@371] @bc t=6 used=1701 max=3067 near=0 over=1
[B:LANDSCAPER#13181@372] @bc t=6 used=1938 max=4413 near=0 over=1
[A:MINER#12313@372] @explore to=[12, 4] unseen=17
[A:DELIVERY_DRONE#12686@373] @drown at=[21, 31]
[A:HQ#0@375] @build t=1 at=[4, 26] soup=716
[A:MINER#13591@376] @deposit n=70
[A:MINER#12284@376] @miner builder=false
[A:MINER#12284@376] @explore to=[7, 6] unseen=-1
[B:MINER#13337@377] @deposit n=70
[A:MINER#12313@377] @explore to=[20, 4] unseen=16
[B:LANDSCAPER#11405@378] @bc t=6 used=2475 max=4148 near=0 over=0
[A:MINER#10545@379] @deposit n=70
[A:MINER#11389@379] @deposit n=70
[B:MINER#12241@380] @deposit n=70
[A:LANDSCAPER#13762@382] @bc t=6 used=1947 max=3412 near=0 over=1
[A:MINER#12313@382] @explore to=[28, 4] unseen=15
[A:FULFILLMENT_CENTER#13698@385] @build t=7 at=[4, 28] soup=816
[A:MINER#12284@386] @offring
[B:LANDSCAPER#10209@387] @posted at=[35, 28]
[B:LANDSCAPER#10641@388] @bc t=6 used=2580 max=5910 near=0 over=0
[A:MINER#13733@388] @deposit n=70
[A:MINER#12544@390] @explore to=[12, 4] unseen=14
[A:MINER#12112@392] @deposit n=70
[B:LANDSCAPER#11830@392] @bc t=6 used=1541 max=8102 near=0 over=0
[A:LANDSCAPER#11838@392] @bc t=6 used=1379 max=5851 near=0 over=0
[A:MINER#12544@393] @explore to=[4, 4] unseen=13
[A:MINER#12313@393] @explore to=[4, 4] unseen=15
[A:MINER#11336@395] @deposit n=70
[A:MINER#13591@395] @bc t=1 used=2930 max=5664 near=0 over=0
[A:MINER#14005@396] @deposit n=70
[B:LANDSCAPER#11373@396] @bc t=6 used=2202 max=4207 near=0 over=0
[A:FULFILLMENT_CENTER#13698@396] @build t=7 at=[4, 28] soup=923
[A:DESIGN_SCHOOL#12691@397] @bc t=4 used=1800 max=4796 near=1 over=0
[A:MINER#10713@399] @deposit n=70
[A:HQ#0@400] @econ soup=1011 built=13 minersSeen=6 ring=5 buried=0 sym=7
[A:HQ#0@400] @bc t=0 used=2108 max=4610 near=0 over=0
[B:HQ#1@400] @econ soup=570 built=8 minersSeen=1 ring=5 buried=0 sym=7
[B:HQ#1@400] @bc t=0 used=2693 max=4519 near=0 over=0
[A:MINER#11132@400] @minerstat builder=true mined=31 deposits=5 explores=1 soupMem=4 unreachable=0
[B:MINER#10935@400] @minerstat builder=true mined=116 deposits=77 explores=8 soupMem=4 unreachable=0
[A:MINER#11129@400] @minerstat builder=false mined=74 deposits=42 explores=15 soupMem=0 unreachable=0
[B:MINER#12241@400] @minerstat builder=false mined=95 deposits=68 explores=15 soupMem=4 unreachable=0
[A:MINER#10545@400] @minerstat builder=false mined=85 deposits=58 explores=6 soupMem=4 unreachable=0
[B:MINER#11995@400] @minerstat builder=false mined=102 deposits=66 explores=5 soupMem=4 unreachable=0
[B:MINER#12507@400] @minerstat builder=false mined=98 deposits=61 explores=5 soupMem=4 unreachable=0
[A:MINER#12544@400] @minerstat builder=false mined=70 deposits=52 explores=16 soupMem=4 unreachable=0
[A:MINER#10713@400] @minerstat builder=false mined=69 deposits=42 explores=10 soupMem=4 unreachable=0
[A:MINER#14005@400] @minerstat builder=false mined=78 deposits=51 explores=12 soupMem=4 unreachable=0
[A:MINER#11389@400] @minerstat builder=false mined=66 deposits=39 explores=9 soupMem=4 unreachable=0
[A:MINER#11389@400] @explore to=[20, 20] unseen=14
[A:MINER#11336@400] @minerstat builder=false mined=45 deposits=17 explores=8 soupMem=4 unreachable=0
[B:LANDSCAPER#10277@400] @wallstat seat=[34, 27] attacker=false helper=false helperDeps=0 eq=77 borrow=0 digs=132 deps=131 hqDigs=0 bury=0 elev=120
[B:LANDSCAPER#11405@400] @wallstat seat=[35, 27] attacker=false helper=false helperDeps=0 eq=24 borrow=0 digs=128 deps=127 hqDigs=0 bury=0 elev=120
[B:LANDSCAPER#10641@400] @wallstat seat=[34, 26] attacker=false helper=false helperDeps=0 eq=90 borrow=0 digs=123 deps=122 hqDigs=0 bury=0 elev=118
[B:LANDSCAPER#11373@400] @wallstat seat=[36, 27] attacker=false helper=false helperDeps=0 eq=60 borrow=0 digs=121 deps=120 hqDigs=0 bury=0 elev=121
[B:LANDSCAPER#13732@400] @wallstat seat=[36, 25] attacker=false helper=false helperDeps=0 eq=7 borrow=0 digs=94 deps=94 hqDigs=0 bury=0 elev=117
[A:LANDSCAPER#12624@400] @wallstat role=0 seat=[7, 25] post=null digs=34 deps=9 eq=6 borrow=0 helperDeps=0 innerDeps=0 hqDigs=0 bury=0 idle=221 elev=6
[A:LANDSCAPER#10696@400] @wallstat role=0 seat=[7, 26] post=null digs=28 deps=3 eq=0 borrow=0 helperDeps=0 innerDeps=0 hqDigs=0 bury=0 idle=237 elev=6
[A:LANDSCAPER#13065@400] @wallstat role=0 seat=[7, 27] post=null digs=34 deps=9 eq=6 borrow=0 helperDeps=0 innerDeps=0 hqDigs=0 bury=0 idle=219 elev=6
[B:LANDSCAPER#13268@400] @wallstat seat=null attacker=false helper=true helperDeps=81 eq=0 borrow=0 digs=82 deps=1 hqDigs=0 bury=0 elev=4
[A:DELIVERY_DRONE#12686@400] @dronestat at=[16, 21] pickups=2 drops=2 ferried=0 raidKills=0 raiding=false holding=false guess=[35, 5]
[B:LANDSCAPER#10959@400] @wallstat seat=null attacker=false helper=true helperDeps=0 eq=0 borrow=0 digs=0 deps=0 hqDigs=0 bury=0 elev=3
[A:DELIVERY_DRONE#10806@400] @dronestat at=[8, 27] pickups=1 drops=1 ferried=0 raidKills=0 raiding=false holding=false guess=[35, 5]
[A:MINER#12112@400] @minerstat builder=false mined=30 deposits=3 explores=11 soupMem=4 unreachable=0
[B:LANDSCAPER#10137@400] @wallstat seat=null attacker=false helper=true helperDeps=62 eq=0 borrow=0 digs=64 deps=1 hqDigs=0 bury=0 elev=4
[B:MINER#13978@400] @minerstat builder=false mined=18 deposits=2 explores=6 soupMem=4 unreachable=0
[B:MINER#13337@400] @minerstat builder=false mined=30 deposits=3 explores=8 soupMem=4 unreachable=0
[A:LANDSCAPER#10232@400] @wallstat role=0 seat=[6, 28] post=null digs=28 deps=3 eq=3 borrow=0 helperDeps=0 innerDeps=0 hqDigs=0 bury=0 idle=179 elev=6
[B:LANDSCAPER#13181@400] @wallstat seat=null attacker=false helper=true helperDeps=75 eq=0 borrow=0 digs=76 deps=1 hqDigs=0 bury=0 elev=4
[A:LANDSCAPER#13762@400] @wallstat role=0 seat=[5, 28] post=null digs=28 deps=3 eq=3 borrow=0 helperDeps=0 innerDeps=0 hqDigs=0 bury=0 idle=169 elev=6
[B:LANDSCAPER#11830@400] @wallstat seat=null attacker=false helper=true helperDeps=56 eq=0 borrow=0 digs=58 deps=1 hqDigs=0 bury=0 elev=4
[A:LANDSCAPER#11838@400] @wallstat role=2 seat=null post=null digs=0 deps=0 eq=0 borrow=0 helperDeps=0 innerDeps=0 hqDigs=0 bury=0 idle=198 elev=3
[A:MINER#13591@400] @minerstat builder=false mined=20 deposits=2 explores=7 soupMem=4 unreachable=0
[B:LANDSCAPER#10655@400] @wallstat seat=null attacker=false helper=true helperDeps=0 eq=0 borrow=0 digs=0 deps=0 hqDigs=0 bury=0 elev=3
[B:LANDSCAPER#13240@400] @wallstat seat=null attacker=false helper=true helperDeps=0 eq=0 borrow=0 digs=0 deps=0 hqDigs=0 bury=0 elev=3
[B:LANDSCAPER#12057@400] @wallstat seat=null attacker=false helper=false helperDeps=0 eq=0 borrow=0 digs=0 deps=0 hqDigs=0 bury=0 elev=3
[A:MINER#13733@400] @minerstat builder=false mined=10 deposits=1 explores=11 soupMem=4 unreachable=0
[B:LANDSCAPER#12352@400] @wallstat seat=null attacker=false helper=true helperDeps=47 eq=0 borrow=0 digs=48 deps=1 hqDigs=0 bury=0 elev=4
[B:LANDSCAPER#10209@400] @wallstat seat=null attacker=false helper=true helperDeps=5 eq=0 borrow=0 digs=6 deps=1 hqDigs=0 bury=0 elev=4
[A:MINER#12313@400] @minerstat builder=false mined=2 deposits=0 explores=10 soupMem=4 unreachable=0
[A:MINER#12284@400] @minerstat builder=false mined=0 deposits=0 explores=1 soupMem=0 unreachable=0
[A:DELIVERY_DRONE#13891@400] @dronestat at=[7, 28] pickups=0 drops=0 ferried=0 raidKills=0 raiding=false holding=false guess=null
[A:DELIVERY_DRONE#13891@400] @lift id=11838 from=[6, 27]
[A:DELIVERY_DRONE#12052@400] @dronestat at=[4, 28] pickups=0 drops=0 ferried=0 raidKills=0 raiding=false holding=false guess=null
[A:MINER#11132@401] @bc t=1 used=3805 max=6628 near=0 over=0
[B:MINER#10935@401] @bc t=1 used=2886 max=6545 near=0 over=0
[A:DESIGN_SCHOOL#12691@401] @build t=6 at=[6, 27] soup=908
[A:MINER#11129@402] @bc t=1 used=1361 max=5113 near=0 over=0
[B:MINER#12241@402] @bc t=1 used=951 max=5854 near=0 over=0
[B:LANDSCAPER#10655@402] @bc t=6 used=1696 max=8360 near=0 over=0
[A:LANDSCAPER#11770@402] @inner sealed
[B:LANDSCAPER#13732@404] @bc t=6 used=2050 max=6109 near=0 over=0
[A:DELIVERY_DRONE#10806@404] @lift id=11770 from=[6, 27]
[A:DESIGN_SCHOOL#12691@405] @build t=6 at=[6, 27] soup=866
[A:FULFILLMENT_CENTER#13698@406] @bc t=5 used=1638 max=4908 near=1 over=0
[A:LANDSCAPER#13175@406] @inner sealed
[A:FULFILLMENT_CENTER#13698@407] @build t=7 at=[4, 28] soup=750
[A:LANDSCAPER#12624@407] @bc t=6 used=1988 max=9507 near=1 over=0
[B:LANDSCAPER#10209@408] @bc t=6 used=1956 max=9235 near=1 over=0
[A:MINER#12284@408] @explore to=[14, 14] unseen=-1
[A:LANDSCAPER#10696@409] @bc t=6 used=1935 max=2944 near=0 over=1
[B:LANDSCAPER#13240@409] @bc t=6 used=1381 max=9177 near=1 over=0
[A:LANDSCAPER#13065@410] @bc t=6 used=1890 max=9976 near=1 over=0
[A:DELIVERY_DRONE#10806@410] @ferry to=[3, 28]
[A:DELIVERY_DRONE#12052@410] @lift id=13175 from=[6, 27]
[A:LANDSCAPER#11770@410] @origin x=0 y=0
[A:LANDSCAPER#11770@410] @ferried to=[3, 28]
[A:DESIGN_SCHOOL#12691@411] @build t=6 at=[6, 27] soup=628
[A:MINER#13733@411] @explore to=[28, 12] unseen=12
[A:DELIVERY_DRONE#13891@411] @ferry to=[5, 24]
[A:MINER#10545@412] @bc t=1 used=1291 max=5268 near=0 over=0
[B:MINER#11995@412] @bc t=1 used=2555 max=5049 near=0 over=0
[A:LANDSCAPER#11838@412] @ferried to=[5, 24]
[A:LANDSCAPER#10036@412] @inner sealed
[B:MINER#12507@414] @deposit n=70
[B:LANDSCAPER#13268@415] @bc t=6 used=2189 max=9460 near=1 over=1
[A:MINER#12313@415] @bc t=1 used=3143 max=6710 near=0 over=0
[A:DELIVERY_DRONE#12686@416] @bc t=7 used=488 max=7422 near=0 over=0
[B:MINER#10935@417] @build t=3 at=[31, 23] soup=181
[B:LANDSCAPER#12057@417] @bc t=6 used=491 max=4173 near=0 over=0
[A:FULFILLMENT_CENTER#13698@418] @build t=7 at=[4, 28] soup=527
[A:DELIVERY_DRONE#10806@419] @lift id=10036 from=[6, 27]
[A:DESIGN_SCHOOL#12691@420] @build t=6 at=[6, 27] soup=391
[B:MINER#10935@421] @deposit n=70
[A:LANDSCAPER#12065@421] @inner sealed
[A:DELIVERY_DRONE#13891@423] @lift id=12065 from=[6, 27]
[A:DESIGN_SCHOOL#12691@424] @build t=6 at=[6, 27] soup=269
[A:VAPORATOR#12612@424] @bc t=3 used=26 max=3498 near=0 over=0
[A:DELIVERY_DRONE#12052@424] @ferry to=[3, 24]
[A:LANDSCAPER#13175@424] @ferried to=[3, 24]
[A:DELIVERY_DRONE#10806@425] @bc t=7 used=5527 max=8151 near=0 over=0
[A:LANDSCAPER#10427@425] @inner sealed
[B:MINER#12507@427] @bc t=1 used=4307 max=5207 near=0 over=0
[B:LANDSCAPER#10959@427] @bc t=6 used=3013 max=7740 near=0 over=2
[A:MINER#12544@428] @bc t=1 used=3687 max=5987 near=0 over=0
[A:DELIVERY_DRONE#10806@430] @ferry to=[3, 26]
[A:DELIVERY_DRONE#10976@430] @lift id=10427 from=[6, 27]
[A:LANDSCAPER#10036@430] @ferried to=[3, 26]
[B:MINER#11995@431] @deposit n=70
[A:DESIGN_SCHOOL#12691@431] @build t=6 at=[6, 27] soup=167
[A:LANDSCAPER#10623@432] @inner sealed
[A:MINER#12112@435] @bc t=1 used=2705 max=6995 near=0 over=0
[A:DELIVERY_DRONE#13891@435] @ferry to=[3, 25]
[A:LANDSCAPER#12065@435] @ferried to=[3, 25]
[B:LANDSCAPER#10137@436] @bc t=6 used=2090 max=9437 near=1 over=1
[B:MINER#13337@437] @deposit n=70
[A:DELIVERY_DRONE#12078@437] @lift id=10623 from=[6, 27]
[A:DESIGN_SCHOOL#12691@438] @build t=6 at=[6, 27] soup=66
[A:VAPORATOR#12139@438] @bc t=3 used=26 max=3489 near=0 over=0
[B:MINER#12241@439] @deposit n=70
[A:LANDSCAPER#10234@439] @inner sealed
[A:MINER#12313@440] @deposit n=70
[A:DELIVERY_DRONE#10976@441] @ferry to=[3, 27]
[A:LANDSCAPER#10427@441] @ferried to=[3, 27]
[A:DELIVERY_DRONE#10806@442] @lift id=10234 from=[6, 27]
[A:MINER#12544@443] @deposit n=70
[A:DESIGN_SCHOOL#12691@443] @build t=6 at=[6, 27] soup=11
[A:MINER#13591@443] @deposit n=70
[A:LANDSCAPER#13140@444] @inner sealed
[A:MINER#10545@445] @deposit n=70
[A:MINER#10713@447] @bc t=1 used=3711 max=5979 near=0 over=0
[B:MINER#13978@449] @bc t=1 used=4406 max=6250 near=0 over=0
[A:MINER#14005@450] @bc t=1 used=3794 max=5793 near=0 over=0
[A:DELIVERY_DRONE#12052@450] @lift id=13140 from=[6, 27]
[A:DESIGN_SCHOOL#12691@451] @build t=6 at=[6, 27] soup=76
[A:LANDSCAPER#11802@452] @inner sealed
[B:REFINERY#12826@453] @bc t=2 used=16 max=3282 near=0 over=0
[A:MINER#11389@454] @bc t=1 used=4141 max=5909 near=0 over=0
[A:DELIVERY_DRONE#12078@454] @ferry to=[4, 24]
[A:LANDSCAPER#10623@454] @ferried to=[4, 24]
[A:MINER#12112@455] @deposit n=70
[A:MINER#13733@455] @bc t=1 used=4452 max=5610 near=0 over=0
[A:DELIVERY_DRONE#10806@457] @ferry to=[6, 24]
[A:LANDSCAPER#10234@457] @ferried to=[6, 24]
[A:REFINERY#13144@458] @bc t=2 used=26 max=3525 near=0 over=0
[B:VAPORATOR#11090@458] @bc t=3 used=16 max=3311 near=0 over=0
[A:DELIVERY_DRONE#12052@459] @ferry to=[7, 24]
[A:LANDSCAPER#13140@459] @ferried to=[7, 24]
[B:MINER#13337@460] @bc t=1 used=898 max=5489 near=0 over=0
[A:MINER#14005@461] @deposit n=70
[B:DESIGN_SCHOOL#10172@461] @bc t=4 used=953 max=3756 near=0 over=0
[A:MINER#11389@462] @deposit n=70
[B:LANDSCAPER#12352@462] @bc t=6 used=1777 max=9367 near=1 over=0
[A:MINER#10713@464] @deposit n=70
[A:VAPORATOR#10090@464] @bc t=3 used=26 max=3472 near=0 over=0
[A:MINER#13733@464] @deposit n=70
[A:MINER#12284@464] @deposit n=70
[B:MINER#12507@465] @deposit n=70
[A:FULFILLMENT_CENTER#13698@465] @build t=7 at=[4, 28] soup=254
[A:MINER#11336@467] @deposit n=70
[B:MINER#10935@468] @build t=3 at=[32, 22] soup=284
[A:MINER#11336@471] @bc t=1 used=3901 max=5890 near=0 over=0
[B:LANDSCAPER#10277@471] @bc t=6 used=2243 max=5812 near=0 over=0
[A:LANDSCAPER#10232@471] @bc t=6 used=1902 max=3067 near=0 over=1
[B:MINER#10935@472] @deposit n=70
[B:LANDSCAPER#13181@472] @bc t=6 used=2133 max=4413 near=0 over=1
[A:DELIVERY_DRONE#12052@474] @lift id=11802 from=[6, 27]
[A:DESIGN_SCHOOL#12691@475] @build t=6 at=[6, 27] soup=374
[A:MINER#12284@475] @bc t=1 used=3750 max=5885 near=0 over=0
[A:DELIVERY_DRONE#12052@475] @ferry to=[8, 28]
[A:LANDSCAPER#11802@475] @ferried to=[8, 28]
[A:FULFILLMENT_CENTER#13698@476] @build t=7 at=[4, 28] soup=251
[A:LANDSCAPER#11322@476] @inner sealed
[A:DELIVERY_DRONE#12052@477] @lift id=11322 from=[6, 27]
[B:LANDSCAPER#11405@478] @bc t=6 used=2199 max=4148 near=0 over=0
[A:LANDSCAPER#13762@482] @bc t=6 used=2836 max=3412 near=0 over=1
[B:MINER#11995@483] @deposit n=70
[A:FULFILLMENT_CENTER#13698@483] @build t=7 at=[6, 27] soup=250
[A:DELIVERY_DRONE#12279@484] @origin x=0 y=0
[A:DELIVERY_DRONE#13891@485] @bc t=7 used=5123 max=8851 near=0 over=0
[A:DELIVERY_DRONE#12052@485] @ferry to=[8, 29]
[A:LANDSCAPER#11322@485] @ferried to=[8, 29]
[B:MINER#13337@487] @deposit n=70
[B:LANDSCAPER#10641@488] @bc t=6 used=2227 max=5910 near=0 over=0
[A:DELIVERY_DRONE#10844@488] @origin x=0 y=0
[B:MINER#12241@490] @deposit n=70
[B:LANDSCAPER#11830@492] @bc t=6 used=915 max=8102 near=0 over=0
[A:MINER#13591@495] @bc t=1 used=5522 max=5664 near=0 over=0
[B:LANDSCAPER#11373@496] @bc t=6 used=2401 max=4207 near=0 over=0
[A:DESIGN_SCHOOL#12691@497] @bc t=4 used=2148 max=4796 near=1 over=0
[A:DELIVERY_DRONE#12052@497] @bc t=7 used=5176 max=9975 near=2 over=0
[A:HQ#0@500] @econ soup=369 built=13 minersSeen=6 ring=14 buried=0 sym=7
[A:HQ#0@500] @bc t=0 used=3501 max=4610 near=0 over=0
[B:HQ#1@500] @econ soup=796 built=8 minersSeen=1 ring=5 buried=0 sym=7
[B:HQ#1@500] @bc t=0 used=2807 max=4519 near=0 over=0
[A:MINER#11132@500] @minerstat builder=true mined=31 deposits=5 explores=1 soupMem=4 unreachable=0
[B:MINER#10935@500] @minerstat builder=true mined=126 deposits=79 explores=8 soupMem=4 unreachable=0
[A:MINER#11129@500] @minerstat builder=false mined=74 deposits=42 explores=15 soupMem=0 unreachable=0
[B:MINER#12241@500] @minerstat builder=false mined=115 deposits=70 explores=15 soupMem=4 unreachable=0
[A:MINER#10545@500] @minerstat builder=false mined=105 deposits=59 explores=6 soupMem=4 unreachable=0
[B:MINER#11995@500] @minerstat builder=false mined=122 deposits=68 explores=5 soupMem=4 unreachable=0
[B:MINER#12507@500] @minerstat builder=false mined=118 deposits=63 explores=5 soupMem=4 unreachable=0
[A:MINER#12544@500] @minerstat builder=false mined=90 deposits=53 explores=16 soupMem=4 unreachable=0
[A:MINER#10713@500] @minerstat builder=false mined=89 deposits=43 explores=10 soupMem=4 unreachable=0
[A:MINER#14005@500] @minerstat builder=false mined=98 deposits=52 explores=12 soupMem=4 unreachable=0
[A:MINER#11389@500] @minerstat builder=false mined=85 deposits=40 explores=10 soupMem=4 unreachable=0
[A:MINER#11336@500] @minerstat builder=false mined=59 deposits=18 explores=8 soupMem=4 unreachable=0
[B:LANDSCAPER#10277@500] @wallstat seat=[34, 27] attacker=false helper=false helperDeps=0 eq=122 borrow=0 digs=179 deps=179 hqDigs=0 bury=0 elev=184
[B:LANDSCAPER#11405@500] @wallstat seat=[35, 27] attacker=false helper=false helperDeps=0 eq=37 borrow=0 digs=175 deps=174 hqDigs=0 bury=0 elev=184
[B:LANDSCAPER#10641@500] @wallstat seat=[34, 26] attacker=false helper=false helperDeps=0 eq=123 borrow=0 digs=170 deps=170 hqDigs=0 bury=0 elev=182
[B:LANDSCAPER#11373@500] @wallstat seat=[36, 27] attacker=false helper=false helperDeps=0 eq=88 borrow=0 digs=167 deps=166 hqDigs=0 bury=0 elev=184
[B:LANDSCAPER#13732@500] @wallstat seat=[36, 25] attacker=false helper=false helperDeps=0 eq=9 borrow=0 digs=142 deps=141 hqDigs=0 bury=0 elev=180
[A:LANDSCAPER#12624@500] @wallstat role=0 seat=[7, 25] post=null digs=69 deps=69 eq=49 borrow=0 helperDeps=0 innerDeps=0 hqDigs=0 bury=0 idle=221 elev=43
[A:LANDSCAPER#10696@500] @wallstat role=0 seat=[7, 26] post=null digs=63 deps=63 eq=20 borrow=0 helperDeps=0 innerDeps=0 hqDigs=0 bury=0 idle=237 elev=46
[A:LANDSCAPER#13065@500] @wallstat role=0 seat=[7, 27] post=null digs=69 deps=69 eq=25 borrow=0 helperDeps=0 innerDeps=0 hqDigs=0 bury=0 idle=219 elev=47
[B:LANDSCAPER#13268@500] @wallstat seat=null attacker=false helper=true helperDeps=127 eq=0 borrow=0 digs=130 deps=2 hqDigs=0 bury=0 elev=5
[A:DELIVERY_DRONE#12686@500] @dronestat at=[15, 21] pickups=2 drops=2 ferried=0 raidKills=0 raiding=false holding=false guess=[35, 5]
[B:LANDSCAPER#10959@500] @wallstat seat=null attacker=false helper=true helperDeps=0 eq=0 borrow=0 digs=0 deps=0 hqDigs=0 bury=0 elev=3
[A:DELIVERY_DRONE#10806@500] @dronestat at=[11, 22] pickups=4 drops=4 ferried=3 raidKills=0 raiding=false holding=false guess=[35, 5]
[A:MINER#12112@500] @minerstat builder=false mined=50 deposits=4 explores=11 soupMem=4 unreachable=0
[B:LANDSCAPER#10137@500] @wallstat seat=null attacker=false helper=true helperDeps=108 eq=0 borrow=0 digs=110 deps=2 hqDigs=0 bury=0 elev=5
[B:MINER#13978@500] @minerstat builder=false mined=18 deposits=2 explores=6 soupMem=4 unreachable=0
[B:MINER#13337@500] @minerstat builder=false mined=50 deposits=5 explores=8 soupMem=4 unreachable=0
[A:LANDSCAPER#10232@500] @wallstat role=0 seat=[6, 28] post=null digs=63 deps=63 eq=25 borrow=0 helperDeps=0 innerDeps=0 hqDigs=0 bury=0 idle=179 elev=45
[B:LANDSCAPER#13181@500] @wallstat seat=null attacker=false helper=true helperDeps=120 eq=0 borrow=0 digs=122 deps=2 hqDigs=0 bury=0 elev=5
[A:LANDSCAPER#13762@500] @wallstat role=0 seat=[5, 28] post=null digs=63 deps=63 eq=37 borrow=0 helperDeps=0 innerDeps=0 hqDigs=0 bury=0 idle=169 elev=43
[B:LANDSCAPER#11830@500] @wallstat seat=null attacker=false helper=true helperDeps=101 eq=0 borrow=0 digs=104 deps=2 hqDigs=0 bury=0 elev=5
[A:LANDSCAPER#11838@500] @wallstat role=0 seat=[5, 24] post=null digs=42 deps=42 eq=14 borrow=0 helperDeps=0 innerDeps=0 hqDigs=0 bury=0 idle=199 elev=38
[A:MINER#13591@500] @minerstat builder=false mined=40 deposits=3 explores=7 soupMem=4 unreachable=0
[B:LANDSCAPER#10655@500] @wallstat seat=null attacker=false helper=true helperDeps=0 eq=0 borrow=0 digs=0 deps=0 hqDigs=0 bury=0 elev=3
[B:LANDSCAPER#13240@500] @wallstat seat=null attacker=false helper=true helperDeps=0 eq=0 borrow=0 digs=0 deps=0 hqDigs=0 bury=0 elev=3
[B:LANDSCAPER#12057@500] @wallstat seat=null attacker=false helper=false helperDeps=0 eq=0 borrow=0 digs=0 deps=0 hqDigs=0 bury=0 elev=3
[A:MINER#13733@500] @minerstat builder=false mined=29 deposits=2 explores=12 soupMem=4 unreachable=0
[B:LANDSCAPER#12352@500] @wallstat seat=null attacker=false helper=true helperDeps=93 eq=0 borrow=0 digs=96 deps=2 hqDigs=0 bury=0 elev=5
[B:LANDSCAPER#10209@500] @wallstat seat=null attacker=false helper=true helperDeps=50 eq=0 borrow=0 digs=52 deps=2 hqDigs=0 bury=0 elev=5
[A:MINER#12313@500] @minerstat builder=false mined=20 deposits=1 explores=10 soupMem=4 unreachable=0
[A:MINER#12284@500] @minerstat builder=false mined=20 deposits=1 explores=2 soupMem=4 unreachable=0
[A:DELIVERY_DRONE#13891@500] @dronestat at=[19, 14] pickups=2 drops=2 ferried=2 raidKills=0 raiding=false holding=false guess=[35, 5]
[A:DELIVERY_DRONE#12052@500] @dronestat at=[16, 22] pickups=4 drops=4 ferried=4 raidKills=0 raiding=false holding=false guess=[35, 5]
[A:LANDSCAPER#11770@500] @wallstat role=0 seat=[3, 28] post=null digs=40 deps=39 eq=6 borrow=0 helperDeps=0 innerDeps=0 hqDigs=0 bury=0 idle=0 elev=36
[A:LANDSCAPER#13175@500] @wallstat role=0 seat=[3, 24] post=null digs=36 deps=35 eq=3 borrow=0 helperDeps=0 innerDeps=0 hqDigs=0 bury=0 idle=0 elev=35
[A:DELIVERY_DRONE#10976@500] @dronestat at=[8, 25] pickups=1 drops=1 ferried=1 raidKills=0 raiding=false holding=false guess=[35, 5]
[A:LANDSCAPER#10036@500] @wallstat role=0 seat=[3, 26] post=null digs=32 deps=32 eq=1 borrow=0 helperDeps=0 innerDeps=0 hqDigs=0 bury=0 idle=0 elev=34
[A:DELIVERY_DRONE#12078@500] @dronestat at=[18, 18] pickups=1 drops=1 ferried=1 raidKills=0 raiding=false holding=false guess=[35, 5]
[A:LANDSCAPER#12065@500] @wallstat role=0 seat=[3, 25] post=null digs=27 deps=27 eq=0 borrow=0 helperDeps=0 innerDeps=0 hqDigs=0 bury=0 idle=0 elev=34
[A:LANDSCAPER#10427@500] @wallstat role=0 seat=[3, 27] post=null digs=26 deps=25 eq=0 borrow=0 helperDeps=0 innerDeps=0 hqDigs=0 bury=0 idle=0 elev=34
[A:LANDSCAPER#10623@500] @wallstat role=0 seat=[4, 24] post=null digs=20 deps=20 eq=0 borrow=0 helperDeps=0 innerDeps=0 hqDigs=0 bury=0 idle=0 elev=37
[A:LANDSCAPER#10234@500] @wallstat role=0 seat=[6, 24] post=null digs=18 deps=17 eq=7 borrow=0 helperDeps=0 innerDeps=0 hqDigs=0 bury=0 idle=0 elev=40
[A:LANDSCAPER#13140@500] @wallstat role=0 seat=[7, 24] post=null digs=18 deps=18 eq=0 borrow=0 helperDeps=0 innerDeps=0 hqDigs=0 bury=0 idle=0 elev=43
[A:LANDSCAPER#11802@500] @wallstat role=1 seat=null post=[8, 28] digs=13 deps=12 eq=10 borrow=0 helperDeps=10 innerDeps=0 hqDigs=0 bury=0 idle=13 elev=5
[A:DELIVERY_DRONE#12279@500] @dronestat at=[11, 26] pickups=0 drops=0 ferried=0 raidKills=0 raiding=false holding=false guess=[35, 5]
[A:LANDSCAPER#11322@500] @wallstat role=1 seat=null post=[8, 29] digs=4 deps=3 eq=1 borrow=0 helperDeps=1 innerDeps=0 hqDigs=0 bury=0 idle=0 elev=5
[A:DELIVERY_DRONE#10844@500] @dronestat at=[11, 27] pickups=0 drops=0 ferried=0 raidKills=0 raiding=false holding=false guess=[35, 5]
[A:DELIVERY_DRONE#10014@500] @dronestat at=[9, 29] pickups=0 drops=0 ferried=0 raidKills=0 raiding=false holding=false guess=null
[A:MINER#11132@501] @bc t=1 used=3779 max=6628 near=0 over=0
[B:MINER#10935@501] @bc t=1 used=4718 max=6545 near=0 over=0
[A:MINER#11129@502] @bc t=1 used=2824 max=5113 near=0 over=0
[B:MINER#12241@502] @bc t=1 used=2715 max=5854 near=0 over=0
[B:LANDSCAPER#10655@502] @bc t=6 used=2051 max=8360 near=0 over=0
[A:LANDSCAPER#11838@503] @bc t=6 used=2413 max=5851 near=0 over=0
[A:MINER#12313@503] @deposit n=70
[B:LANDSCAPER#13732@504] @bc t=6 used=2415 max=6109 near=0 over=0
[A:FULFILLMENT_CENTER#13698@504] @build t=7 at=[4, 28] soup=267
[B:MINER#10935@505] @build t=3 at=[31, 24] soup=331
[A:FULFILLMENT_CENTER#13698@506] @bc t=5 used=2079 max=4908 near=1 over=0
[A:MINER#10545@507] @deposit n=70
[A:LANDSCAPER#12624@507] @bc t=6 used=2604 max=9507 near=1 over=0
[A:LANDSCAPER#11770@507] @bc t=6 used=2647 max=5610 near=0 over=0
[A:DELIVERY_DRONE#10976@507] @bc t=7 used=5084 max=8932 near=0 over=0
[B:LANDSCAPER#10209@508] @bc t=6 used=2144 max=9235 near=1 over=0
[A:FULFILLMENT_CENTER#13698@509] @build t=7 at=[6, 27] soup=252
[A:LANDSCAPER#10696@509] @bc t=6 used=2708 max=3369 near=0 over=1
[B:LANDSCAPER#13240@509] @bc t=6 used=1312 max=9177 near=1 over=0
[A:LANDSCAPER#13065@510] @bc t=6 used=2057 max=9976 near=1 over=0
[A:MINER#13591@511] @deposit n=70
[A:MINER#10545@512] @bc t=1 used=3941 max=5620 near=0 over=0
[B:MINER#11995@512] @bc t=1 used=895 max=5049 near=0 over=0
[A:MINER#12544@514] @deposit n=70
[B:MINER#12507@515] @deposit n=70
[B:LANDSCAPER#13268@515] @bc t=6 used=1988 max=9460 near=1 over=1
[A:MINER#12313@515] @bc t=1 used=4230 max=6710 near=0 over=0
[A:FULFILLMENT_CENTER#13698@516] @build t=7 at=[4, 28] soup=271
[A:DELIVERY_DRONE#12686@516] @bc t=7 used=585 max=7422 near=0 over=0
[B:LANDSCAPER#12057@517] @bc t=6 used=566 max=4173 near=0 over=0
[B:VAPORATOR#12822@517] @bc t=3 used=16 max=3347 near=0 over=0
[A:DELIVERY_DRONE#12078@518] @bc t=7 used=758 max=9146 near=1 over=0
[A:LANDSCAPER#13175@519] @bc t=6 used=2832 max=5688 near=0 over=0
[A:MINER#12112@522] @deposit n=70
[A:LANDSCAPER#10036@522] @bc t=6 used=2998 max=5792 near=0 over=0
[A:FULFILLMENT_CENTER#13698@524] @build t=7 at=[6, 27] soup=257
[A:VAPORATOR#12612@524] @bc t=3 used=26 max=3498 near=0 over=0
[A:DELIVERY_DRONE#10806@525] @bc t=7 used=3735 max=8151 near=0 over=0
[A:MINER#13733@526] @deposit n=70
[B:MINER#12507@527] @bc t=1 used=2949 max=5207 near=0 over=0
[B:LANDSCAPER#10959@527] @bc t=6 used=1660 max=7740 near=0 over=2
[A:MINER#12544@528] @bc t=1 used=3524 max=5987 near=0 over=0
[A:MINER#14005@530] @deposit n=70
[A:FULFILLMENT_CENTER#13698@530] @build t=7 at=[4, 28] soup=258
[A:LANDSCAPER#12065@532] @bc t=6 used=2592 max=5832 near=0 over=0
[A:MINER#14005@534] @explore to=[28, 12] unseen=12
[B:MINER#11995@535] @deposit n=70
[A:MINER#12112@535] @bc t=1 used=3634 max=6995 near=0 over=0
[A:LANDSCAPER#10427@535] @bc t=6 used=2544 max=5802 near=0 over=0
[B:LANDSCAPER#10137@536] @bc t=6 used=1502 max=9437 near=1 over=1
[A:MINER#12284@536] @deposit n=70
[A:FULFILLMENT_CENTER#13698@538] @build t=7 at=[6, 27] soup=264
[B:MINER#13337@538] @deposit n=70
[A:VAPORATOR#12139@538] @bc t=3 used=26 max=3489 near=0 over=0
[B:DESIGN_SCHOOL#10172@541] @build t=6 at=[33, 29] soup=703
[A:MINER#10713@544] @deposit n=70
[A:MINER#11336@546] @deposit n=70
[A:FULFILLMENT_CENTER#13698@546] @build t=7 at=[4, 28] soup=260
[A:MINER#10713@547] @bc t=1 used=3875 max=5979 near=0 over=0
[A:DELIVERY_DRONE#10331@547] @origin x=0 y=0
[B:MINER#10935@548] @build t=3 at=[32, 21] soup=276
[A:LANDSCAPER#10623@548] @bc t=6 used=2586 max=5839 near=0 over=0
[B:MINER#13978@549] @bc t=1 used=4836 max=6298 near=0 over=0
[B:MINER#12241@550] @deposit n=70
[A:MINER#14005@550] @bc t=1 used=884 max=5793 near=0 over=0
[A:LANDSCAPER#13140@552] @bc t=6 used=2870 max=6239 near=0 over=0
[A:LANDSCAPER#11802@552] @bc t=6 used=2039 max=6098 near=0 over=0
[B:LANDSCAPER#11480@552] @helper post=[34, 24]
[B:REFINERY#12826@553] @bc t=2 used=16 max=3282 near=0 over=0
[A:LANDSCAPER#10234@553] @bc t=6 used=2625 max=6231 near=0 over=0
[A:MINER#11389@554] @bc t=1 used=2969 max=5909 near=0 over=0
[A:FULFILLMENT_CENTER#13698@555] @build t=7 at=[6, 27] soup=252
[A:MINER#13733@555] @bc t=1 used=3175 max=5653 near=0 over=0
[A:REFINERY#13144@558] @bc t=2 used=26 max=3525 near=0 over=0
[B:VAPORATOR#11090@558] @bc t=3 used=16 max=3311 near=0 over=0
[B:MINER#13337@560] @bc t=1 used=894 max=5489 near=0 over=0
[B:DESIGN_SCHOOL#10172@561] @bc t=4 used=1099 max=3756 near=0 over=0
[B:LANDSCAPER#12352@562] @bc t=6 used=2153 max=9367 near=1 over=0
[A:VAPORATOR#10090@564] @bc t=3 used=26 max=3472 near=0 over=0
[B:MINER#12507@565] @deposit n=70
[A:DELIVERY_DRONE#12279@565] @bc t=7 used=5720 max=9154 near=1 over=0
[B:LANDSCAPER#11480@566] @origin x=0 y=0
[A:MINER#10713@567] @explore to=[28, 12] unseen=12
[B:VAPORATOR#12958@568] @bc t=3 used=16 max=3338 near=0 over=0
[A:MINER#11336@571] @bc t=1 used=2931 max=5890 near=0 over=0
[B:LANDSCAPER#10277@571] @bc t=6 used=2433 max=5812 near=0 over=0
[A:LANDSCAPER#10232@571] @bc t=6 used=2753 max=3224 near=0 over=1
[B:LANDSCAPER#13181@572] @bc t=6 used=2334 max=4413 near=0 over=1
[A:MINER#11389@575] @deposit n=70
[A:FULFILLMENT_CENTER#13698@575] @build t=7 at=[4, 28] soup=262
[A:MINER#12284@575] @bc t=1 used=1100 max=5885 near=0 over=0
[A:DELIVERY_DRONE#10844@576] @bc t=7 used=2378 max=9244 near=1 over=0
[B:LANDSCAPER#11405@578] @bc t=6 used=2147 max=4148 near=0 over=0
[A:LANDSCAPER#13762@582] @bc t=6 used=2946 max=3412 near=0 over=1
[A:LANDSCAPER#11322@583] @bc t=6 used=2100 max=6334 near=0 over=0
[A:DELIVERY_DRONE#10014@583] @bc t=7 used=369 max=9201 near=1 over=0
[A:MINER#10545@584] @deposit n=76
[A:FULFILLMENT_CENTER#13698@585] @build t=7 at=[6, 27] soup=272
[A:DELIVERY_DRONE#13891@585] @bc t=7 used=5302 max=8851 near=0 over=0
[B:MINER#11995@586] @deposit n=70
[B:DESIGN_SCHOOL#10172@586] @build t=6 at=[33, 29] soup=702
[A:DELIVERY_DRONE#11299@586] @origin x=0 y=0
[B:MINER#10935@587] @build t=3 at=[30, 24] soup=213
[A:MINER#13591@587] @deposit n=70
[B:LANDSCAPER#10641@588] @bc t=6 used=2524 max=5910 near=0 over=0
[B:MINER#10935@589] @deposit n=70
[A:FULFILLMENT_CENTER#13698@590] @build t=7 at=[4, 28] soup=253
[A:MINER#12112@592] @deposit n=70
[B:LANDSCAPER#11830@592] @bc t=6 used=1586 max=8102 near=0 over=0
[A:MINER#13733@594] @deposit n=70
[A:DELIVERY_DRONE#11243@594] @origin x=0 y=0
[A:MINER#13591@595] @bc t=1 used=4284 max=5730 near=0 over=0
[B:LANDSCAPER#11373@596] @bc t=6 used=2305 max=4207 near=0 over=0
[A:DESIGN_SCHOOL#12691@597] @bc t=4 used=2107 max=4796 near=1 over=0
[A:FULFILLMENT_CENTER#13698@597] @build t=7 at=[6, 27] soup=262
[A:DELIVERY_DRONE#12052@597] @bc t=7 used=639 max=9975 near=2 over=0
[B:LANDSCAPER#11789@597] @helper post=[34, 24]
[A:MINER#12544@598] @deposit n=70
[A:HQ#0@600] @econ soup=323 built=13 minersSeen=10 ring=14 buried=0 sym=7
[A:HQ#0@600] @bc t=0 used=3783 max=4610 near=0 over=0
[B:HQ#1@600] @econ soup=500 built=8 minersSeen=3 ring=5 buried=0 sym=7
[B:HQ#1@600] @bc t=0 used=3353 max=4519 near=0 over=0
[A:MINER#11132@600] @minerstat builder=true mined=31 deposits=5 explores=1 soupMem=4 unreachable=0
[B:MINER#10935@600] @minerstat builder=true mined=136 deposits=80 explores=8 soupMem=4 unreachable=0
[A:MINER#11129@600] @minerstat builder=false mined=74 deposits=42 explores=15 soupMem=0 unreachable=0
[B:MINER#12241@600] @minerstat builder=false mined=135 deposits=71 explores=15 soupMem=4 unreachable=0
[A:MINER#10545@600] @minerstat builder=false mined=116 deposits=61 explores=6 soupMem=2 unreachable=0
[B:MINER#11995@600] @minerstat builder=false mined=142 deposits=70 explores=5 soupMem=4 unreachable=0
[B:MINER#12507@600] @minerstat builder=false mined=138 deposits=65 explores=5 soupMem=4 unreachable=0
[A:MINER#12544@600] @minerstat builder=false mined=100 deposits=55 explores=16 soupMem=2 unreachable=0
[A:MINER#10713@600] @minerstat builder=false mined=99 deposits=44 explores=11 soupMem=2 unreachable=0
[A:MINER#14005@600] @minerstat builder=false mined=108 deposits=53 explores=13 soupMem=2 unreachable=0
[A:MINER#11389@600] @minerstat builder=false mined=86 deposits=41 explores=10 soupMem=2 unreachable=0
[A:MINER#11336@600] @minerstat builder=false mined=75 deposits=19 explores=8 soupMem=2 unreachable=0
[B:LANDSCAPER#10277@600] @wallstat seat=[34, 27] attacker=false helper=false helperDeps=0 eq=164 borrow=0 digs=228 deps=227 hqDigs=0 bury=0 elev=249
[B:LANDSCAPER#11405@600] @wallstat seat=[35, 27] attacker=false helper=false helperDeps=0 eq=56 borrow=0 digs=223 deps=223 hqDigs=0 bury=0 elev=249
[B:LANDSCAPER#10641@600] @wallstat seat=[34, 26] attacker=false helper=false helperDeps=0 eq=152 borrow=0 digs=219 deps=218 hqDigs=0 bury=0 elev=247
[B:LANDSCAPER#11373@600] @wallstat seat=[36, 27] attacker=false helper=false helperDeps=0 eq=119 borrow=0 digs=214 deps=214 hqDigs=0 bury=0 elev=249
[B:LANDSCAPER#13732@600] @wallstat seat=[36, 25] attacker=false helper=false helperDeps=0 eq=15 borrow=0 digs=188 deps=187 hqDigs=0 bury=0 elev=247
[A:LANDSCAPER#12624@600] @wallstat role=0 seat=[7, 25] post=null digs=116 deps=116 eq=51 borrow=0 helperDeps=0 innerDeps=0 hqDigs=0 bury=0 idle=221 elev=89
[A:LANDSCAPER#10696@600] @wallstat role=0 seat=[7, 26] post=null digs=110 deps=110 eq=21 borrow=0 helperDeps=0 innerDeps=0 hqDigs=0 bury=0 idle=237 elev=92
[A:LANDSCAPER#13065@600] @wallstat role=0 seat=[7, 27] post=null digs=116 deps=116 eq=69 borrow=0 helperDeps=0 innerDeps=0 hqDigs=0 bury=0 idle=219 elev=94
[B:LANDSCAPER#13268@600] @wallstat seat=null attacker=false helper=true helperDeps=175 eq=0 borrow=0 digs=177 deps=2 hqDigs=0 bury=0 elev=5
[A:DELIVERY_DRONE#12686@600] @dronestat at=[18, 17] pickups=2 drops=2 ferried=0 raidKills=0 raiding=false holding=false guess=[35, 5]
[B:LANDSCAPER#10959@600] @wallstat seat=null attacker=false helper=true helperDeps=0 eq=0 borrow=0 digs=0 deps=0 hqDigs=0 bury=0 elev=3
[A:DELIVERY_DRONE#10806@600] @dronestat at=[19, 17] pickups=4 drops=4 ferried=3 raidKills=0 raiding=false holding=false guess=[35, 5]
[A:MINER#12112@600] @minerstat builder=false mined=60 deposits=6 explores=11 soupMem=2 unreachable=0
[B:LANDSCAPER#10137@600] @wallstat seat=null attacker=false helper=true helperDeps=156 eq=0 borrow=0 digs=158 deps=2 hqDigs=0 bury=0 elev=5
[B:MINER#13978@600] @minerstat builder=false mined=18 deposits=2 explores=6 soupMem=4 unreachable=0
[B:MINER#13337@600] @minerstat builder=false mined=70 deposits=6 explores=8 soupMem=4 unreachable=0
[A:LANDSCAPER#10232@600] @wallstat role=0 seat=[6, 28] post=null digs=110 deps=110 eq=70 borrow=0 helperDeps=0 innerDeps=0 hqDigs=0 bury=0 idle=179 elev=91
[B:LANDSCAPER#13181@600] @wallstat seat=null attacker=false helper=true helperDeps=166 eq=0 borrow=0 digs=168 deps=2 hqDigs=0 bury=0 elev=5
[A:LANDSCAPER#13762@600] @wallstat role=0 seat=[5, 28] post=null digs=110 deps=110 eq=83 borrow=0 helperDeps=0 innerDeps=0 hqDigs=0 bury=0 idle=169 elev=89
[B:LANDSCAPER#11830@600] @wallstat seat=null attacker=false helper=true helperDeps=148 eq=0 borrow=0 digs=151 deps=2 hqDigs=0 bury=0 elev=5
[A:LANDSCAPER#11838@600] @wallstat role=0 seat=[5, 24] post=null digs=88 deps=87 eq=15 borrow=0 helperDeps=0 innerDeps=0 hqDigs=0 bury=0 idle=199 elev=84
[A:MINER#13591@600] @minerstat builder=false mined=50 deposits=5 explores=7 soupMem=2 unreachable=0
[B:LANDSCAPER#10655@600] @wallstat seat=null attacker=false helper=true helperDeps=0 eq=0 borrow=0 digs=0 deps=0 hqDigs=0 bury=0 elev=3
[B:LANDSCAPER#13240@600] @wallstat seat=null attacker=false helper=true helperDeps=0 eq=0 borrow=0 digs=0 deps=0 hqDigs=0 bury=0 elev=3
[B:LANDSCAPER#12057@600] @wallstat seat=null attacker=false helper=false helperDeps=0 eq=0 borrow=0 digs=0 deps=0 hqDigs=0 bury=0 elev=3
[A:MINER#13733@600] @minerstat builder=false mined=40 deposits=4 explores=12 soupMem=2 unreachable=0
[B:LANDSCAPER#12352@600] @wallstat seat=null attacker=false helper=true helperDeps=142 eq=0 borrow=0 digs=144 deps=2 hqDigs=0 bury=0 elev=5
[B:LANDSCAPER#10209@600] @wallstat seat=null attacker=false helper=true helperDeps=97 eq=0 borrow=0 digs=100 deps=2 hqDigs=0 bury=0 elev=5
[A:MINER#12313@600] @minerstat builder=false mined=31 deposits=2 explores=10 soupMem=2 unreachable=0
[A:MINER#12284@600] @minerstat builder=false mined=30 deposits=2 explores=2 soupMem=2 unreachable=0
[A:DELIVERY_DRONE#13891@600] @dronestat at=[16, 17] pickups=2 drops=2 ferried=2 raidKills=0 raiding=false holding=false guess=[35, 5]
[A:DELIVERY_DRONE#12052@600] @dronestat at=[17, 20] pickups=4 drops=4 ferried=4 raidKills=0 raiding=false holding=false guess=[35, 5]
[A:LANDSCAPER#11770@600] @wallstat role=0 seat=[3, 28] post=null digs=87 deps=86 eq=6 borrow=0 helperDeps=0 innerDeps=0 hqDigs=0 bury=0 idle=0 elev=83
[A:LANDSCAPER#13175@600] @wallstat role=0 seat=[3, 24] post=null digs=84 deps=83 eq=4 borrow=0 helperDeps=0 innerDeps=0 hqDigs=0 bury=0 idle=0 elev=82
[A:DELIVERY_DRONE#10976@600] @dronestat at=[9, 23] pickups=1 drops=1 ferried=1 raidKills=0 raiding=false holding=false guess=[35, 5]
[A:LANDSCAPER#10036@600] @wallstat role=0 seat=[3, 26] post=null digs=79 deps=79 eq=1 borrow=0 helperDeps=0 innerDeps=0 hqDigs=0 bury=0 idle=0 elev=81
[A:DELIVERY_DRONE#12078@600] @dronestat at=[10, 20] pickups=1 drops=1 ferried=1 raidKills=0 raiding=false holding=false guess=[35, 5]
[A:LANDSCAPER#12065@600] @wallstat role=0 seat=[3, 25] post=null digs=74 deps=74 eq=0 borrow=0 helperDeps=0 innerDeps=0 hqDigs=0 bury=0 idle=0 elev=82
[A:LANDSCAPER#10427@600] @wallstat role=0 seat=[3, 27] post=null digs=73 deps=72 eq=0 borrow=0 helperDeps=0 innerDeps=0 hqDigs=0 bury=0 idle=0 elev=81
[A:LANDSCAPER#10623@600] @wallstat role=0 seat=[4, 24] post=null digs=65 deps=65 eq=0 borrow=0 helperDeps=0 innerDeps=0 hqDigs=0 bury=0 idle=0 elev=83
[A:LANDSCAPER#10234@600] @wallstat role=0 seat=[6, 24] post=null digs=64 deps=64 eq=9 borrow=0 helperDeps=0 innerDeps=0 hqDigs=0 bury=0 idle=0 elev=87
[A:LANDSCAPER#13140@600] @wallstat role=0 seat=[7, 24] post=null digs=65 deps=65 eq=0 borrow=0 helperDeps=0 innerDeps=0 hqDigs=0 bury=0 idle=0 elev=90
[A:LANDSCAPER#11802@600] @wallstat role=1 seat=null post=[8, 28] digs=59 deps=59 eq=57 borrow=0 helperDeps=57 innerDeps=0 hqDigs=0 bury=0 idle=13 elev=5
[A:DELIVERY_DRONE#12279@600] @dronestat at=[16, 19] pickups=0 drops=0 ferried=0 raidKills=0 raiding=false holding=false guess=[35, 5]
[A:LANDSCAPER#11322@600] @wallstat role=1 seat=null post=[8, 29] digs=51 deps=50 eq=48 borrow=0 helperDeps=48 innerDeps=0 hqDigs=0 bury=0 idle=0 elev=5
[A:DELIVERY_DRONE#10844@600] @dronestat at=[17, 18] pickups=0 drops=0 ferried=0 raidKills=0 raiding=false holding=false guess=[35, 5]
[A:DELIVERY_DRONE#10014@600] @dronestat at=[28, 9] pickups=0 drops=0 ferried=0 raidKills=0 raiding=false holding=false guess=[35, 5]
[A:DELIVERY_DRONE#13207@600] @dronestat at=[15, 17] pickups=0 drops=0 ferried=0 raidKills=0 raiding=false holding=false guess=[35, 5]
[A:DELIVERY_DRONE#11586@600] @dronestat at=[22, 15] pickups=0 drops=0 ferried=0 raidKills=0 raiding=false holding=false guess=[35, 5]
[A:DELIVERY_DRONE#11851@600] @dronestat at=[22, 14] pickups=0 drops=0 ferried=0 raidKills=0 raiding=false holding=false guess=[35, 5]
[A:DELIVERY_DRONE#10763@600] @dronestat at=[13, 21] pickups=0 drops=0 ferried=0 raidKills=0 raiding=false holding=false guess=[35, 5]
[A:DELIVERY_DRONE#10331@600] @dronestat at=[15, 16] pickups=0 drops=0 ferried=0 raidKills=0 raiding=false holding=false guess=[35, 5]
[A:DELIVERY_DRONE#13695@600] @dronestat at=[18, 25] pickups=0 drops=0 ferried=0 raidKills=0 raiding=false holding=false guess=null
[B:LANDSCAPER#11480@600] @wallstat seat=null attacker=false helper=true helperDeps=0 eq=0 borrow=0 digs=0 deps=0 hqDigs=0 bury=0 elev=3
[A:DELIVERY_DRONE#11243@600] @dronestat at=[7, 17] pickups=0 drops=0 ferried=0 raidKills=0 raiding=false holding=false guess=[35, 5]
[A:DELIVERY_DRONE#11152@600] @dronestat at=[14, 27] pickups=0 drops=0 ferried=0 raidKills=0 raiding=false holding=false guess=null
[A:DELIVERY_DRONE#11299@600] @dronestat at=[6, 21] pickups=0 drops=0 ferried=0 raidKills=0 raiding=false holding=false guess=[35, 5]
[A:DELIVERY_DRONE#10637@600] @dronestat at=[5, 29] pickups=0 drops=0 ferried=0 raidKills=0 raiding=false holding=false guess=null
[B:LANDSCAPER#11789@600] @wallstat seat=null attacker=false helper=true helperDeps=0 eq=0 borrow=0 digs=0 deps=0 hqDigs=0 bury=0 elev=3
[A:DELIVERY_DRONE#10550@600] @dronestat at=[4, 28] pickups=0 drops=0 ferried=0 raidKills=0 raiding=false holding=false guess=null
[A:DELIVERY_DRONE#10748@600] @dronestat at=[6, 27] pickups=0 drops=0 ferried=0 raidKills=0 raiding=false holding=false guess=null
[A:MINER#11132@601] @bc t=1 used=3608 max=6628 near=0 over=0
[B:MINER#10935@601] @bc t=1 used=3082 max=6545 near=0 over=0
[B:MINER#12241@601] @deposit n=70
[A:MINER#11129@602] @bc t=1 used=2484 max=5113 near=0 over=0
[B:MINER#12241@602] @bc t=1 used=4174 max=5854 near=0 over=0
[B:LANDSCAPER#10655@602] @bc t=6 used=1640 max=8360 near=0 over=0
[A:FULFILLMENT_CENTER#13698@603] @build t=7 at=[4, 28] soup=264
[A:LANDSCAPER#11838@603] @bc t=6 used=2865 max=5851 near=0 over=0
[B:LANDSCAPER#13732@604] @bc t=6 used=2391 max=6109 near=0 over=0
[A:DELIVERY_DRONE#13207@604] @bc t=7 used=585 max=9292 near=1 over=0
[B:VAPORATOR#13519@605] @bc t=3 used=16 max=3273 near=0 over=0
[A:MINER#14005@606] @deposit n=70
[A:FULFILLMENT_CENTER#13698@606] @bc t=5 used=2038 max=4908 near=1 over=0
[A:LANDSCAPER#12624@607] @bc t=6 used=3157 max=9507 near=1 over=0
[A:LANDSCAPER#11770@607] @bc t=6 used=2417 max=5610 near=0 over=0
[A:DELIVERY_DRONE#10976@607] @bc t=7 used=801 max=8932 near=0 over=0
[B:LANDSCAPER#10209@608] @bc t=6 used=2134 max=9235 near=1 over=0
[A:LANDSCAPER#10696@609] @bc t=6 used=3168 max=3560 near=0 over=1
[B:LANDSCAPER#13240@609] @bc t=6 used=1381 max=9177 near=1 over=0
[A:DELIVERY_DRONE#11586@609] @bc t=7 used=2453 max=9611 near=1 over=0
[A:DELIVERY_DRONE#10637@609] @origin x=0 y=0
[A:LANDSCAPER#13065@610] @bc t=6 used=2961 max=9976 near=1 over=0
[B:MINER#13337@610] @deposit n=70
[B:LANDSCAPER#11789@611] @origin x=0 y=0
[A:MINER#10545@612] @bc t=1 used=2851 max=5620 near=0 over=0
[B:MINER#11995@612] @bc t=1 used=1905 max=5668 near=0 over=0
[A:MINER#12284@612] @deposit n=70
[A:DELIVERY_DRONE#10014@612] @prune empty=[35, 5] sym=6
[A:FULFILLMENT_CENTER#13698@613] @build t=7 at=[6, 27] soup=274
[A:DELIVERY_DRONE#10550@614] @origin x=0 y=0
[B:LANDSCAPER#13268@615] @bc t=6 used=2169 max=9460 near=1 over=1
[A:MINER#12313@615] @bc t=1 used=4108 max=6710 near=0 over=0
[B:MINER#12507@616] @deposit n=70
[B:DESIGN_SCHOOL#10172@616] @build t=6 at=[33, 29] soup=718
[A:DELIVERY_DRONE#12686@616] @bc t=7 used=639 max=7422 near=0 over=0
[A:DELIVERY_DRONE#11851@616] @bc t=7 used=1983 max=9400 near=1 over=0
[B:LANDSCAPER#12057@617] @bc t=6 used=535 max=4173 near=0 over=0
[B:VAPORATOR#12822@617] @bc t=3 used=16 max=3347 near=0 over=0
[A:DELIVERY_DRONE#12078@618] @bc t=7 used=909 max=9146 near=1 over=0
[A:MINER#11336@619] @deposit n=70
[A:LANDSCAPER#13175@619] @bc t=6 used=2828 max=5688 near=0 over=0
[A:DELIVERY_DRONE#10004@620] @origin x=0 y=0
[A:FULFILLMENT_CENTER#13698@621] @build t=7 at=[4, 28] soup=270
[A:LANDSCAPER#10036@622] @bc t=6 used=2878 max=5792 near=0 over=0
[A:MINER#10713@623] @deposit n=70
[B:DESIGN_SCHOOL#10172@623] @build t=6 at=[31, 28] soup=709
[A:VAPORATOR#12612@624] @bc t=3 used=26 max=3498 near=0 over=0
[A:DELIVERY_DRONE#10763@624] @bc t=7 used=801 max=9754 near=1 over=0
[A:DELIVERY_DRONE#10806@625] @bc t=7 used=5327 max=8151 near=0 over=0
[B:MINER#10935@626] @build t=5 at=[37, 21] soup=598
[A:FULFILLMENT_CENTER#13698@626] @build t=7 at=[6, 27] soup=254
[B:MINER#12507@627] @bc t=1 used=4619 max=5416 near=0 over=0
[B:LANDSCAPER#10959@627] @bc t=6 used=3006 max=7740 near=0 over=2
[B:LANDSCAPER#10591@627] @helper post=[34, 24]
[A:MINER#12544@628] @bc t=1 used=1378 max=5987 near=0 over=0
[A:DELIVERY_DRONE#10331@630] @bc t=7 used=5283 max=9247 near=1 over=0
[A:DELIVERY_DRONE#13695@630] @pickup t=6 id=11789 raid=false
[B:MINER#10935@632] @build t=8 at=[38, 21] soup=426
[A:LANDSCAPER#12065@632] @bc t=6 used=2596 max=5832 near=0 over=0
[A:MINER#12112@635] @bc t=1 used=2817 max=6995 near=0 over=0
[A:LANDSCAPER#10427@635] @bc t=6 used=2728 max=5802 near=0 over=0
[A:DELIVERY_DRONE#10014@635] @pickup t=1 id=11995 raid=false
[A:MINER#11389@636] @deposit n=70
[B:LANDSCAPER#10137@636] @bc t=6 used=2155 max=9437 near=1 over=1
[A:DELIVERY_DRONE#10014@636] @drown at=[21, 7]
[B:FULFILLMENT_CENTER#13692@636] @build t=7 at=[37, 20] soup=340
[A:VAPORATOR#12139@638] @bc t=3 used=26 max=3489 near=0 over=0
[A:DELIVERY_DRONE#13695@638] @bc t=7 used=2467 max=9819 near=1 over=0
[A:FULFILLMENT_CENTER#13698@639] @build t=7 at=[4, 28] soup=265
[A:DELIVERY_DRONE#13695@641] @drown at=[21, 28]
[B:LANDSCAPER#11480@641] @bc t=6 used=1449 max=7632 near=0 over=0
[B:FULFILLMENT_CENTER#13692@641] @build t=7 at=[36, 20] soup=255
[B:LANDSCAPER#12103@643] @origin x=0 y=0
[A:DELIVERY_DRONE#11243@646] @bc t=7 used=2448 max=9355 near=1 over=0
[A:MINER#10713@647] @bc t=1 used=2915 max=5979 near=0 over=0
[A:MINER#12313@647] @deposit n=76
[A:LANDSCAPER#10623@648] @bc t=6 used=2511 max=5839 near=0 over=0
[B:VAPORATOR#12151@648] @bc t=3 used=16 max=3330 near=0 over=0
[B:LANDSCAPER#10591@648] @origin x=0 y=0
[B:MINER#13978@649] @bc t=1 used=4981 max=6508 near=0 over=0
[B:MINER#12241@650] @deposit n=70
[A:MINER#14005@650] @bc t=1 used=2682 max=5793 near=0 over=0
[A:FULFILLMENT_CENTER#13698@650] @build t=7 at=[4, 28] soup=251
[A:MINER#10545@651] @deposit n=70
[B:FULFILLMENT_CENTER#13692@651] @build t=7 at=[38, 22] soup=275
[A:DELIVERY_DRONE#11670@651] @origin x=0 y=0
[A:LANDSCAPER#13140@652] @bc t=6 used=1780 max=6239 near=0 over=0
[A:LANDSCAPER#11802@652] @bc t=6 used=2240 max=6098 near=0 over=0
[B:REFINERY#12826@653] @bc t=2 used=16 max=3282 near=0 over=0
[A:LANDSCAPER#10234@653] @bc t=6 used=2791 max=6231 near=0 over=0
[A:MINER#11389@654] @bc t=1 used=2929 max=5909 near=0 over=0
[A:MINER#13591@654] @deposit n=70
[A:MINER#13733@655] @bc t=1 used=3139 max=5872 near=0 over=0
[A:DELIVERY_DRONE#11152@655] @bc t=7 used=5080 max=9449 near=1 over=0
[A:FULFILLMENT_CENTER#13698@656] @build t=7 at=[6, 27] soup=263
[A:REFINERY#13144@658] @bc t=2 used=26 max=3525 near=0 over=0
[B:VAPORATOR#11090@658] @bc t=3 used=16 max=3311 near=0 over=0
[B:FULFILLMENT_CENTER#13692@659] @build t=7 at=[36, 22] soup=259
[B:MINER#13337@660] @bc t=1 used=3219 max=5489 near=0 over=0
[B:DESIGN_SCHOOL#10172@661] @bc t=4 used=1019 max=3756 near=0 over=0
[B:LANDSCAPER#12352@662] @bc t=6 used=2112 max=9367 near=1 over=0
[A:VAPORATOR#10090@664] @bc t=3 used=26 max=3472 near=0 over=0
[B:MINER#13337@665] @deposit n=76
[A:DELIVERY_DRONE#12279@665] @bc t=7 used=4148 max=9154 near=1 over=0
[A:MINER#13733@666] @deposit n=70
[B:FULFILLMENT_CENTER#13692@667] @build t=7 at=[36, 20] soup=253
[A:MINER#11129@668] @climb to=[17, 24] e=3
[A:FULFILLMENT_CENTER#13698@668] @build t=7 at=[4, 28] soup=273
[B:VAPORATOR#12958@668] @bc t=3 used=16 max=3338 near=0 over=0
[A:MINER#12112@669] @climb to=[17, 31] e=3
[B:MINER#12507@670] @deposit n=76
[A:MINER#12544@670] @deposit n=70
[A:MINER#11336@671] @bc t=1 used=3253 max=5918 near=0 over=0
[B:LANDSCAPER#10277@671] @bc t=6 used=2465 max=5812 near=0 over=0
[A:MINER#12112@671] @climb to=[17, 31] e=3
[A:LANDSCAPER#10232@671] @bc t=6 used=2787 max=3224 near=0 over=1
[A:MINER#11129@672] @climb to=[17, 27] e=3
[B:LANDSCAPER#13181@672] @bc t=6 used=1703 max=4413 near=0 over=1
[B:FULFILLMENT_CENTER#13692@672] @build t=7 at=[37, 22] soup=264
[A:FULFILLMENT_CENTER#13698@673] @build t=7 at=[6, 27] soup=258
[A:MINER#12112@673] @climb to=[17, 31] e=3
[A:MINER#11129@674] @climb to=[17, 28] e=3
[A:MINER#12112@675] @climb to=[17, 31] e=3
[A:MINER#12284@675] @bc t=1 used=3596 max=5885 near=0 over=0
[A:DELIVERY_DRONE#11299@675] @bc t=7 used=4932 max=9167 near=1 over=0
[A:DELIVERY_DRONE#13032@675] @origin x=0 y=0
[A:MINER#11129@676] @climb to=[17, 29] e=3
[A:DELIVERY_DRONE#10844@676] @bc t=7 used=1125 max=9244 near=1 over=0
[A:MINER#12112@677] @climb to=[17, 31] e=3
[A:MINER#12313@677] @explore to=[28, 12] unseen=13
[A:MINER#14005@678] @deposit n=70
[A:MINER#11389@678] @climb to=[16, 20] e=3
[B:LANDSCAPER#11405@678] @bc t=6 used=2630 max=4148 near=0 over=0
[A:MINER#12112@678] @climb to=[16, 31] e=3
[B:LANDSCAPER#12103@678] @badseat [35, 25]
[A:MINER#11389@679] @climb to=[15, 21] e=3
[A:MINER#12112@679] @climb to=[15, 31] e=3
[A:DELIVERY_DRONE#13431@679] @origin x=0 y=0
[A:MINER#11389@680] @climb to=[14, 22] e=3
[A:MINER#12112@680] @climb to=[14, 31] e=3
[A:MINER#11389@681] @climb to=[13, 23] e=3
[A:MINER#12112@681] @climb to=[13, 31] e=3
[A:MINER#11389@682] @climb to=[12, 24] e=3
[A:MINER#12112@682] @climb to=[12, 30] e=3
[A:LANDSCAPER#13762@682] @bc t=6 used=2706 max=3412 near=0 over=1
[B:FULFILLMENT_CENTER#13692@682] @build t=7 at=[37, 20] soup=260
[A:MINER#11389@683] @climb to=[11, 25] e=3
[A:MINER#12112@683] @climb to=[11, 31] e=3
[A:MINER#12284@683] @deposit n=70
[A:LANDSCAPER#11322@683] @bc t=6 used=1828 max=6334 near=0 over=0
[A:DELIVERY_DRONE#10014@683] @bc t=7 used=490 max=9201 near=1 over=0
[B:MINER#10935@684] @deposit n=70
[A:MINER#10545@684] @climb to=[10, 5] e=3
[A:MINER#11389@684] @climb to=[10, 26] e=3
[A:FULFILLMENT_CENTER#13698@684] @build t=7 at=[4, 28] soup=275
[A:MINER#12112@684] @climb to=[10, 31] e=3
[A:MINER#13591@684] @explore to=[20, 4] unseen=16
[A:MINER#12313@684] @climb to=[10, 13] e=3
[A:MINER#11132@685] @climb to=[9, 26] e=3
[A:MINER#10545@685] @climb to=[9, 6] e=3
[A:MINER#11389@685] @climb to=[9, 25] e=3
[A:MINER#12112@685] @climb to=[9, 31] e=3
[A:MINER#13591@685] @climb to=[9, 7] e=3
[A:MINER#12313@685] @climb to=[9, 14] e=3
[A:DELIVERY_DRONE#13891@685] @bc t=7 used=6056 max=8851 near=0 over=0
[B:LANDSCAPER#11480@685] @climb to=[30, 25] e=3
[A:DELIVERY_DRONE#10637@685] @bc t=7 used=3987 max=9574 near=1 over=0
[A:MINER#10545@686] @climb to=[8, 7] e=3
[A:MINER#10713@686] @climb to=[8, 23] e=3
[A:MINER#11389@686] @climb to=[9, 24] e=3
[A:MINER#12112@686] @climb to=[8, 31] e=3
[A:MINER#13591@686] @climb to=[8, 8] e=3
[A:MINER#12313@686] @climb to=[8, 15] e=3
[B:MINER#12241@687] @climb to=[32, 11] e=3
[A:MINER#10545@687] @climb to=[7, 8] e=3
[A:MINER#10713@687] @climb to=[7, 22] e=3
[B:LANDSCAPER#10959@687] @climb to=[33, 27] e=3
[A:MINER#13591@687] @climb to=[7, 9] e=3
[A:MINER#12313@687] @climb to=[7, 16] e=3
[A:MINER#10545@688] @climb to=[6, 9] e=3
[A:MINER#10713@688] @climb to=[6, 23] e=3
[B:LANDSCAPER#10641@688] @bc t=6 used=1607 max=5910 near=0 over=0
[A:MINER#13591@688] @climb to=[6, 10] e=3
[A:MINER#12313@688] @climb to=[6, 17] e=3
[A:MINER#10545@689] @climb to=[5, 10] e=3
[A:MINER#12544@689] @climb to=[5, 14] e=3
[A:MINER#10713@689] @climb to=[5, 22] e=3
[B:MINER#13337@689] @climb to=[34, 5] e=3
[A:MINER#13591@689] @climb to=[5, 11] e=3
[A:MINER#13733@689] @climb to=[5, 16] e=3
[A:MINER#12313@689] @climb to=[5, 18] e=3
[A:MINER#10545@690] @climb to=[4, 11] e=3
[B:MINER#12507@690] @climb to=[35, 13] e=3
[A:MINER#12544@690] @climb to=[4, 15] e=3
[A:MINER#10713@690] @climb to=[4, 22] e=3
[A:MINER#13591@690] @climb to=[4, 12] e=3
[A:MINER#13733@690] @climb to=[4, 17] e=3
[A:MINER#12313@690] @climb to=[4, 19] e=3
[A:DELIVERY_DRONE#10550@690] @bc t=7 used=6155 max=9292 near=1 over=0
[B:LANDSCAPER#10591@690] @climb to=[36, 30] e=3
[A:MINER#10545@691] @climb to=[3, 12] e=3
[A:MINER#12544@691] @climb to=[3, 16] e=3
[A:MINER#10713@691] @climb to=[3, 23] e=3
[A:MINER#13591@691] @climb to=[3, 13] e=3
[A:MINER#13733@691] @climb to=[3, 18] e=3
[A:MINER#12313@691] @climb to=[3, 20] e=3
[B:LANDSCAPER#10591@691] @climb to=[37, 29] e=3
[A:MINER#10713@692] @climb to=[2, 24] e=3
[B:LANDSCAPER#11830@692] @bc t=6 used=1684 max=8102 near=0 over=0
[B:LANDSCAPER#10655@692] @climb to=[38, 29] e=3
[A:MINER#13733@692] @climb to=[2, 19] e=3
[A:MINER#12313@692] @climb to=[2, 21] e=3
[B:LANDSCAPER#10591@692] @climb to=[38, 28] e=3
[B:DELIVERY_DRONE#11589@692] @origin x=0 y=0
[A:MINER#10713@693] @climb to=[1, 25] e=3
[B:LANDSCAPER#10655@693] @climb to=[39, 28] e=3
[A:MINER#13733@693] @climb to=[1, 20] e=3
[A:MINER#12313@693] @climb to=[1, 22] e=3
[B:LANDSCAPER#10591@693] @climb to=[38, 27] e=3
[A:MINER#10713@694] @climb to=[0, 26] e=3
[A:MINER#13733@694] @climb to=[0, 21] e=3
[A:MINER#12313@694] @climb to=[0, 23] e=3
[B:LANDSCAPER#12103@694] @climb to=[39, 22] e=3
[A:MINER#10713@695] @climb to=[0, 25] e=3
[A:FULFILLMENT_CENTER#13698@695] @build t=7 at=[4, 28] soup=252
[A:MINER#13733@695] @climb to=[0, 20] e=3
[A:MINER#12313@695] @climb to=[0, 22] e=3
[A:DELIVERY_DRONE#13309@695] @origin x=0 y=0
[B:LANDSCAPER#11373@696] @bc t=6 used=2097 max=4207 near=0 over=0
[A:DESIGN_SCHOOL#12691@697] @bc t=4 used=1902 max=4796 near=1 over=0
[A:DELIVERY_DRONE#12052@697] @bc t=7 used=2914 max=9975 near=2 over=0
[A:DELIVERY_DRONE#10748@697] @bc t=7 used=2481 max=9701 near=1 over=0
[A:HQ#0@700] @econ soup=287 built=13 minersSeen=0 ring=14 buried=0 sym=7
[A:HQ#0@700] @bc t=0 used=3107 max=4610 near=0 over=0
[B:HQ#1@700] @econ soup=398 built=8 minersSeen=0 ring=5 buried=0 sym=7
[B:HQ#1@700] @bc t=0 used=2353 max=4519 near=0 over=0
[B:LANDSCAPER#10277@700] @wallstat seat=[34, 27] attacker=false helper=false helperDeps=0 eq=207 borrow=0 digs=277 deps=276 hqDigs=0 bury=0 elev=312
[B:LANDSCAPER#11405@700] @wallstat seat=[35, 27] attacker=false helper=false helperDeps=0 eq=78 borrow=0 digs=272 deps=271 hqDigs=0 bury=0 elev=312
[B:LANDSCAPER#10641@700] @wallstat seat=[34, 26] attacker=false helper=false helperDeps=0 eq=181 borrow=0 digs=268 deps=267 hqDigs=0 bury=0 elev=310
[B:LANDSCAPER#11373@700] @wallstat seat=[36, 27] attacker=false helper=false helperDeps=0 eq=147 borrow=0 digs=262 deps=261 hqDigs=0 bury=0 elev=313
[B:LANDSCAPER#13732@700] @wallstat seat=[36, 25] attacker=false helper=false helperDeps=0 eq=15 borrow=0 digs=231 deps=231 hqDigs=0 bury=0 elev=309
[A:LANDSCAPER#12624@700] @wallstat role=0 seat=[7, 25] post=null digs=163 deps=163 eq=51 borrow=0 helperDeps=0 innerDeps=0 hqDigs=0 bury=0 idle=221 elev=136
[A:LANDSCAPER#10696@700] @wallstat role=0 seat=[7, 26] post=null digs=157 deps=157 eq=21 borrow=0 helperDeps=0 innerDeps=0 hqDigs=0 bury=0 idle=237 elev=139
[A:LANDSCAPER#13065@700] @wallstat role=0 seat=[7, 27] post=null digs=163 deps=163 eq=115 borrow=0 helperDeps=0 innerDeps=0 hqDigs=0 bury=0 idle=219 elev=141
[B:LANDSCAPER#13268@700] @wallstat seat=null attacker=false helper=true helperDeps=222 eq=0 borrow=0 digs=226 deps=3 hqDigs=0 bury=0 elev=6
[A:DELIVERY_DRONE#12686@700] @dronestat at=[16, 17] pickups=2 drops=2 ferried=0 raidKills=0 raiding=false holding=false guess=[35, 5]
[A:DELIVERY_DRONE#10806@700] @dronestat at=[9, 18] pickups=4 drops=4 ferried=3 raidKills=0 raiding=false holding=false guess=[35, 5]
[B:LANDSCAPER#10137@700] @wallstat seat=null attacker=false helper=true helperDeps=203 eq=0 borrow=0 digs=207 deps=3 hqDigs=0 bury=0 elev=6
[A:LANDSCAPER#10232@700] @wallstat role=0 seat=[6, 28] post=null digs=157 deps=157 eq=116 borrow=0 helperDeps=0 innerDeps=0 hqDigs=0 bury=0 idle=179 elev=138
[B:LANDSCAPER#13181@700] @wallstat seat=null attacker=false helper=true helperDeps=197 eq=0 borrow=0 digs=200 deps=3 hqDigs=0 bury=0 elev=6
[A:LANDSCAPER#13762@700] @wallstat role=0 seat=[5, 28] post=null digs=157 deps=157 eq=130 borrow=0 helperDeps=0 innerDeps=0 hqDigs=0 bury=0 idle=169 elev=135
[B:LANDSCAPER#11830@700] @wallstat seat=null attacker=false helper=true helperDeps=193 eq=0 borrow=0 digs=196 deps=3 hqDigs=0 bury=0 elev=6
[A:LANDSCAPER#11838@700] @wallstat role=0 seat=[5, 24] post=null digs=135 deps=134 eq=16 borrow=0 helperDeps=0 innerDeps=0 hqDigs=0 bury=0 idle=199 elev=131
[B:LANDSCAPER#12352@700] @wallstat seat=null attacker=false helper=true helperDeps=190 eq=0 borrow=0 digs=193 deps=3 hqDigs=0 bury=0 elev=6
[B:LANDSCAPER#10209@700] @wallstat seat=null attacker=false helper=true helperDeps=144 eq=0 borrow=0 digs=147 deps=3 hqDigs=0 bury=0 elev=6
[A:DELIVERY_DRONE#13891@700] @dronestat at=[10, 21] pickups=2 drops=2 ferried=2 raidKills=0 raiding=false holding=false guess=[35, 5]
[A:DELIVERY_DRONE#12052@700] @dronestat at=[20, 16] pickups=4 drops=4 ferried=4 raidKills=0 raiding=false holding=false guess=[35, 5]
[A:LANDSCAPER#11770@700] @wallstat role=0 seat=[3, 28] post=null digs=134 deps=133 eq=6 borrow=0 helperDeps=0 innerDeps=0 hqDigs=0 bury=0 idle=0 elev=130
[A:LANDSCAPER#13175@700] @wallstat role=0 seat=[3, 24] post=null digs=134 deps=133 eq=5 borrow=0 helperDeps=0 innerDeps=0 hqDigs=0 bury=0 idle=0 elev=131
[A:DELIVERY_DRONE#10976@700] @dronestat at=[15, 15] pickups=1 drops=1 ferried=1 raidKills=0 raiding=false holding=false guess=[35, 5]
[A:LANDSCAPER#10036@700] @wallstat role=0 seat=[3, 26] post=null digs=126 deps=126 eq=1 borrow=0 helperDeps=0 innerDeps=0 hqDigs=0 bury=0 idle=0 elev=128
[A:DELIVERY_DRONE#12078@700] @dronestat at=[18, 16] pickups=1 drops=1 ferried=1 raidKills=0 raiding=false holding=false guess=[35, 5]
[A:LANDSCAPER#12065@700] @wallstat role=0 seat=[3, 25] post=null digs=121 deps=121 eq=0 borrow=0 helperDeps=0 innerDeps=0 hqDigs=0 bury=0 idle=0 elev=130
[A:LANDSCAPER#10427@700] @wallstat role=0 seat=[3, 27] post=null digs=120 deps=119 eq=0 borrow=0 helperDeps=0 innerDeps=0 hqDigs=0 bury=0 idle=0 elev=128
[A:LANDSCAPER#10623@700] @wallstat role=0 seat=[4, 24] post=null digs=112 deps=112 eq=0 borrow=0 helperDeps=0 innerDeps=0 hqDigs=0 bury=0 idle=0 elev=131
[A:LANDSCAPER#10234@700] @wallstat role=0 seat=[6, 24] post=null digs=111 deps=111 eq=10 borrow=0 helperDeps=0 innerDeps=0 hqDigs=0 bury=0 idle=0 elev=134
[A:LANDSCAPER#13140@700] @wallstat role=0 seat=[7, 24] post=null digs=112 deps=112 eq=1 borrow=0 helperDeps=0 innerDeps=0 hqDigs=0 bury=0 idle=0 elev=136
[A:LANDSCAPER#11802@700] @wallstat role=1 seat=null post=[8, 28] digs=106 deps=106 eq=103 borrow=0 helperDeps=103 innerDeps=0 hqDigs=0 bury=0 idle=14 elev=6
[A:DELIVERY_DRONE#12279@700] @dronestat at=[13, 17] pickups=0 drops=0 ferried=0 raidKills=0 raiding=false holding=false guess=[35, 5]
[A:LANDSCAPER#11322@700] @wallstat role=1 seat=null post=[8, 29] digs=98 deps=97 eq=94 borrow=0 helperDeps=94 innerDeps=0 hqDigs=0 bury=0 idle=0 elev=6
[A:DELIVERY_DRONE#10844@700] @dronestat at=[18, 19] pickups=0 drops=0 ferried=0 raidKills=0 raiding=false holding=false guess=[35, 5]
[A:DELIVERY_DRONE#10014@700] @dronestat at=[12, 25] pickups=1 drops=1 ferried=0 raidKills=0 raiding=false holding=false guess=[35, 26]
[A:DELIVERY_DRONE#13207@700] @dronestat at=[11, 20] pickups=0 drops=0 ferried=0 raidKills=0 raiding=false holding=false guess=[35, 5]
[A:DELIVERY_DRONE#11586@700] @dronestat at=[13, 22] pickups=0 drops=0 ferried=0 raidKills=0 raiding=false holding=false guess=[35, 5]
[A:DELIVERY_DRONE#11851@700] @dronestat at=[20, 12] pickups=0 drops=0 ferried=0 raidKills=0 raiding=false holding=false guess=[35, 5]
[A:DELIVERY_DRONE#10763@700] @dronestat at=[23, 14] pickups=0 drops=0 ferried=0 raidKills=0 raiding=false holding=false guess=[35, 5]
[A:DELIVERY_DRONE#10331@700] @dronestat at=[22, 15] pickups=0 drops=0 ferried=0 raidKills=0 raiding=false holding=false guess=[35, 5]
[A:DELIVERY_DRONE#13695@700] @dronestat at=[16, 19] pickups=1 drops=1 ferried=0 raidKills=0 raiding=false holding=false guess=[35, 5]
[A:DELIVERY_DRONE#11243@700] @dronestat at=[16, 21] pickups=0 drops=0 ferried=0 raidKills=0 raiding=false holding=false guess=[35, 5]
[A:DELIVERY_DRONE#11152@700] @dronestat at=[17, 19] pickups=0 drops=0 ferried=0 raidKills=0 raiding=false holding=false guess=[35, 5]
[A:DELIVERY_DRONE#11299@700] @dronestat at=[18, 20] pickups=0 drops=0 ferried=0 raidKills=0 raiding=false holding=false guess=[35, 5]
[A:DELIVERY_DRONE#10637@700] @dronestat at=[22, 13] pickups=0 drops=0 ferried=0 raidKills=0 raiding=false holding=false guess=[35, 5]
[A:DELIVERY_DRONE#10550@700] @dronestat at=[19, 17] pickups=0 drops=0 ferried=0 raidKills=0 raiding=false holding=false guess=[35, 5]
[A:DELIVERY_DRONE#10748@700] @dronestat at=[19, 14] pickups=0 drops=0 ferried=0 raidKills=0 raiding=false holding=false guess=[35, 5]
[A:DELIVERY_DRONE#10004@700] @dronestat at=[16, 16] pickups=0 drops=0 ferried=0 raidKills=0 raiding=false holding=false guess=[35, 5]
[A:DELIVERY_DRONE#11004@700] @dronestat at=[22, 14] pickups=0 drops=0 ferried=0 raidKills=0 raiding=false holding=false guess=[35, 5]
[A:DELIVERY_DRONE#13759@700] @dronestat at=[10, 20] pickups=0 drops=0 ferried=0 raidKills=0 raiding=false holding=false guess=[35, 5]
[A:DELIVERY_DRONE#11670@700] @dronestat at=[17, 18] pickups=0 drops=0 ferried=0 raidKills=0 raiding=false holding=false guess=[35, 5]
[B:DELIVERY_DRONE#12403@700] @dronestat pickups=0 drops=0 holding=false
[A:DELIVERY_DRONE#13424@700] @dronestat at=[8, 23] pickups=0 drops=0 ferried=0 raidKills=0 raiding=false holding=false guess=null
[B:DELIVERY_DRONE#11589@700] @dronestat pickups=0 drops=0 holding=false
[A:DELIVERY_DRONE#13032@700] @dronestat at=[13, 19] pickups=0 drops=0 ferried=0 raidKills=0 raiding=false holding=false guess=[35, 5]
[B:DELIVERY_DRONE#13836@700] @dronestat pickups=0 drops=0 holding=false
[A:DELIVERY_DRONE#10076@700] @dronestat at=[13, 29] pickups=0 drops=0 ferried=0 raidKills=0 raiding=false holding=false guess=null
[B:DELIVERY_DRONE#13807@700] @dronestat pickups=0 drops=0 holding=false
[B:DELIVERY_DRONE#11318@700] @dronestat pickups=0 drops=0 holding=false
[A:DELIVERY_DRONE#13431@700] @dronestat at=[11, 17] pickups=0 drops=0 ferried=0 raidKills=0 raiding=false holding=false guess=[35, 5]
[B:DELIVERY_DRONE#10648@700] @dronestat pickups=0 drops=0 holding=false
[A:DELIVERY_DRONE#13002@700] @dronestat at=[4, 31] pickups=0 drops=0 ferried=0 raidKills=0 raiding=false holding=false guess=null
[B:DELIVERY_DRONE#13438@700] @dronestat pickups=0 drops=0 holding=false
[A:DELIVERY_DRONE#13309@700] @dronestat at=[2, 26] pickups=0 drops=0 ferried=0 raidKills=0 raiding=false holding=false guess=[35, 5]
[A:DELIVERY_DRONE#10991@700] @dronestat at=[4, 28] pickups=0 drops=0 ferried=0 raidKills=0 raiding=false holding=false guess=null
[A:LANDSCAPER#11838@703] @bc t=6 used=2779 max=5851 near=0 over=0
[A:DELIVERY_DRONE#10004@703] @bc t=7 used=2953 max=9364 near=1 over=0
[B:DELIVERY_DRONE#13807@703] @origin x=0 y=0
[A:DELIVERY_DRONE#13002@703] @origin x=0 y=0
[B:LANDSCAPER#13732@704] @bc t=6 used=1912 max=6109 near=0 over=0
[A:DELIVERY_DRONE#13207@704] @bc t=7 used=974 max=9292 near=1 over=0
[A:FULFILLMENT_CENTER#13698@706] @bc t=5 used=1792 max=4908 near=1 over=0
[A:DELIVERY_DRONE#10991@706] @origin x=0 y=0
[A:LANDSCAPER#12624@707] @bc t=6 used=2440 max=9507 near=1 over=0
[A:LANDSCAPER#11770@707] @bc t=6 used=2528 max=5610 near=0 over=0
[A:DELIVERY_DRONE#10976@707] @bc t=7 used=1082 max=8932 near=0 over=0
[B:LANDSCAPER#10209@708] @bc t=6 used=1668 max=9235 near=1 over=0
[A:LANDSCAPER#10696@709] @bc t=6 used=2663 max=3560 near=0 over=1
[A:DELIVERY_DRONE#11586@709] @bc t=7 used=2303 max=9611 near=1 over=0
[A:LANDSCAPER#13065@710] @bc t=6 used=2764 max=9976 near=1 over=0
[B:DELIVERY_DRONE#10648@711] @origin x=0 y=0
[A:DELIVERY_DRONE#11004@713] @bc t=7 used=2808 max=9882 near=1 over=0
[B:LANDSCAPER#13268@715] @bc t=6 used=1850 max=9460 near=1 over=1
[A:DELIVERY_DRONE#12686@716] @bc t=7 used=1190 max=7422 near=0 over=0
[A:DELIVERY_DRONE#11851@716] @bc t=7 used=920 max=9400 near=1 over=0
[A:FULFILLMENT_CENTER#13698@717] @build t=7 at=[4, 28] soup=256
[B:DELIVERY_DRONE#11318@717] @origin x=0 y=0
[A:DELIVERY_DRONE#12078@718] @bc t=7 used=747 max=9146 near=1 over=0
[A:LANDSCAPER#13175@719] @bc t=6 used=2586 max=5688 near=0 over=0
[A:DELIVERY_DRONE#13759@721] @bc t=7 used=2731 max=9427 near=1 over=0
[A:LANDSCAPER#10036@722] @bc t=6 used=2628 max=5792 near=0 over=0
[A:VAPORATOR#12612@724] @bc t=3 used=26 max=3498 near=0 over=0
[A:DELIVERY_DRONE#10763@724] @bc t=7 used=2401 max=9754 near=1 over=0
[A:DELIVERY_DRONE#10806@725] @bc t=7 used=6100 max=8151 near=0 over=0
[A:DELIVERY_DRONE#11670@726] @bc t=7 used=2239 max=9808 near=1 over=0
[A:DELIVERY_DRONE#10331@730] @bc t=7 used=4797 max=9247 near=1 over=0
[A:LANDSCAPER#12065@732] @bc t=6 used=2573 max=5832 near=0 over=0
[A:LANDSCAPER#10427@735] @bc t=6 used=2482 max=5802 near=0 over=0
[B:LANDSCAPER#10137@736] @bc t=6 used=1762 max=9437 near=1 over=1
[B:DELIVERY_DRONE#12403@736] @bc t=7 used=2651 max=6520 near=0 over=0
[A:FULFILLMENT_CENTER#13698@738] @build t=7 at=[4, 28] soup=252
[A:VAPORATOR#12139@738] @bc t=3 used=26 max=3489 near=0 over=0
[A:DELIVERY_DRONE#13695@738] @bc t=7 used=2268 max=9819 near=1 over=0
[A:DELIVERY_DRONE#10076@738] @dronepost at=[24, 19]
[A:DELIVERY_DRONE#12052@739] @dronepost at=[24, 19]
[A:DELIVERY_DRONE#10976@739] @dronepost at=[24, 19]
[A:DELIVERY_DRONE#12279@739] @dronepost at=[24, 19]
[A:DELIVERY_DRONE#13424@739] @bc t=7 used=2401 max=9239 near=1 over=0
[A:DELIVERY_DRONE#13891@740] @dronepost at=[25, 19]
[B:DELIVERY_DRONE#11589@741] @bc t=7 used=2192 max=6820 near=0 over=0
[A:DELIVERY_DRONE#11152@742] @dronepost at=[24, 18]
[A:DELIVERY_DRONE#10004@743] @dronepost at=[23, 17]
[A:DELIVERY_DRONE#11670@743] @dronepost at=[23, 17]
[A:DELIVERY_DRONE#10844@745] @dronepost at=[24, 16]
[A:DELIVERY_DRONE#11243@746] @bc t=7 used=2988 max=9355 near=1 over=0
[A:DELIVERY_DRONE#11299@747] @dronepost at=[23, 15]
[A:DELIVERY_DRONE#13309@747] @dronepost at=[22, 14]
[A:DELIVERY_DRONE#10806@748] @dronepost at=[22, 14]
[A:LANDSCAPER#10623@748] @bc t=6 used=3013 max=5839 near=0 over=0
[A:DELIVERY_DRONE#10763@748] @dronepost at=[22, 14]
[A:DELIVERY_DRONE#12627@749] @origin x=0 y=0
[A:DELIVERY_DRONE#13032@750] @bc t=7 used=6696 max=9483 near=1 over=0
[B:DELIVERY_DRONE#13836@751] @bc t=7 used=1899 max=6462 near=0 over=0
[A:DELIVERY_DRONE#10991@751] @dronepost at=[24, 15]
[A:LANDSCAPER#13140@752] @bc t=6 used=2676 max=6239 near=0 over=0
[A:LANDSCAPER#11802@752] @bc t=6 used=1961 max=6098 near=0 over=0
[A:LANDSCAPER#10234@753] @bc t=6 used=2373 max=6231 near=0 over=0
[A:DELIVERY_DRONE#10550@753] @dronepost at=[23, 16]
[A:DELIVERY_DRONE#13032@754] @dronepost at=[23, 16]
[A:DELIVERY_DRONE#11586@755] @dronepost at=[22, 16]
[A:DELIVERY_DRONE#11851@755] @dronepost at=[22, 16]
[A:DELIVERY_DRONE#11152@755] @bc t=7 used=5199 max=9449 near=1 over=0
[A:DELIVERY_DRONE#13759@755] @dronepost at=[22, 16]
[A:DELIVERY_DRONE#13695@756] @dronepost at=[21, 15]
[A:DELIVERY_DRONE#10076@756] @bc t=7 used=2809 max=9565 near=1 over=0
[A:DELIVERY_DRONE#12078@757] @dronepost at=[21, 15]
[A:DELIVERY_DRONE#10331@757] @dronepost at=[21, 15]
[A:DELIVERY_DRONE#10637@757] @dronepost at=[21, 15]
[A:DELIVERY_DRONE#13424@757] @dronepost at=[21, 15]
[B:DELIVERY_DRONE#13807@759] @bc t=7 used=2281 max=7263 near=0 over=0
[A:DELIVERY_DRONE#13431@759] @dronepost at=[24, 18]
[A:DELIVERY_DRONE#10402@759] @dronepost at=[22, 14]
[A:DELIVERY_DRONE#13207@760] @dronepost at=[22, 14]
[A:DELIVERY_DRONE#13002@760] @dronepost at=[21, 14]
[A:DELIVERY_DRONE#11004@761] @dronepost at=[21, 14]
[A:DELIVERY_DRONE#12686@762] @dronepost at=[20, 15]
[B:LANDSCAPER#12352@762] @bc t=6 used=1753 max=9367 near=1 over=0
[A:DELIVERY_DRONE#13891@762] @prune empty=[35, 5] sym=6
[A:DELIVERY_DRONE#11243@762] @dronepost at=[20, 15]
[A:DELIVERY_DRONE#10844@763] @prune empty=[35, 5] sym=6
[A:FULFILLMENT_CENTER#13698@764] @build t=7 at=[4, 28] soup=252
[A:VAPORATOR#10090@764] @bc t=3 used=26 max=3472 near=0 over=0
[A:DELIVERY_DRONE#10014@764] @dronepost at=[29, 22]
[A:DELIVERY_DRONE#12279@765] @bc t=7 used=6478 max=9154 near=1 over=0
[A:DELIVERY_DRONE#11299@766] @prune empty=[35, 5] sym=6
[A:DELIVERY_DRONE#10748@766] @dronepost at=[25, 19]
[A:DELIVERY_DRONE#10976@767] @prune empty=[35, 5] sym=6
[B:DELIVERY_DRONE#12403@767] @origin x=0 y=0
[B:DELIVERY_DRONE#11318@767] @bc t=7 used=2794 max=6899 near=0 over=0
[A:DELIVERY_DRONE#10991@767] @prune empty=[35, 5] sym=6
[A:DELIVERY_DRONE#12052@768] @prune empty=[35, 5] sym=6
[A:DELIVERY_DRONE#13431@768] @bc t=7 used=2787 max=9364 near=1 over=0
[A:DELIVERY_DRONE#10806@769] @prune empty=[35, 5] sym=6
[A:DELIVERY_DRONE#10550@769] @prune empty=[35, 5] sym=6
[A:DELIVERY_DRONE#12279@770] @prune empty=[35, 5] sym=6
[B:LANDSCAPER#10277@771] @bc t=6 used=1921 max=5812 near=0 over=0
[A:LANDSCAPER#10232@771] @bc t=6 used=2429 max=3224 near=0 over=1
[A:DELIVERY_DRONE#11586@771] @prune empty=[35, 5] sym=6
[A:DELIVERY_DRONE#10004@771] @prune empty=[35, 5] sym=6
[A:DELIVERY_DRONE#13032@771] @prune empty=[35, 5] sym=6
[B:LANDSCAPER#13181@772] @bc t=6 used=1788 max=4413 near=0 over=1
[B:DELIVERY_DRONE#10648@772] @bc t=7 used=2346 max=6785 near=0 over=0
[A:DELIVERY_DRONE#11851@773] @prune empty=[35, 5] sym=6
[A:DELIVERY_DRONE#10763@773] @prune empty=[35, 5] sym=6
[A:DELIVERY_DRONE#11152@773] @prune empty=[35, 5] sym=6
[A:DELIVERY_DRONE#13759@773] @prune empty=[35, 5] sym=6
[A:DELIVERY_DRONE#13002@773] @bc t=7 used=3289 max=9747 near=1 over=0
[A:DELIVERY_DRONE#13309@773] @prune empty=[35, 5] sym=6
[A:DELIVERY_DRONE#13695@775] @prune empty=[35, 5] sym=6
[A:DELIVERY_DRONE#11299@775] @bc t=7 used=4803 max=9167 near=1 over=0
[A:DELIVERY_DRONE#11670@775] @prune empty=[35, 5] sym=6
[A:DELIVERY_DRONE#10844@776] @bc t=7 used=2534 max=9244 near=1 over=0
[A:DELIVERY_DRONE#13424@777] @prune empty=[35, 5] sym=6
[A:DELIVERY_DRONE#10076@777] @prune empty=[35, 5] sym=6
[A:DELIVERY_DRONE#13431@777] @prune empty=[35, 5] sym=6
[B:LANDSCAPER#11405@778] @bc t=6 used=2344 max=4148 near=0 over=0
[A:DELIVERY_DRONE#12078@778] @prune empty=[35, 5] sym=6
[A:DELIVERY_DRONE#10331@778] @prune empty=[35, 5] sym=6
[A:DELIVERY_DRONE#13002@778] @prune empty=[35, 5] sym=6
[A:DELIVERY_DRONE#13207@779] @prune empty=[35, 5] sym=6
[A:DELIVERY_DRONE#10402@779] @prune empty=[35, 5] sym=6
[A:DELIVERY_DRONE#12627@779] @dronepost at=[18, 14]
[A:DELIVERY_DRONE#12686@780] @prune empty=[35, 5] sym=6
[A:DELIVERY_DRONE#10637@781] @prune empty=[35, 5] sym=6
[A:DELIVERY_DRONE#11004@781] @prune empty=[35, 5] sym=6
[A:LANDSCAPER#13762@782] @bc t=6 used=2700 max=3412 near=0 over=1
[B:DELIVERY_DRONE#13438@782] @bc t=7 used=2408 max=6831 near=0 over=0
[A:LANDSCAPER#11322@783] @bc t=6 used=1863 max=6334 near=0 over=0
[A:DELIVERY_DRONE#10014@783] @bc t=7 used=598 max=9201 near=1 over=0
[A:DELIVERY_DRONE#13891@784] @dronepost at=[30, 22]
[A:DELIVERY_DRONE#10976@784] @dronepost at=[39, 18]
[A:DELIVERY_DRONE#10748@784] @prune empty=[35, 5] sym=6
[A:DELIVERY_DRONE#13309@784] @bc t=7 used=3217 max=9175 near=1 over=0
[A:DELIVERY_DRONE#13891@785] @bc t=7 used=6756 max=8851 near=0 over=0
[A:DELIVERY_DRONE#12052@785] @dronepost at=[38, 19]
[A:DELIVERY_DRONE#12279@785] @dronepost at=[38, 19]
[A:DELIVERY_DRONE#10844@785] @dronepost at=[30, 22]
[A:DELIVERY_DRONE#10637@785] @bc t=7 used=6381 max=9574 near=1 over=0
[A:DELIVERY_DRONE#13891@786] @sight enemyHQ=[35, 26]
[A:DELIVERY_DRONE#10844@786] @sight enemyHQ=[35, 26]
[B:HQ#1@787] @shoot id=13891 d2=10
[A:FULFILLMENT_CENTER#13698@787] @build t=7 at=[4, 28] soup=255
[A:DELIVERY_DRONE#11299@787] @dronepost at=[39, 20]
[B:HQ#1@788] @shoot id=10844 d2=13
[B:LANDSCAPER#10641@788] @bc t=6 used=2238 max=5910 near=0 over=0
[A:DELIVERY_DRONE#10976@788] @sight enemyHQ=[35, 26]
[A:DELIVERY_DRONE#11243@788] @prune empty=[35, 5] sym=6
[B:HQ#1@790] @shoot id=10976 d2=10
[A:DELIVERY_DRONE#10550@790] @bc t=7 used=5001 max=9292 near=1 over=0
[A:DELIVERY_DRONE#10806@791] @dronepost at=[38, 20]
[A:DELIVERY_DRONE#10763@791] @dronepost at=[38, 20]
[A:DELIVERY_DRONE#11152@791] @dronepost at=[38, 20]
[A:DELIVERY_DRONE#11670@791] @dronepost at=[38, 20]
[A:DELIVERY_DRONE#10991@791] @sight enemyHQ=[35, 26]
[A:DELIVERY_DRONE#10991@791] @dronepost at=[38, 20]
[A:DELIVERY_DRONE#10806@792] @sight enemyHQ=[35, 26]
[B:LANDSCAPER#11830@792] @bc t=6 used=1626 max=8102 near=0 over=0
[A:DELIVERY_DRONE#11299@792] @sight enemyHQ=[35, 26]
[A:DELIVERY_DRONE#10076@792] @dronepost at=[39, 19]
[B:HQ#1@793] @shoot id=11299 d2=9
[A:DELIVERY_DRONE#10550@793] @dronepost at=[39, 19]
[B:DELIVERY_DRONE#13438@793] @origin x=0 y=0
[B:HQ#1@794] @shoot id=10806 d2=10
[A:DELIVERY_DRONE#12279@794] @sight enemyHQ=[35, 26]
[B:HQ#1@795] @shoot id=10991 d2=13
[A:DELIVERY_DRONE#12052@795] @sight enemyHQ=[35, 26]
[A:DELIVERY_DRONE#11586@795] @dronepost at=[40, 18]
[A:DELIVERY_DRONE#11851@795] @dronepost at=[40, 18]
[B:HQ#1@796] @shoot id=12279 d2=13
[B:LANDSCAPER#11373@796] @bc t=6 used=2443 max=4207 near=0 over=0
[A:DELIVERY_DRONE#11152@796] @sight enemyHQ=[35, 26]
[A:DELIVERY_DRONE#11152@796] @pickup t=6 id=12352 raid=true
[A:DELIVERY_DRONE#10550@796] @sight enemyHQ=[35, 26]
[B:HQ#1@797] @shoot id=12052 d2=10
[A:DESIGN_SCHOOL#12691@797] @bc t=4 used=1738 max=4796 near=1 over=0
[A:DELIVERY_DRONE#10748@797] @bc t=7 used=1532 max=9701 near=1 over=0
[B:HQ#1@798] @shoot id=10550 d2=10
[A:DELIVERY_DRONE#11586@798] @sight enemyHQ=[35, 26]
[A:DELIVERY_DRONE#11152@798] @drown at=[31, 24]
[A:DELIVERY_DRONE#11670@798] @sight enemyHQ=[35, 26]
[A:DELIVERY_DRONE#11670@798] @pickup t=6 id=13268 raid=true
[A:DELIVERY_DRONE#13424@798] @dronepost at=[40, 20]
[A:DELIVERY_DRONE#13032@798] @sight enemyHQ=[35, 26]
[A:DELIVERY_DRONE#13309@798] @dronepost at=[39, 20]
[B:HQ#1@799] @shoot id=13032 d2=10
[A:DELIVERY_DRONE#12078@799] @dronepost at=[39, 20]
[A:DELIVERY_DRONE#13695@799] @dronepost at=[39, 20]
[A:DELIVERY_DRONE#10076@799] @sight enemyHQ=[35, 26]
[A:DELIVERY_DRONE#13431@799] @dronepost at=[30, 26]
[A:DELIVERY_DRONE#10402@799] @dronepost at=[38, 19]
[A:HQ#0@800] @econ soup=330 built=13 minersSeen=0 ring=14 buried=0 sym=7
[A:HQ#0@800] @bc t=0 used=3673 max=4610 near=0 over=0
[B:HQ#1@800] @shoot id=11152 d2=8
[B:HQ#1@800] @econ soup=498 built=8 minersSeen=0 ring=5 buried=0 sym=7
[B:HQ#1@800] @bc t=0 used=3172 max=4519 near=0 over=0
[B:LANDSCAPER#10277@800] @wallstat seat=[34, 27] attacker=false helper=false helperDeps=0 eq=257 borrow=0 digs=327 deps=326 hqDigs=0 bury=0 elev=381
[B:LANDSCAPER#11405@800] @wallstat seat=[35, 27] attacker=false helper=false helperDeps=0 eq=90 borrow=0 digs=322 deps=321 hqDigs=0 bury=0 elev=381
[B:LANDSCAPER#10641@800] @wallstat seat=[34, 26] attacker=false helper=false helperDeps=0 eq=220 borrow=0 digs=318 deps=317 hqDigs=0 bury=0 elev=379
[B:LANDSCAPER#11373@800] @wallstat seat=[36, 27] attacker=false helper=false helperDeps=0 eq=179 borrow=0 digs=312 deps=311 hqDigs=0 bury=0 elev=381
[B:LANDSCAPER#13732@800] @wallstat seat=[36, 25] attacker=false helper=false helperDeps=0 eq=15 borrow=0 digs=281 deps=281 hqDigs=0 bury=0 elev=378
[A:LANDSCAPER#12624@800] @wallstat role=0 seat=[7, 25] post=null digs=213 deps=213 eq=51 borrow=0 helperDeps=0 innerDeps=0 hqDigs=0 bury=0 idle=221 elev=186
[A:LANDSCAPER#10696@800] @wallstat role=0 seat=[7, 26] post=null digs=207 deps=207 eq=21 borrow=0 helperDeps=0 innerDeps=0 hqDigs=0 bury=0 idle=237 elev=189
[A:LANDSCAPER#13065@800] @wallstat role=0 seat=[7, 27] post=null digs=213 deps=213 eq=165 borrow=0 helperDeps=0 innerDeps=0 hqDigs=0 bury=0 idle=219 elev=191
[A:DELIVERY_DRONE#12686@800] @dronestat at=[34, 19] pickups=2 drops=2 ferried=0 raidKills=0 raiding=true holding=false guess=[35, 26]
[B:LANDSCAPER#10137@800] @wallstat seat=null attacker=false helper=true helperDeps=253 eq=0 borrow=0 digs=257 deps=3 hqDigs=0 bury=0 elev=6
[A:LANDSCAPER#10232@800] @wallstat role=0 seat=[6, 28] post=null digs=207 deps=207 eq=166 borrow=0 helperDeps=0 innerDeps=0 hqDigs=0 bury=0 idle=179 elev=188
[B:LANDSCAPER#13181@800] @wallstat seat=null attacker=false helper=true helperDeps=247 eq=0 borrow=0 digs=250 deps=3 hqDigs=0 bury=0 elev=6
[A:LANDSCAPER#13762@800] @wallstat role=0 seat=[5, 28] post=null digs=207 deps=207 eq=180 borrow=0 helperDeps=0 innerDeps=0 hqDigs=0 bury=0 idle=169 elev=185
[B:LANDSCAPER#11830@800] @wallstat seat=null attacker=false helper=true helperDeps=243 eq=0 borrow=0 digs=246 deps=3 hqDigs=0 bury=0 elev=6
[A:LANDSCAPER#11838@800] @wallstat role=0 seat=[5, 24] post=null digs=185 deps=184 eq=16 borrow=0 helperDeps=0 innerDeps=0 hqDigs=0 bury=0 idle=199 elev=181
[B:LANDSCAPER#10209@800] @wallstat seat=null attacker=false helper=true helperDeps=194 eq=0 borrow=0 digs=197 deps=3 hqDigs=0 bury=0 elev=6
[A:LANDSCAPER#11770@800] @wallstat role=0 seat=[3, 28] post=null digs=184 deps=183 eq=6 borrow=0 helperDeps=0 innerDeps=0 hqDigs=0 bury=0 idle=0 elev=180
[A:LANDSCAPER#13175@800] @wallstat role=0 seat=[3, 24] post=null digs=184 deps=183 eq=5 borrow=0 helperDeps=0 innerDeps=0 hqDigs=0 bury=0 idle=0 elev=181
[A:LANDSCAPER#10036@800] @wallstat role=0 seat=[3, 26] post=null digs=176 deps=176 eq=1 borrow=0 helperDeps=0 innerDeps=0 hqDigs=0 bury=0 idle=0 elev=178
[A:DELIVERY_DRONE#12078@800] @dronestat at=[35, 18] pickups=1 drops=1 ferried=1 raidKills=0 raiding=true holding=false guess=[35, 26]
[A:LANDSCAPER#12065@800] @wallstat role=0 seat=[3, 25] post=null digs=171 deps=171 eq=0 borrow=0 helperDeps=0 innerDeps=0 hqDigs=0 bury=0 idle=0 elev=180
[A:LANDSCAPER#10427@800] @wallstat role=0 seat=[3, 27] post=null digs=170 deps=169 eq=0 borrow=0 helperDeps=0 innerDeps=0 hqDigs=0 bury=0 idle=0 elev=178
[A:LANDSCAPER#10623@800] @wallstat role=0 seat=[4, 24] post=null digs=162 deps=162 eq=0 borrow=0 helperDeps=0 innerDeps=0 hqDigs=0 bury=0 idle=0 elev=181
[A:LANDSCAPER#10234@800] @wallstat role=0 seat=[6, 24] post=null digs=161 deps=161 eq=10 borrow=0 helperDeps=0 innerDeps=0 hqDigs=0 bury=0 idle=0 elev=184
[A:LANDSCAPER#13140@800] @wallstat role=0 seat=[7, 24] post=null digs=162 deps=162 eq=1 borrow=0 helperDeps=0 innerDeps=0 hqDigs=0 bury=0 idle=0 elev=186
[A:LANDSCAPER#11802@800] @wallstat role=1 seat=null post=[8, 28] digs=156 deps=156 eq=153 borrow=0 helperDeps=153 innerDeps=0 hqDigs=0 bury=0 idle=14 elev=6
[A:LANDSCAPER#11322@800] @wallstat role=1 seat=null post=[8, 29] digs=148 deps=147 eq=144 borrow=0 helperDeps=144 innerDeps=0 hqDigs=0 bury=0 idle=0 elev=6
[A:DELIVERY_DRONE#10014@800] @dronestat at=[27, 26] pickups=1 drops=1 ferried=0 raidKills=0 raiding=false holding=false guess=[35, 26]
[A:DELIVERY_DRONE#13207@800] @sight enemyHQ=[35, 26]
[A:DELIVERY_DRONE#13207@800] @dronestat at=[33, 22] pickups=0 drops=0 ferried=0 raidKills=0 raiding=true holding=false guess=[35, 26]
[A:DELIVERY_DRONE#11586@800] @dronestat at=[35, 23] pickups=0 drops=0 ferried=0 raidKills=0 raiding=true holding=false guess=[35, 26]
[A:DELIVERY_DRONE#11851@800] @dronestat at=[36, 20] pickups=0 drops=0 ferried=0 raidKills=0 raiding=true holding=false guess=[35, 26]
[A:DELIVERY_DRONE#10763@800] @sight enemyHQ=[35, 26]
[A:DELIVERY_DRONE#10763@800] @dronestat at=[36, 22] pickups=0 drops=0 ferried=0 raidKills=0 raiding=true holding=false guess=[35, 26]
[A:DELIVERY_DRONE#10331@800] @dronestat at=[33, 19] pickups=0 drops=0 ferried=0 raidKills=0 raiding=true holding=false guess=[35, 26]
[A:DELIVERY_DRONE#13695@800] @dronestat at=[36, 18] pickups=1 drops=1 ferried=0 raidKills=0 raiding=true holding=false guess=[35, 26]
[A:DELIVERY_DRONE#11243@800] @dronestat at=[35, 16] pickups=0 drops=0 ferried=0 raidKills=0 raiding=true holding=false guess=[35, 26]
[A:DELIVERY_DRONE#10637@800] @dronepost at=[38, 19]
[A:DELIVERY_DRONE#10637@800] @dronestat at=[34, 18] pickups=0 drops=0 ferried=0 raidKills=0 raiding=true holding=false guess=[35, 26]
[A:DELIVERY_DRONE#10748@800] @dronestat at=[34, 17] pickups=0 drops=0 ferried=0 raidKills=0 raiding=true holding=false guess=[35, 26]
[A:DELIVERY_DRONE#10004@800] @dronestat at=[33, 17] pickups=0 drops=0 ferried=0 raidKills=0 raiding=true holding=false guess=[35, 26]
[A:DELIVERY_DRONE#11004@800] @dronestat at=[35, 17] pickups=0 drops=0 ferried=0 raidKills=0 raiding=true holding=false guess=[35, 26]
[A:DELIVERY_DRONE#13759@800] @dronepost at=[38, 19]
[A:DELIVERY_DRONE#13759@800] @dronestat at=[34, 21] pickups=0 drops=0 ferried=0 raidKills=0 raiding=true holding=false guess=[35, 26]
[A:DELIVERY_DRONE#11670@800] @dronestat at=[33, 23] pickups=1 drops=0 ferried=0 raidKills=1 raiding=true holding=true guess=[35, 26]
[A:DELIVERY_DRONE#11670@800] @drown at=[32, 24]
[B:DELIVERY_DRONE#12403@800] @dronestat pickups=0 drops=0 holding=false
[A:DELIVERY_DRONE#13424@800] @dronestat at=[37, 18] pickups=0 drops=0 ferried=0 raidKills=0 raiding=true holding=false guess=[35, 26]
[B:DELIVERY_DRONE#11589@800] @dronestat pickups=0 drops=0 holding=false
[B:DELIVERY_DRONE#13836@800] @dronestat pickups=0 drops=0 holding=false
[A:DELIVERY_DRONE#10076@800] @dronestat at=[35, 22] pickups=0 drops=0 ferried=0 raidKills=0 raiding=true holding=false guess=[35, 26]
[B:DELIVERY_DRONE#13807@800] @dronestat pickups=0 drops=0 holding=false
[B:DELIVERY_DRONE#11318@800] @dronestat pickups=0 drops=0 holding=false
[A:DELIVERY_DRONE#13431@800] @dronestat at=[31, 23] pickups=0 drops=0 ferried=0 raidKills=0 raiding=true holding=false guess=[35, 26]
[B:DELIVERY_DRONE#10648@800] @dronestat pickups=0 drops=0 holding=false
[A:DELIVERY_DRONE#13002@800] @dronestat at=[33, 18] pickups=0 drops=0 ferried=0 raidKills=0 raiding=true holding=false guess=[35, 26]
[B:DELIVERY_DRONE#13438@800] @dronestat pickups=0 drops=0 holding=false
[A:DELIVERY_DRONE#13309@800] @dronestat at=[35, 21] pickups=0 drops=0 ferried=0 raidKills=0 raiding=true holding=false guess=[35, 26]
[A:DELIVERY_DRONE#10402@800] @dronestat at=[35, 20] pickups=0 drops=0 ferried=0 raidKills=0 raiding=true holding=false guess=[35, 26]
[A:DELIVERY_DRONE#12627@800] @dronestat at=[27, 11] pickups=0 drops=0 ferried=0 raidKills=0 raiding=false holding=false guess=[35, 5]
[A:DELIVERY_DRONE#13432@800] @dronestat at=[17, 31] pickups=0 drops=0 ferried=0 raidKills=0 raiding=false holding=false guess=null
[A:DELIVERY_DRONE#13261@800] @dronestat at=[6, 29] pickups=0 drops=0 ferried=0 raidKills=0 raiding=false holding=false guess=null
[B:HQ#1@801] @shoot id=11586 d2=5
[A:DELIVERY_DRONE#10004@801] @dronepost at=[38, 19]
[A:DELIVERY_DRONE#11004@801] @dronepost at=[38, 19]
[A:DELIVERY_DRONE#13759@801] @sight enemyHQ=[35, 26]
[A:DELIVERY_DRONE#13431@801] @sight enemyHQ=[35, 26]
[A:DELIVERY_DRONE#13309@801] @sight enemyHQ=[35, 26]
[B:HQ#1@802] @shoot id=13431 d2=5
[A:DELIVERY_DRONE#11243@802] @dronepost at=[39, 18]
[B:HQ#1@803] @shoot id=13207 d2=4
[A:LANDSCAPER#11838@803] @bc t=6 used=2619 max=5851 near=0 over=0
[A:DELIVERY_DRONE#11851@803] @sight enemyHQ=[35, 26]
[A:DELIVERY_DRONE#10763@803] @pickup t=6 id=13732 raid=true
[A:DELIVERY_DRONE#10004@803] @bc t=7 used=3266 max=9364 near=1 over=0
[A:DELIVERY_DRONE#10402@803] @sight enemyHQ=[35, 26]
[B:HQ#1@804] @shoot id=11670 d2=2
[A:DELIVERY_DRONE#12686@804] @sight enemyHQ=[35, 26]
[A:DELIVERY_DRONE#10014@804] @dronepost at=[25, 22]
[A:DELIVERY_DRONE#10331@804] @sight enemyHQ=[35, 26]
[A:DELIVERY_DRONE#10076@804] @pickup t=6 id=13181 raid=true
[B:HQ#1@805] @shoot id=13759 d2=4
[A:DELIVERY_DRONE#12078@805] @sight enemyHQ=[35, 26]
[A:DELIVERY_DRONE#10763@805] @drown at=[36, 23]
[A:DELIVERY_DRONE#13695@805] @sight enemyHQ=[35, 26]
[A:DELIVERY_DRONE#10637@805] @sight enemyHQ=[35, 26]
[A:DELIVERY_DRONE#13424@805] @sight enemyHQ=[35, 26]
[B:HQ#1@806] @shoot id=13309 d2=1
[A:FULFILLMENT_CENTER#13698@806] @bc t=5 used=1743 max=4908 near=1 over=0
[A:DELIVERY_DRONE#10076@806] @drown at=[37, 24]
[B:HQ#1@807] @shoot id=10402 d2=1
[A:LANDSCAPER#12624@807] @bc t=6 used=2440 max=9507 near=1 over=0
[A:LANDSCAPER#11770@807] @bc t=6 used=2467 max=5610 near=0 over=0
[A:DELIVERY_DRONE#10004@807] @sight enemyHQ=[35, 26]
[A:DELIVERY_DRONE#11004@807] @sight enemyHQ=[35, 26]
[A:DELIVERY_DRONE#13002@807] @sight enemyHQ=[35, 26]
[B:HQ#1@808] @shoot id=10076 d2=1
[B:LANDSCAPER#10209@808] @bc t=6 used=1809 max=9235 near=1 over=0
[A:DELIVERY_DRONE#11851@808] @pickup t=6 id=10641 raid=true
[A:DELIVERY_DRONE#10748@808] @sight enemyHQ=[35, 26]
[B:HQ#1@809] @shoot id=10763 d2=1
[A:LANDSCAPER#10696@809] @bc t=6 used=2421 max=3560 near=0 over=1
[A:DELIVERY_DRONE#11243@809] @sight enemyHQ=[35, 26]
[B:HQ#1@810] @shoot id=12686 d2=1
[A:LANDSCAPER#13065@810] @bc t=6 used=2649 max=9976 near=1 over=0
[A:DELIVERY_DRONE#11851@810] @drown at=[32, 26]
[A:DELIVERY_DRONE#10331@810] @pickup t=6 id=10277 raid=true
[A:DELIVERY_DRONE#13002@810] @dronepost at=[28, 23]
[B:HQ#1@811] @shoot id=12078 d2=1
[A:FULFILLMENT_CENTER#13698@811] @build t=7 at=[4, 28] soup=250
[B:HQ#1@812] @shoot id=11851 d2=1
[A:DELIVERY_DRONE#10331@812] @drown at=[32, 27]
[A:DELIVERY_DRONE#13695@812] @pickup t=6 id=11373 raid=true
[B:HQ#1@813] @shoot id=10004 d2=1
[A:DELIVERY_DRONE#10331@813] @dronepost at=[29, 24]
[A:DELIVERY_DRONE#13695@813] @drown at=[37, 25]
[A:DELIVERY_DRONE#10637@813] @pickup t=6 id=10137 raid=true
[A:DELIVERY_DRONE#10748@813] @dronepost at=[29, 24]
[A:DELIVERY_DRONE#11004@813] @bc t=7 used=2677 max=9882 near=1 over=0
[A:DELIVERY_DRONE#13424@813] @pickup t=6 id=11830 raid=true
[B:HQ#1@814] @shoot id=11004 d2=1
[B:HQ#1@815] @shoot id=10748 d2=1
[A:DELIVERY_DRONE#13695@815] @pickup t=6 id=11405 raid=true
[A:DELIVERY_DRONE#10637@815] @drown at=[32, 28]
[A:DELIVERY_DRONE#13424@815] @drown at=[36, 28]
[B:HQ#1@816] @shoot id=11243 d2=1
[A:DELIVERY_DRONE#13695@816] @drown at=[37, 25]
[A:DELIVERY_DRONE#13002@816] @pickup t=6 id=10209 raid=true
[B:HQ#1@817] @shoot id=13695 d2=1
[B:HQ#1@818] @shoot id=13002 d2=2
[A:DELIVERY_DRONE#10331@818] @pickup t=6 id=10209 raid=true
[B:HQ#1@819] @shoot id=13424 d2=1
[A:LANDSCAPER#13175@819] @bc t=6 used=2627 max=5688 near=0 over=0
[A:DELIVERY_DRONE#10331@819] @drown at=[33, 29]
[B:HQ#1@820] @shoot id=10331 d2=5
[A:LANDSCAPER#10036@822] @bc t=6 used=2669 max=5792 near=0 over=0
[A:DELIVERY_DRONE#10283@822] @origin x=0 y=0
[A:VAPORATOR#12612@824] @bc t=3 used=26 max=3498 near=0 over=0
[A:LANDSCAPER#12065@832] @bc t=6 used=2692 max=5832 near=0 over=0
[A:DELIVERY_DRONE#13432@832] @dronepost at=[26, 22]
[A:FULFILLMENT_CENTER#13698@833] @build t=7 at=[4, 28] soup=250
[A:LANDSCAPER#10427@835] @bc t=6 used=2642 max=5802 near=0 over=0
[B:DELIVERY_DRONE#12403@836] @bc t=7 used=2217 max=6520 near=0 over=0
[A:VAPORATOR#12139@838] @bc t=3 used=26 max=3489 near=0 over=0
[A:DELIVERY_DRONE#12627@838] @bc t=7 used=494 max=9613 near=1 over=0
[B:DELIVERY_DRONE#11589@841] @bc t=7 used=1990 max=6820 near=0 over=0
[A:DELIVERY_DRONE#10283@841] @dronepost at=[20, 18]
[A:DELIVERY_DRONE#10014@844] @dronepost at=[25, 22]
[A:DELIVERY_DRONE#13334@847] @origin x=0 y=0
[A:LANDSCAPER#10623@848] @bc t=6 used=2483 max=5839 near=0 over=0
[A:DELIVERY_DRONE#13261@848] @dronepost at=[20, 17]
[A:DELIVERY_DRONE#10637@849] @dronepost at=[29, 24]
[B:DELIVERY_DRONE#13836@851] @bc t=7 used=675 max=6462 near=0 over=0
[A:LANDSCAPER#13140@852] @bc t=6 used=2676 max=6239 near=0 over=0
[A:LANDSCAPER#11802@852] @bc t=6 used=2002 max=6098 near=0 over=0
[A:LANDSCAPER#10234@853] @bc t=6 used=2492 max=6231 near=0 over=0
[A:DELIVERY_DRONE#12627@853] @dronepost at=[31, 13]
[A:FULFILLMENT_CENTER#13698@856] @build t=7 at=[4, 28] soup=255
[B:DELIVERY_DRONE#13807@859] @bc t=7 used=1935 max=7263 near=0 over=0
[A:DELIVERY_DRONE#12627@862] @prune empty=[35, 5] sym=6
[A:VAPORATOR#10090@864] @bc t=3 used=26 max=3472 near=0 over=0
[A:DELIVERY_DRONE#13432@864] @bc t=7 used=2258 max=9623 near=1 over=0
[A:DELIVERY_DRONE#13334@866] @dronepost at=[20, 17]
[B:DELIVERY_DRONE#11318@867] @bc t=7 used=1951 max=6899 near=0 over=0
[A:DELIVERY_DRONE#12297@867] @origin x=0 y=0
[A:DELIVERY_DRONE#13432@868] @prune empty=[35, 5] sym=6
[A:DELIVERY_DRONE#10283@868] @prune empty=[35, 5] sym=6
[A:LANDSCAPER#10232@871] @bc t=6 used=2548 max=3224 near=0 over=1
[B:DELIVERY_DRONE#10648@872] @bc t=7 used=2112 max=6785 near=0 over=0
[A:FULFILLMENT_CENTER#13698@877] @build t=7 at=[4, 28] soup=251
[A:LANDSCAPER#13762@882] @bc t=6 used=2741 max=3412 near=0 over=1
[B:DELIVERY_DRONE#13438@882] @bc t=7 used=2159 max=6831 near=0 over=0
[A:LANDSCAPER#11322@883] @bc t=6 used=1982 max=6334 near=0 over=0
[A:DELIVERY_DRONE#10014@883] @bc t=7 used=566 max=9201 near=1 over=0
[A:DELIVERY_DRONE#13432@883] @dronepost at=[25, 19]
[A:DELIVERY_DRONE#10283@883] @dronepost at=[25, 19]
[A:DELIVERY_DRONE#10637@885] @bc t=7 used=3739 max=9574 near=1 over=0
[A:DELIVERY_DRONE#12297@886] @dronepost at=[18, 16]
[A:DELIVERY_DRONE#13261@887] @bc t=7 used=864 max=9927 near=1 over=0
[A:DELIVERY_DRONE#12627@888] @sight enemyHQ=[35, 26]
[A:DELIVERY_DRONE#12304@888] @origin x=0 y=0
[B:HQ#1@889] @shoot id=12627 d2=10
[A:DELIVERY_DRONE#13432@895] @sight enemyHQ=[35, 26]
[A:DELIVERY_DRONE#10014@896] @sight enemyHQ=[35, 26]
[B:HQ#1@897] @shoot id=13432 d2=9
[A:DESIGN_SCHOOL#12691@897] @bc t=4 used=1738 max=4796 near=1 over=0
[A:DELIVERY_DRONE#10283@897] @sight enemyHQ=[35, 26]
[A:FULFILLMENT_CENTER#13698@899] @build t=7 at=[4, 28] soup=252
[A:DELIVERY_DRONE#10014@899] @dronepost at=[28, 22]
[A:HQ#0@900] @econ soup=258 built=13 minersSeen=0 ring=14 buried=0 sym=7
[A:HQ#0@900] @bc t=0 used=3176 max=4610 near=0 over=0
[B:HQ#1@900] @econ soup=598 built=8 minersSeen=0 ring=0 buried=0 sym=7
[B:HQ#1@900] @bc t=0 used=1040 max=4519 near=0 over=0
[A:LANDSCAPER#12624@900] @wallstat role=0 seat=[7, 25] post=null digs=263 deps=263 eq=51 borrow=0 helperDeps=0 innerDeps=0 hqDigs=0 bury=0 idle=221 elev=236
[A:LANDSCAPER#10696@900] @wallstat role=0 seat=[7, 26] post=null digs=257 deps=257 eq=21 borrow=0 helperDeps=0 innerDeps=0 hqDigs=0 bury=0 idle=237 elev=239
[A:LANDSCAPER#13065@900] @wallstat role=0 seat=[7, 27] post=null digs=263 deps=263 eq=214 borrow=0 helperDeps=0 innerDeps=0 hqDigs=0 bury=0 idle=219 elev=241
[A:LANDSCAPER#10232@900] @wallstat role=0 seat=[6, 28] post=null digs=257 deps=257 eq=216 borrow=0 helperDeps=0 innerDeps=0 hqDigs=0 bury=0 idle=179 elev=237
[A:LANDSCAPER#13762@900] @wallstat role=0 seat=[5, 28] post=null digs=257 deps=257 eq=230 borrow=0 helperDeps=0 innerDeps=0 hqDigs=0 bury=0 idle=169 elev=235
[A:LANDSCAPER#11838@900] @wallstat role=0 seat=[5, 24] post=null digs=235 deps=234 eq=16 borrow=0 helperDeps=0 innerDeps=0 hqDigs=0 bury=0 idle=199 elev=231
[A:LANDSCAPER#11770@900] @wallstat role=0 seat=[3, 28] post=null digs=234 deps=233 eq=6 borrow=0 helperDeps=0 innerDeps=0 hqDigs=0 bury=0 idle=0 elev=230
[A:LANDSCAPER#13175@900] @wallstat role=0 seat=[3, 24] post=null digs=234 deps=233 eq=5 borrow=0 helperDeps=0 innerDeps=0 hqDigs=0 bury=0 idle=0 elev=231
[A:LANDSCAPER#10036@900] @wallstat role=0 seat=[3, 26] post=null digs=226 deps=226 eq=1 borrow=0 helperDeps=0 innerDeps=0 hqDigs=0 bury=0 idle=0 elev=228
[A:LANDSCAPER#12065@900] @wallstat role=0 seat=[3, 25] post=null digs=221 deps=221 eq=0 borrow=0 helperDeps=0 innerDeps=0 hqDigs=0 bury=0 idle=0 elev=230
[A:LANDSCAPER#10427@900] @wallstat role=0 seat=[3, 27] post=null digs=220 deps=219 eq=0 borrow=0 helperDeps=0 innerDeps=0 hqDigs=0 bury=0 idle=0 elev=228
[A:LANDSCAPER#10623@900] @wallstat role=0 seat=[4, 24] post=null digs=212 deps=212 eq=0 borrow=0 helperDeps=0 innerDeps=0 hqDigs=0 bury=0 idle=0 elev=231
[A:LANDSCAPER#10234@900] @wallstat role=0 seat=[6, 24] post=null digs=211 deps=211 eq=10 borrow=0 helperDeps=0 innerDeps=0 hqDigs=0 bury=0 idle=0 elev=234
[A:LANDSCAPER#13140@900] @wallstat role=0 seat=[7, 24] post=null digs=212 deps=212 eq=1 borrow=0 helperDeps=0 innerDeps=0 hqDigs=0 bury=0 idle=0 elev=236
[A:LANDSCAPER#11802@900] @wallstat role=1 seat=null post=[8, 28] digs=206 deps=206 eq=202 borrow=0 helperDeps=202 innerDeps=0 hqDigs=0 bury=0 idle=14 elev=7
[A:LANDSCAPER#11322@900] @wallstat role=1 seat=null post=[8, 29] digs=198 deps=197 eq=193 borrow=0 helperDeps=193 innerDeps=0 hqDigs=0 bury=0 idle=0 elev=7
[A:DELIVERY_DRONE#10014@900] @dronestat at=[30, 24] pickups=1 drops=1 ferried=0 raidKills=0 raiding=false holding=false guess=[35, 26]
[A:DELIVERY_DRONE#10637@900] @dronestat at=[30, 28] pickups=1 drops=1 ferried=0 raidKills=1 raiding=false holding=false guess=[35, 26]
[B:DELIVERY_DRONE#12403@900] @dronestat pickups=0 drops=0 holding=false
[B:DELIVERY_DRONE#11589@900] @dronestat pickups=0 drops=0 holding=false
[B:DELIVERY_DRONE#13836@900] @dronestat pickups=0 drops=0 holding=false
[B:DELIVERY_DRONE#13807@900] @dronestat pickups=0 drops=0 holding=false
[B:DELIVERY_DRONE#11318@900] @dronestat pickups=0 drops=0 holding=false
[B:DELIVERY_DRONE#10648@900] @dronestat pickups=0 drops=0 holding=false
[B:DELIVERY_DRONE#13438@900] @dronestat pickups=0 drops=0 holding=false
[A:DELIVERY_DRONE#13261@900] @dronestat at=[29, 9] pickups=0 drops=0 ferried=0 raidKills=0 raiding=false holding=false guess=[35, 5]
[A:DELIVERY_DRONE#10283@900] @dronestat at=[30, 27] pickups=0 drops=0 ferried=0 raidKills=0 raiding=false holding=false guess=[35, 26]
[A:DELIVERY_DRONE#13334@900] @dronestat at=[27, 11] pickups=0 drops=0 ferried=0 raidKills=0 raiding=false holding=false guess=[35, 5]
[A:DELIVERY_DRONE#12297@900] @dronestat at=[25, 11] pickups=0 drops=0 ferried=0 raidKills=0 raiding=false holding=false guess=[35, 5]
[A:DELIVERY_DRONE#12304@900] @dronestat at=[11, 24] pickups=0 drops=0 ferried=0 raidKills=0 raiding=false holding=false guess=[35, 5]
[A:DELIVERY_DRONE#10951@900] @dronestat at=[4, 28] pickups=0 drops=0 ferried=0 raidKills=0 raiding=false holding=false guess=null
[A:LANDSCAPER#11838@903] @bc t=6 used=2619 max=5851 near=0 over=0
[A:FULFILLMENT_CENTER#13698@906] @bc t=5 used=1743 max=4908 near=1 over=0
[A:LANDSCAPER#12624@907] @bc t=6 used=2559 max=9507 near=1 over=0
[A:LANDSCAPER#11770@907] @bc t=6 used=2586 max=5610 near=0 over=0
[A:DELIVERY_DRONE#12304@907] @dronepost at=[18, 15]
[A:LANDSCAPER#10696@909] @bc t=6 used=2421 max=3560 near=0 over=1
[A:LANDSCAPER#13065@910] @bc t=6 used=2760 max=9976 near=1 over=0
[A:DELIVERY_DRONE#10283@911] @bc t=7 used=578 max=9621 near=1 over=0
[A:DELIVERY_DRONE#10637@914] @dronepost at=[28, 24]
[A:DELIVERY_DRONE#10951@916] @origin x=0 y=0
[A:LANDSCAPER#13175@919] @bc t=6 used=2664 max=5688 near=0 over=0
[B:DELIVERY_DRONE#13836@920] @origin x=0 y=0
[A:FULFILLMENT_CENTER#13698@921] @build t=7 at=[4, 28] soup=253
[A:LANDSCAPER#10036@922] @bc t=6 used=2747 max=5792 near=0 over=0
[A:DELIVERY_DRONE#10283@923] @dronepost at=[29, 26]
[A:VAPORATOR#12612@924] @bc t=3 used=26 max=3498 near=0 over=0
[A:DELIVERY_DRONE#13261@925] @prune empty=[35, 5] sym=6
[A:DELIVERY_DRONE#12297@925] @prune empty=[35, 5] sym=6
[A:DELIVERY_DRONE#13334@926] @prune empty=[35, 5] sym=6
[A:LANDSCAPER#12065@932] @bc t=6 used=2614 max=5832 near=0 over=0
[A:DELIVERY_DRONE#13334@933] @bc t=7 used=2456 max=9438 near=1 over=0
[A:LANDSCAPER#10427@935] @bc t=6 used=2523 max=5802 near=0 over=0
[B:DELIVERY_DRONE#12403@936] @bc t=7 used=521 max=6520 near=0 over=0
[A:DELIVERY_DRONE#10951@937] @dronepost at=[19, 17]
[A:VAPORATOR#12139@938] @bc t=3 used=26 max=3489 near=0 over=0
[A:DELIVERY_DRONE#13261@938] @dronepost at=[25, 18]
[A:DELIVERY_DRONE#13334@938] @dronepost at=[25, 18]
[A:DELIVERY_DRONE#10014@939] @dronepost at=[26, 26]
[B:DELIVERY_DRONE#11589@941] @bc t=7 used=2304 max=6820 near=0 over=0
[A:DELIVERY_DRONE#12297@941] @dronepost at=[27, 21]
[A:FULFILLMENT_CENTER#13698@943] @build t=7 at=[4, 28] soup=250
[B:HQ#1@945] @shoot id=10014 d2=9
[A:LANDSCAPER#10623@948] @bc t=6 used=2524 max=5839 near=0 over=0
[A:DELIVERY_DRONE#13865@948] @dronepost at=[20, 17]
[A:DELIVERY_DRONE#13261@950] @sight enemyHQ=[35, 26]
[A:DELIVERY_DRONE#12297@950] @sight enemyHQ=[35, 26]
[B:HQ#1@951] @shoot id=10283 d2=9
[B:DELIVERY_DRONE#13836@951] @bc t=7 used=2110 max=6462 near=0 over=0
[B:HQ#1@952] @shoot id=10637 d2=9
[A:LANDSCAPER#13140@952] @bc t=6 used=2795 max=6239 near=0 over=0
[A:LANDSCAPER#11802@952] @bc t=6 used=2121 max=6098 near=0 over=0
[A:DELIVERY_DRONE#13334@952] @sight enemyHQ=[35, 26]
[B:HQ#1@953] @shoot id=12297 d2=10
[A:LANDSCAPER#10234@953] @bc t=6 used=2373 max=6231 near=0 over=0
[A:DELIVERY_DRONE#12122@954] @origin x=0 y=0
[B:DELIVERY_DRONE#13807@959] @bc t=7 used=1947 max=7263 near=0 over=0
[A:VAPORATOR#10090@964] @bc t=3 used=26 max=3472 near=0 over=0
[A:FULFILLMENT_CENTER#13698@965] @build t=7 at=[4, 28] soup=252
[B:DELIVERY_DRONE#11318@967] @bc t=7 used=2301 max=6899 near=0 over=0
[A:LANDSCAPER#10232@971] @bc t=6 used=2429 max=3224 near=0 over=1
[B:DELIVERY_DRONE#10648@972] @bc t=7 used=2215 max=6785 near=0 over=0
[A:DELIVERY_DRONE#12122@973] @dronepost at=[18, 15]
[A:DELIVERY_DRONE#12304@977] @bc t=7 used=745 max=9557 near=1 over=0
[A:LANDSCAPER#13762@982] @bc t=6 used=2860 max=3412 near=0 over=1
[B:DELIVERY_DRONE#13438@982] @bc t=7 used=434 max=6831 near=0 over=0
[A:LANDSCAPER#11322@983] @bc t=6 used=1863 max=6334 near=0 over=0
[A:DELIVERY_DRONE#13334@986] @dronepost at=[26, 22]
[A:FULFILLMENT_CENTER#13698@987] @build t=7 at=[4, 28] soup=254
[A:DELIVERY_DRONE#13261@987] @bc t=7 used=393 max=9927 near=1 over=0
[A:DELIVERY_DRONE#12304@991] @prune empty=[35, 5] sym=6
[A:DELIVERY_DRONE#13865@991] @prune empty=[35, 5] sym=6
[A:DELIVERY_DRONE#10951@992] @prune empty=[35, 5] sym=6
[A:DESIGN_SCHOOL#12691@997] @bc t=4 used=1779 max=4796 near=1 over=0
[A:DELIVERY_DRONE#10951@999] @bc t=7 used=2424 max=9678 near=1 over=0
[A:HQ#0@1000] @econ soup=345 built=13 minersSeen=0 ring=14 buried=0 sym=7
[A:HQ#0@1000] @bc t=0 used=2991 max=4610 near=0 over=0
[B:HQ#1@1000] @econ soup=698 built=8 minersSeen=0 ring=0 buried=0 sym=7
[B:HQ#1@1000] @bc t=0 used=772 max=4519 near=0 over=0
[A:LANDSCAPER#12624@1000] @wallstat role=0 seat=[7, 25] post=null digs=313 deps=313 eq=51 borrow=0 helperDeps=0 innerDeps=0 hqDigs=0 bury=0 idle=221 elev=286
[A:LANDSCAPER#10696@1000] @wallstat role=0 seat=[7, 26] post=null digs=307 deps=307 eq=21 borrow=0 helperDeps=0 innerDeps=0 hqDigs=0 bury=0 idle=237 elev=289
[A:LANDSCAPER#13065@1000] @wallstat role=0 seat=[7, 27] post=null digs=313 deps=313 eq=264 borrow=0 helperDeps=0 innerDeps=0 hqDigs=0 bury=0 idle=219 elev=291
[A:LANDSCAPER#10232@1000] @wallstat role=0 seat=[6, 28] post=null digs=307 deps=307 eq=266 borrow=0 helperDeps=0 innerDeps=0 hqDigs=0 bury=0 idle=179 elev=287
[A:LANDSCAPER#13762@1000] @wallstat role=0 seat=[5, 28] post=null digs=307 deps=307 eq=280 borrow=0 helperDeps=0 innerDeps=0 hqDigs=0 bury=0 idle=169 elev=285
[A:LANDSCAPER#11838@1000] @wallstat role=0 seat=[5, 24] post=null digs=285 deps=284 eq=16 borrow=0 helperDeps=0 innerDeps=0 hqDigs=0 bury=0 idle=199 elev=281
[A:LANDSCAPER#11770@1000] @wallstat role=0 seat=[3, 28] post=null digs=284 deps=283 eq=6 borrow=0 helperDeps=0 innerDeps=0 hqDigs=0 bury=0 idle=0 elev=280
[A:LANDSCAPER#13175@1000] @wallstat role=0 seat=[3, 24] post=null digs=284 deps=283 eq=5 borrow=0 helperDeps=0 innerDeps=0 hqDigs=0 bury=0 idle=0 elev=281
[A:LANDSCAPER#10036@1000] @wallstat role=0 seat=[3, 26] post=null digs=276 deps=276 eq=1 borrow=0 helperDeps=0 innerDeps=0 hqDigs=0 bury=0 idle=0 elev=278
[A:LANDSCAPER#12065@1000] @wallstat role=0 seat=[3, 25] post=null digs=271 deps=271 eq=0 borrow=0 helperDeps=0 innerDeps=0 hqDigs=0 bury=0 idle=0 elev=280
[A:LANDSCAPER#10427@1000] @wallstat role=0 seat=[3, 27] post=null digs=270 deps=269 eq=0 borrow=0 helperDeps=0 innerDeps=0 hqDigs=0 bury=0 idle=0 elev=278
[A:LANDSCAPER#10623@1000] @wallstat role=0 seat=[4, 24] post=null digs=262 deps=262 eq=0 borrow=0 helperDeps=0 innerDeps=0 hqDigs=0 bury=0 idle=0 elev=281
[A:LANDSCAPER#10234@1000] @wallstat role=0 seat=[6, 24] post=null digs=261 deps=261 eq=10 borrow=0 helperDeps=0 innerDeps=0 hqDigs=0 bury=0 idle=0 elev=284
[A:LANDSCAPER#13140@1000] @wallstat role=0 seat=[7, 24] post=null digs=262 deps=262 eq=1 borrow=0 helperDeps=0 innerDeps=0 hqDigs=0 bury=0 idle=0 elev=286
[A:LANDSCAPER#11802@1000] @wallstat role=1 seat=null post=[8, 28] digs=256 deps=256 eq=252 borrow=0 helperDeps=252 innerDeps=0 hqDigs=0 bury=0 idle=14 elev=7
[A:LANDSCAPER#11322@1000] @wallstat role=1 seat=null post=[8, 29] digs=248 deps=247 eq=243 borrow=0 helperDeps=243 innerDeps=0 hqDigs=0 bury=0 idle=0 elev=7
[B:DELIVERY_DRONE#12403@1000] @dronestat pickups=0 drops=0 holding=false
[B:DELIVERY_DRONE#11589@1000] @dronestat pickups=0 drops=0 holding=false
[B:DELIVERY_DRONE#13836@1000] @dronestat pickups=0 drops=0 holding=false
[B:DELIVERY_DRONE#13807@1000] @dronestat pickups=0 drops=0 holding=false
[B:DELIVERY_DRONE#11318@1000] @dronestat pickups=0 drops=0 holding=false
[B:DELIVERY_DRONE#10648@1000] @dronestat pickups=0 drops=0 holding=false
[B:DELIVERY_DRONE#13438@1000] @dronestat pickups=0 drops=0 holding=false
[A:DELIVERY_DRONE#13261@1000] @dronestat at=[30, 27] pickups=0 drops=0 ferried=0 raidKills=0 raiding=false holding=false guess=[35, 26]
[A:DELIVERY_DRONE#13334@1000] @dronestat at=[30, 24] pickups=0 drops=0 ferried=0 raidKills=0 raiding=false holding=false guess=[35, 26]
[A:DELIVERY_DRONE#12304@1000] @dronestat at=[31, 14] pickups=0 drops=0 ferried=0 raidKills=0 raiding=false holding=false guess=[35, 26]
[A:DELIVERY_DRONE#10951@1000] @dronestat at=[32, 13] pickups=0 drops=0 ferried=0 raidKills=0 raiding=true holding=false guess=[35, 26]
[A:DELIVERY_DRONE#13865@1000] @dronestat at=[31, 13] pickups=0 drops=0 ferried=0 raidKills=0 raiding=false holding=false guess=[35, 26]
[A:DELIVERY_DRONE#12122@1000] @dronestat at=[27, 11] pickups=0 drops=0 ferried=0 raidKills=0 raiding=false holding=false guess=[35, 5]
[A:DELIVERY_DRONE#11442@1000] @dronestat at=[4, 30] pickups=0 drops=0 ferried=0 raidKills=0 raiding=false holding=false guess=null
[A:DELIVERY_DRONE#13464@1000] @dronestat at=[5, 30] pickups=0 drops=0 ferried=0 raidKills=0 raiding=false holding=false guess=null
[A:DELIVERY_DRONE#11442@1001] @origin x=0 y=0
[A:DELIVERY_DRONE#13464@1002] @origin x=0 y=0
[A:LANDSCAPER#11838@1003] @bc t=6 used=2697 max=5851 near=0 over=0
[A:DELIVERY_DRONE#12304@1003] @dronepost at=[25, 18]
[A:DELIVERY_DRONE#10951@1004] @dronepost at=[26, 19]
[A:FULFILLMENT_CENTER#13698@1006] @bc t=5 used=1784 max=4908 near=1 over=0
[A:DELIVERY_DRONE#13865@1006] @dronepost at=[27, 20]
[A:LANDSCAPER#12624@1007] @bc t=6 used=2481 max=9507 near=1 over=0
[A:LANDSCAPER#11770@1007] @bc t=6 used=2508 max=5610 near=0 over=0
[A:FULFILLMENT_CENTER#13698@1009] @build t=7 at=[4, 28] soup=255
[A:LANDSCAPER#10696@1009] @bc t=6 used=2622 max=3560 near=0 over=1
[A:LANDSCAPER#13065@1010] @bc t=6 used=2731 max=9976 near=1 over=0
[A:DELIVERY_DRONE#12304@1013] @sight enemyHQ=[35, 26]
[B:HQ#1@1015] @shoot id=12304 d2=8
[A:DELIVERY_DRONE#13865@1015] @sight enemyHQ=[35, 26]
[B:HQ#1@1016] @shoot id=13865 d2=8
[A:DELIVERY_DRONE#13261@1016] @dronepost at=[30, 22]
[A:DELIVERY_DRONE#10951@1016] @sight enemyHQ=[35, 26]
[B:HQ#1@1017] @shoot id=10951 d2=13
[A:LANDSCAPER#13175@1019] @bc t=6 used=2586 max=5688 near=0 over=0
[A:DELIVERY_DRONE#12328@1020] @origin x=0 y=0
[A:LANDSCAPER#10036@1022] @bc t=6 used=2628 max=5792 near=0 over=0
[A:DELIVERY_DRONE#13464@1022] @dronepost at=[20, 17]
[A:VAPORATOR#12612@1024] @bc t=3 used=26 max=3498 near=0 over=0
[A:DELIVERY_DRONE#11442@1024] @dronepost at=[21, 17]
[A:FULFILLMENT_CENTER#13698@1031] @build t=7 at=[4, 28] soup=255
[A:LANDSCAPER#12065@1032] @bc t=6 used=2614 max=5832 near=0 over=0
[A:DELIVERY_DRONE#13334@1033] @bc t=7 used=393 max=9438 near=1 over=0
[A:LANDSCAPER#10427@1035] @bc t=6 used=2523 max=5802 near=0 over=0
[B:DELIVERY_DRONE#12403@1036] @bc t=7 used=1991 max=6520 near=0 over=0
[A:VAPORATOR#12139@1038] @bc t=3 used=26 max=3489 near=0 over=0
[A:DELIVERY_DRONE#12328@1040] @dronepost at=[20, 18]
[B:DELIVERY_DRONE#11589@1041] @bc t=7 used=2069 max=6820 near=0 over=0
[A:DELIVERY_DRONE#12122@1043] @bc t=7 used=745 max=9558 near=1 over=0
[A:DELIVERY_DRONE#11312@1046] @origin x=0 y=0
[A:LANDSCAPER#10623@1048] @bc t=6 used=2602 max=5839 near=0 over=0
[B:DELIVERY_DRONE#13836@1051] @bc t=7 used=2056 max=6462 near=0 over=0
[A:FULFILLMENT_CENTER#13698@1052] @build t=7 at=[4, 28] soup=250
[A:LANDSCAPER#13140@1052] @bc t=6 used=2676 max=6239 near=0 over=0
[A:LANDSCAPER#11802@1052] @bc t=6 used=2037 max=6098 near=0 over=0
[A:LANDSCAPER#10234@1053] @bc t=6 used=2373 max=6231 near=0 over=0
[A:DELIVERY_DRONE#12122@1057] @prune empty=[35, 5] sym=6
[A:DELIVERY_DRONE#13464@1057] @prune empty=[35, 5] sym=6
[A:DELIVERY_DRONE#11442@1058] @prune empty=[35, 5] sym=6
[B:DELIVERY_DRONE#13807@1059] @bc t=7 used=397 max=7263 near=0 over=0
[A:VAPORATOR#10090@1064] @bc t=3 used=26 max=3472 near=0 over=0
[A:DELIVERY_DRONE#11442@1065] @bc t=7 used=5864 max=9438 near=1 over=0
[B:DELIVERY_DRONE#11318@1067] @bc t=7 used=2132 max=6899 near=0 over=0
[A:DELIVERY_DRONE#11312@1067] @dronepost at=[21, 19]
[A:LANDSCAPER#10232@1071] @bc t=6 used=2429 max=3224 near=0 over=1
[B:DELIVERY_DRONE#10648@1072] @bc t=7 used=1861 max=6785 near=0 over=0
[A:DELIVERY_DRONE#12122@1072] @dronepost at=[28, 22]
[A:DELIVERY_DRONE#11442@1073] @dronepost at=[27, 21]
[A:DELIVERY_DRONE#13464@1073] @dronepost at=[27, 21]
[A:FULFILLMENT_CENTER#13698@1074] @build t=7 at=[4, 28] soup=250
[A:LANDSCAPER#13762@1082] @bc t=6 used=2790 max=3412 near=0 over=1
[B:DELIVERY_DRONE#13438@1082] @bc t=7 used=2106 max=6831 near=0 over=0
[A:DELIVERY_DRONE#12122@1082] @sight enemyHQ=[35, 26]
[A:DELIVERY_DRONE#13464@1082] @sight enemyHQ=[35, 26]
[B:HQ#1@1083] @shoot id=13261 d2=9
[A:LANDSCAPER#11322@1083] @bc t=6 used=1904 max=6334 near=0 over=0
[B:HQ#1@1084] @shoot id=12122 d2=9
[A:DELIVERY_DRONE#11442@1084] @sight enemyHQ=[35, 26]
[B:HQ#1@1085] @shoot id=13334 d2=10
[A:DELIVERY_DRONE#13464@1087] @bc t=7 used=393 max=9439 near=1 over=0
[A:DELIVERY_DRONE#12450@1095] @origin x=0 y=0
[A:FULFILLMENT_CENTER#13698@1096] @build t=7 at=[4, 28] soup=254
[A:DESIGN_SCHOOL#12691@1097] @bc t=4 used=1779 max=4796 near=1 over=0
[A:HQ#0@1100] @econ soup=282 built=13 minersSeen=0 ring=14 buried=0 sym=7
[A:HQ#0@1100] @bc t=0 used=3049 max=4610 near=0 over=0
[B:HQ#1@1100] @econ soup=798 built=8 minersSeen=0 ring=0 buried=0 sym=7
[B:HQ#1@1100] @bc t=0 used=772 max=4519 near=0 over=0
[A:LANDSCAPER#12624@1100] @wallstat role=0 seat=[7, 25] post=null digs=363 deps=363 eq=51 borrow=0 helperDeps=0 innerDeps=0 hqDigs=0 bury=0 idle=221 elev=336
[A:LANDSCAPER#10696@1100] @wallstat role=0 seat=[7, 26] post=null digs=357 deps=357 eq=21 borrow=0 helperDeps=0 innerDeps=0 hqDigs=0 bury=0 idle=237 elev=339
[A:LANDSCAPER#13065@1100] @wallstat role=0 seat=[7, 27] post=null digs=363 deps=363 eq=314 borrow=0 helperDeps=0 innerDeps=0 hqDigs=0 bury=0 idle=219 elev=341
[A:LANDSCAPER#10232@1100] @wallstat role=0 seat=[6, 28] post=null digs=357 deps=357 eq=316 borrow=0 helperDeps=0 innerDeps=0 hqDigs=0 bury=0 idle=179 elev=337
[A:LANDSCAPER#13762@1100] @wallstat role=0 seat=[5, 28] post=null digs=357 deps=357 eq=330 borrow=0 helperDeps=0 innerDeps=0 hqDigs=0 bury=0 idle=169 elev=335
[A:LANDSCAPER#11838@1100] @wallstat role=0 seat=[5, 24] post=null digs=335 deps=334 eq=16 borrow=0 helperDeps=0 innerDeps=0 hqDigs=0 bury=0 idle=199 elev=331
[A:LANDSCAPER#11770@1100] @wallstat role=0 seat=[3, 28] post=null digs=334 deps=333 eq=6 borrow=0 helperDeps=0 innerDeps=0 hqDigs=0 bury=0 idle=0 elev=330
[A:LANDSCAPER#13175@1100] @wallstat role=0 seat=[3, 24] post=null digs=334 deps=333 eq=5 borrow=0 helperDeps=0 innerDeps=0 hqDigs=0 bury=0 idle=0 elev=331
[A:LANDSCAPER#10036@1100] @wallstat role=0 seat=[3, 26] post=null digs=326 deps=326 eq=1 borrow=0 helperDeps=0 innerDeps=0 hqDigs=0 bury=0 idle=0 elev=328
[A:LANDSCAPER#12065@1100] @wallstat role=0 seat=[3, 25] post=null digs=321 deps=321 eq=0 borrow=0 helperDeps=0 innerDeps=0 hqDigs=0 bury=0 idle=0 elev=330
[A:LANDSCAPER#10427@1100] @wallstat role=0 seat=[3, 27] post=null digs=320 deps=319 eq=0 borrow=0 helperDeps=0 innerDeps=0 hqDigs=0 bury=0 idle=0 elev=328
[A:LANDSCAPER#10623@1100] @wallstat role=0 seat=[4, 24] post=null digs=312 deps=312 eq=0 borrow=0 helperDeps=0 innerDeps=0 hqDigs=0 bury=0 idle=0 elev=331
[A:LANDSCAPER#10234@1100] @wallstat role=0 seat=[6, 24] post=null digs=311 deps=311 eq=10 borrow=0 helperDeps=0 innerDeps=0 hqDigs=0 bury=0 idle=0 elev=334
[A:LANDSCAPER#13140@1100] @wallstat role=0 seat=[7, 24] post=null digs=312 deps=312 eq=1 borrow=0 helperDeps=0 innerDeps=0 hqDigs=0 bury=0 idle=0 elev=336
[A:LANDSCAPER#11802@1100] @wallstat role=1 seat=null post=[8, 28] digs=306 deps=306 eq=302 borrow=0 helperDeps=302 innerDeps=0 hqDigs=0 bury=0 idle=14 elev=7
[A:LANDSCAPER#11322@1100] @wallstat role=1 seat=null post=[8, 29] digs=298 deps=297 eq=293 borrow=0 helperDeps=293 innerDeps=0 hqDigs=0 bury=0 idle=0 elev=7
[B:DELIVERY_DRONE#12403@1100] @dronestat pickups=0 drops=0 holding=false
[B:DELIVERY_DRONE#11589@1100] @dronestat pickups=0 drops=0 holding=false
[B:DELIVERY_DRONE#13836@1100] @dronestat pickups=0 drops=0 holding=false
[B:DELIVERY_DRONE#13807@1100] @dronestat pickups=0 drops=0 holding=false
[B:DELIVERY_DRONE#11318@1100] @dronestat pickups=0 drops=0 holding=false
[B:DELIVERY_DRONE#10648@1100] @dronestat pickups=0 drops=0 holding=false
[B:DELIVERY_DRONE#13438@1100] @dronestat pickups=0 drops=0 holding=false
[A:DELIVERY_DRONE#11442@1100] @dronestat at=[30, 24] pickups=0 drops=0 ferried=0 raidKills=0 raiding=false holding=false guess=[35, 26]
[A:DELIVERY_DRONE#13464@1100] @dronestat at=[30, 27] pickups=0 drops=0 ferried=0 raidKills=0 raiding=false holding=false guess=[35, 26]
[A:DELIVERY_DRONE#12328@1100] @dronestat at=[27, 11] pickups=0 drops=0 ferried=0 raidKills=0 raiding=false holding=false guess=[35, 5]
[A:DELIVERY_DRONE#11312@1100] @dronestat at=[27, 12] pickups=0 drops=0 ferried=0 raidKills=0 raiding=false holding=false guess=[35, 5]
[A:DELIVERY_DRONE#13745@1100] @dronestat at=[6, 27] pickups=0 drops=0 ferried=0 raidKills=0 raiding=false holding=false guess=null
[A:DELIVERY_DRONE#12450@1100] @dronestat at=[5, 29] pickups=0 drops=0 ferried=0 raidKills=0 raiding=false holding=false guess=[35, 5]
[A:DELIVERY_DRONE#14051@1100] @dronestat at=[4, 28] pickups=0 drops=0 ferried=0 raidKills=0 raiding=false holding=false guess=null
[A:LANDSCAPER#11838@1103] @bc t=6 used=2701 max=5851 near=0 over=0
[A:FULFILLMENT_CENTER#13698@1106] @bc t=5 used=1825 max=4908 near=1 over=0
[A:LANDSCAPER#12624@1107] @bc t=6 used=2481 max=9507 near=1 over=0
[A:LANDSCAPER#11770@1107] @bc t=6 used=2516 max=5610 near=0 over=0
[A:DELIVERY_DRONE#14051@1108] @origin x=0 y=0
[A:LANDSCAPER#10696@1109] @bc t=6 used=2462 max=3560 near=0 over=1
[A:DELIVERY_DRONE#12328@1109] @bc t=7 used=679 max=9558 near=1 over=0
[A:LANDSCAPER#13065@1110] @bc t=6 used=2690 max=9976 near=1 over=0
[A:DELIVERY_DRONE#11442@1113] @dronepost at=[30, 23]
[A:DELIVERY_DRONE#13464@1113] @dronepost at=[30, 23]
[A:DELIVERY_DRONE#12450@1116] @dronepost at=[20, 19]
[A:FULFILLMENT_CENTER#13698@1118] @build t=7 at=[4, 28] soup=255
[A:LANDSCAPER#13175@1119] @bc t=6 used=2627 max=5688 near=0 over=0
[A:LANDSCAPER#10036@1122] @bc t=6 used=2669 max=5792 near=0 over=0
[A:VAPORATOR#12612@1124] @bc t=3 used=26 max=3498 near=0 over=0
[A:DELIVERY_DRONE#14051@1126] @dronepost at=[17, 17]
[A:DELIVERY_DRONE#11312@1131] @bc t=7 used=626 max=9439 near=1 over=0
[A:LANDSCAPER#12065@1132] @bc t=6 used=2692 max=5832 near=0 over=0
[A:LANDSCAPER#10427@1135] @bc t=6 used=2601 max=5802 near=0 over=0
[B:DELIVERY_DRONE#12403@1136] @bc t=7 used=683 max=6520 near=0 over=0
[A:VAPORATOR#12139@1138] @bc t=3 used=26 max=3489 near=0 over=0
[A:FULFILLMENT_CENTER#13698@1139] @build t=7 at=[4, 28] soup=250
[B:DELIVERY_DRONE#11589@1141] @bc t=7 used=360 max=6820 near=0 over=0
[A:DELIVERY_DRONE#13745@1144] @dronepost at=[18, 15]
[A:DELIVERY_DRONE#12328@1145] @prune empty=[35, 5] sym=6
[A:DELIVERY_DRONE#12450@1145] @prune empty=[35, 5] sym=6
[A:DELIVERY_DRONE#10676@1145] @dronepost at=[19, 16]
[A:DELIVERY_DRONE#11312@1147] @prune empty=[35, 5] sym=6
[A:LANDSCAPER#10623@1148] @bc t=6 used=2524 max=5839 near=0 over=0
[B:DELIVERY_DRONE#13836@1151] @bc t=7 used=542 max=6462 near=0 over=0
[A:LANDSCAPER#13140@1152] @bc t=6 used=2676 max=6239 near=0 over=0
[A:LANDSCAPER#11802@1152] @bc t=6 used=2002 max=6098 near=0 over=0
[A:DELIVERY_DRONE#13745@1152] @bc t=7 used=2634 max=9502 near=1 over=0
[A:LANDSCAPER#10234@1153] @bc t=6 used=2451 max=6231 near=0 over=0
[A:DELIVERY_DRONE#11442@1153] @dronepost at=[27, 21]
[A:DELIVERY_DRONE#10946@1156] @origin x=0 y=0
[A:DELIVERY_DRONE#12328@1157] @dronepost at=[27, 19]
[B:DELIVERY_DRONE#13807@1159] @bc t=7 used=2065 max=7263 near=0 over=0
[A:DELIVERY_DRONE#11312@1159] @dronepost at=[25, 18]
[A:DELIVERY_DRONE#12450@1160] @dronepost at=[29, 21]
[A:FULFILLMENT_CENTER#13698@1162] @build t=7 at=[4, 28] soup=254
[A:VAPORATOR#10090@1164] @bc t=3 used=26 max=3472 near=0 over=0
[A:DELIVERY_DRONE#11442@1165] @bc t=7 used=5833 max=9438 near=1 over=0
[B:HQ#1@1167] @shoot id=11442 d2=9
[B:DELIVERY_DRONE#11318@1167] @bc t=7 used=397 max=6899 near=0 over=0
[A:DELIVERY_DRONE#12328@1169] @sight enemyHQ=[35, 26]
[B:HQ#1@1171] @shoot id=13464 d2=9
[A:LANDSCAPER#10232@1171] @bc t=6 used=2548 max=3224 near=0 over=1
[A:DELIVERY_DRONE#12450@1171] @sight enemyHQ=[35, 26]
[B:DELIVERY_DRONE#10648@1172] @bc t=7 used=479 max=6785 near=0 over=0
[A:DELIVERY_DRONE#12450@1174] @bc t=7 used=557 max=9439 near=1 over=0
[A:DELIVERY_DRONE#10946@1175] @dronepost at=[19, 16]
[A:DELIVERY_DRONE#12494@1179] @origin x=0 y=0
[A:LANDSCAPER#13762@1182] @bc t=6 used=2741 max=3412 near=0 over=1
[B:DELIVERY_DRONE#13438@1182] @bc t=7 used=366 max=6831 near=0 over=0
[A:FULFILLMENT_CENTER#13698@1183] @build t=7 at=[4, 28] soup=250
[A:LANDSCAPER#11322@1183] @bc t=6 used=2023 max=6334 near=0 over=0
[A:DELIVERY_DRONE#10676@1193] @prune empty=[35, 5] sym=6
[A:DELIVERY_DRONE#13745@1194] @prune empty=[35, 5] sym=6
[A:DELIVERY_DRONE#10688@1194] @origin x=0 y=0
[A:DELIVERY_DRONE#14051@1196] @bc t=7 used=2492 max=9674 near=1 over=0
[A:DESIGN_SCHOOL#12691@1197] @bc t=4 used=1738 max=4796 near=1 over=0
[A:DELIVERY_DRONE#12328@1197] @dronepost at=[28, 23]
[A:DELIVERY_DRONE#11312@1199] @dronepost at=[27, 22]
[A:HQ#0@1200] @econ soup=367 built=13 minersSeen=0 ring=14 buried=0 sym=7
[A:HQ#0@1200] @bc t=0 used=3118 max=4610 near=0 over=0
[B:HQ#1@1200] @econ soup=898 built=8 minersSeen=0 ring=0 buried=0 sym=7
[B:HQ#1@1200] @bc t=0 used=1034 max=4519 near=0 over=0
[A:LANDSCAPER#12624@1200] @wallstat role=0 seat=[7, 25] post=null digs=413 deps=413 eq=51 borrow=0 helperDeps=0 innerDeps=0 hqDigs=0 bury=0 idle=221 elev=386
[A:LANDSCAPER#10696@1200] @wallstat role=0 seat=[7, 26] post=null digs=407 deps=407 eq=21 borrow=0 helperDeps=0 innerDeps=0 hqDigs=0 bury=0 idle=237 elev=389
[A:LANDSCAPER#13065@1200] @wallstat role=0 seat=[7, 27] post=null digs=413 deps=413 eq=364 borrow=0 helperDeps=0 innerDeps=0 hqDigs=0 bury=0 idle=219 elev=390
[A:LANDSCAPER#10232@1200] @wallstat role=0 seat=[6, 28] post=null digs=407 deps=407 eq=366 borrow=0 helperDeps=0 innerDeps=0 hqDigs=0 bury=0 idle=179 elev=387
[A:LANDSCAPER#13762@1200] @wallstat role=0 seat=[5, 28] post=null digs=407 deps=407 eq=380 borrow=0 helperDeps=0 innerDeps=0 hqDigs=0 bury=0 idle=169 elev=385
[A:LANDSCAPER#11838@1200] @wallstat role=0 seat=[5, 24] post=null digs=385 deps=384 eq=16 borrow=0 helperDeps=0 innerDeps=0 hqDigs=0 bury=0 idle=199 elev=381
[A:LANDSCAPER#11770@1200] @wallstat role=0 seat=[3, 28] post=null digs=384 deps=383 eq=6 borrow=0 helperDeps=0 innerDeps=0 hqDigs=0 bury=0 idle=0 elev=380
[A:LANDSCAPER#13175@1200] @wallstat role=0 seat=[3, 24] post=null digs=384 deps=383 eq=5 borrow=0 helperDeps=0 innerDeps=0 hqDigs=0 bury=0 idle=0 elev=381
[A:LANDSCAPER#10036@1200] @wallstat role=0 seat=[3, 26] post=null digs=376 deps=376 eq=1 borrow=0 helperDeps=0 innerDeps=0 hqDigs=0 bury=0 idle=0 elev=378
[A:LANDSCAPER#12065@1200] @wallstat role=0 seat=[3, 25] post=null digs=371 deps=371 eq=0 borrow=0 helperDeps=0 innerDeps=0 hqDigs=0 bury=0 idle=0 elev=380
[A:LANDSCAPER#10427@1200] @wallstat role=0 seat=[3, 27] post=null digs=370 deps=369 eq=0 borrow=0 helperDeps=0 innerDeps=0 hqDigs=0 bury=0 idle=0 elev=378
[A:LANDSCAPER#10623@1200] @wallstat role=0 seat=[4, 24] post=null digs=362 deps=362 eq=0 borrow=0 helperDeps=0 innerDeps=0 hqDigs=0 bury=0 idle=0 elev=381
[A:LANDSCAPER#10234@1200] @wallstat role=0 seat=[6, 24] post=null digs=361 deps=361 eq=10 borrow=0 helperDeps=0 innerDeps=0 hqDigs=0 bury=0 idle=0 elev=384
[A:LANDSCAPER#13140@1200] @wallstat role=0 seat=[7, 24] post=null digs=362 deps=362 eq=1 borrow=0 helperDeps=0 innerDeps=0 hqDigs=0 bury=0 idle=0 elev=386
[A:LANDSCAPER#11802@1200] @wallstat role=1 seat=null post=[8, 28] digs=356 deps=356 eq=351 borrow=0 helperDeps=351 innerDeps=0 hqDigs=0 bury=0 idle=14 elev=8
[A:LANDSCAPER#11322@1200] @wallstat role=1 seat=null post=[8, 29] digs=348 deps=347 eq=342 borrow=0 helperDeps=342 innerDeps=0 hqDigs=0 bury=0 idle=0 elev=8
[B:DELIVERY_DRONE#12403@1200] @dronestat pickups=0 drops=0 holding=false
[B:DELIVERY_DRONE#11589@1200] @dronestat pickups=0 drops=0 holding=false
[B:DELIVERY_DRONE#13836@1200] @dronestat pickups=0 drops=0 holding=false
[B:DELIVERY_DRONE#13807@1200] @dronestat pickups=0 drops=0 holding=false
[B:DELIVERY_DRONE#11318@1200] @dronestat pickups=0 drops=0 holding=false
[B:DELIVERY_DRONE#10648@1200] @dronestat pickups=0 drops=0 holding=false
[B:DELIVERY_DRONE#13438@1200] @dronestat pickups=0 drops=0 holding=false
[A:DELIVERY_DRONE#12328@1200] @dronestat at=[30, 27] pickups=0 drops=0 ferried=0 raidKills=0 raiding=false holding=false guess=[35, 26]
[A:DELIVERY_DRONE#11312@1200] @dronestat at=[30, 24] pickups=0 drops=0 ferried=0 raidKills=0 raiding=false holding=false guess=[35, 26]
[A:DELIVERY_DRONE#13745@1200] @dronestat at=[31, 11] pickups=0 drops=0 ferried=0 raidKills=0 raiding=false holding=false guess=[35, 26]
[A:DELIVERY_DRONE#12450@1200] @dronepost at=[26, 21]
[A:DELIVERY_DRONE#12450@1200] @dronestat at=[29, 24] pickups=0 drops=0 ferried=0 raidKills=0 raiding=false holding=false guess=[35, 26]
[A:DELIVERY_DRONE#14051@1200] @dronestat at=[32, 9] pickups=0 drops=0 ferried=0 raidKills=0 raiding=true holding=false guess=[35, 5]
[A:DELIVERY_DRONE#10676@1200] @dronestat at=[32, 13] pickups=0 drops=0 ferried=0 raidKills=0 raiding=true holding=false guess=[35, 26]
[A:DELIVERY_DRONE#10946@1200] @dronestat at=[27, 11] pickups=0 drops=0 ferried=0 raidKills=0 raiding=false holding=false guess=[35, 5]
[A:DELIVERY_DRONE#12494@1200] @dronestat at=[17, 21] pickups=0 drops=0 ferried=0 raidKills=0 raiding=false holding=false guess=[35, 5]
[A:DELIVERY_DRONE#10688@1200] @dronestat at=[7, 28] pickups=0 drops=0 ferried=0 raidKills=0 raiding=false holding=false guess=[35, 5]
[A:DELIVERY_DRONE#14051@1202] @prune empty=[35, 5] sym=6
[A:LANDSCAPER#11838@1203] @bc t=6 used=2619 max=5851 near=0 over=0
[A:DELIVERY_DRONE#12494@1203] @dronepost at=[21, 15]
[A:FULFILLMENT_CENTER#13698@1205] @build t=7 at=[4, 28] soup=250
[A:DELIVERY_DRONE#10676@1205] @dronepost at=[26, 18]
[A:FULFILLMENT_CENTER#13698@1206] @bc t=5 used=1743 max=4908 near=1 over=0
[A:LANDSCAPER#12624@1207] @bc t=6 used=2559 max=9507 near=1 over=0
[A:LANDSCAPER#11770@1207] @bc t=6 used=2586 max=5610 near=0 over=0
[A:LANDSCAPER#10696@1209] @bc t=6 used=2421 max=3560 near=0 over=1
[A:DELIVERY_DRONE#12328@1209] @bc t=7 used=459 max=9558 near=1 over=0
[A:DELIVERY_DRONE#13745@1209] @dronepost at=[25, 19]
[A:LANDSCAPER#13065@1210] @bc t=6 used=2945 max=9976 near=1 over=0
[A:DELIVERY_DRONE#14051@1211] @dronepost at=[26, 17]
[A:DELIVERY_DRONE#11312@1212] @sight enemyHQ=[35, 26]
[A:DELIVERY_DRONE#10688@1212] @dronepost at=[17, 17]
[B:HQ#1@1213] @shoot id=11312 d2=9
[B:HQ#1@1218] @shoot id=12450 d2=9
[A:DELIVERY_DRONE#10676@1218] @sight enemyHQ=[35, 26]
[A:DELIVERY_DRONE#10676@1218] @bc t=7 used=690 max=9501 near=1 over=0
[A:LANDSCAPER#13175@1219] @bc t=6 used=2664 max=5688 near=0 over=0
[A:DELIVERY_DRONE#13745@1220] @sight enemyHQ=[35, 26]
[B:HQ#1@1221] @shoot id=13745 d2=10
[A:LANDSCAPER#10036@1222] @bc t=6 used=2706 max=5792 near=0 over=0
[A:VAPORATOR#12612@1224] @bc t=3 used=26 max=3498 near=0 over=0
[A:FULFILLMENT_CENTER#13698@1228] @build t=7 at=[4, 28] soup=256
[A:LANDSCAPER#12065@1232] @bc t=6 used=2655 max=5832 near=0 over=0
[A:LANDSCAPER#10427@1235] @bc t=6 used=2564 max=5802 near=0 over=0
[B:DELIVERY_DRONE#12403@1236] @bc t=7 used=2320 max=6520 near=0 over=0
[A:VAPORATOR#12139@1238] @bc t=3 used=26 max=3489 near=0 over=0
[A:DELIVERY_DRONE#10946@1239] @bc t=7 used=626 max=9439 near=1 over=0
[A:DELIVERY_DRONE#10333@1239] @origin x=0 y=0
[B:DELIVERY_DRONE#11589@1241] @bc t=7 used=2336 max=6820 near=0 over=0
[A:LANDSCAPER#10623@1248] @bc t=6 used=2483 max=5839 near=0 over=0
[A:FULFILLMENT_CENTER#13698@1249] @build t=7 at=[4, 28] soup=253
[B:DELIVERY_DRONE#13836@1251] @bc t=7 used=2171 max=6462 near=0 over=0
[A:LANDSCAPER#13140@1252] @bc t=6 used=2795 max=6239 near=0 over=0
[A:LANDSCAPER#11802@1252] @bc t=6 used=2121 max=6098 near=0 over=0
[A:DELIVERY_DRONE#10529@1252] @dronepost at=[20, 17]
[A:LANDSCAPER#10234@1253] @bc t=6 used=2373 max=6231 near=0 over=0
[A:DELIVERY_DRONE#14051@1255] @dronepost at=[27, 20]
[A:DELIVERY_DRONE#10676@1255] @dronepost at=[27, 21]
[A:DELIVERY_DRONE#10333@1258] @dronepost at=[17, 15]
[B:DELIVERY_DRONE#13807@1259] @bc t=7 used=2649 max=7263 near=0 over=0
[A:DELIVERY_DRONE#12328@1260] @dronepost at=[30, 23]
[A:DELIVERY_DRONE#12494@1262] @bc t=7 used=2597 max=9621 near=1 over=0
[A:VAPORATOR#10090@1264] @bc t=3 used=26 max=3472 near=0 over=0
[B:DELIVERY_DRONE#11318@1267] @bc t=7 used=1930 max=6899 near=0 over=0
[A:DELIVERY_DRONE#10946@1269] @prune empty=[35, 5] sym=6
[A:DELIVERY_DRONE#10688@1269] @prune empty=[35, 5] sym=6
[A:FULFILLMENT_CENTER#13698@1271] @build t=7 at=[4, 28] soup=251
[A:LANDSCAPER#10232@1271] @bc t=6 used=2429 max=3224 near=0 over=1
[A:DELIVERY_DRONE#12494@1271] @prune empty=[35, 5] sym=6
[B:DELIVERY_DRONE#10648@1272] @bc t=7 used=2270 max=6785 near=0 over=0
[A:LANDSCAPER#13762@1282] @bc t=6 used=2860 max=3412 near=0 over=1
[B:DELIVERY_DRONE#13438@1282] @bc t=7 used=2402 max=6831 near=0 over=0
[A:DELIVERY_DRONE#11014@1282] @origin x=0 y=0
[A:LANDSCAPER#11322@1283] @bc t=6 used=1863 max=6334 near=0 over=0
[A:DELIVERY_DRONE#10688@1283] @bc t=7 used=2495 max=9621 near=1 over=0
[A:DELIVERY_DRONE#10946@1284] @dronepost at=[28, 22]
[A:DELIVERY_DRONE#12494@1285] @dronepost at=[25, 19]
[A:DELIVERY_DRONE#10688@1286] @dronepost at=[27, 21]
[A:DELIVERY_DRONE#14051@1290] @sight enemyHQ=[35, 26]
[B:HQ#1@1291] @shoot id=14051 d2=9
[B:HQ#1@1293] @shoot id=10676 d2=9
[A:FULFILLMENT_CENTER#13698@1293] @build t=7 at=[4, 28] soup=252
[A:DELIVERY_DRONE#10946@1293] @sight enemyHQ=[35, 26]
[A:DELIVERY_DRONE#12494@1293] @sight enemyHQ=[35, 26]
[A:DELIVERY_DRONE#10688@1293] @sight enemyHQ=[35, 26]
[B:HQ#1@1294] @shoot id=10946 d2=13
[A:DESIGN_SCHOOL#12691@1297] @bc t=4 used=1738 max=4796 near=1 over=0
[A:HQ#0@1300] @econ soup=301 built=13 minersSeen=0 ring=14 buried=0 sym=7
[A:HQ#0@1300] @bc t=0 used=2933 max=4610 near=0 over=0
[B:HQ#1@1300] @econ soup=998 built=8 minersSeen=0 ring=0 buried=0 sym=7
[B:HQ#1@1300] @bc t=0 used=860 max=4519 near=0 over=0
[A:LANDSCAPER#12624@1300] @wallstat role=0 seat=[7, 25] post=null digs=463 deps=463 eq=51 borrow=0 helperDeps=0 innerDeps=0 hqDigs=0 bury=0 idle=221 elev=436
[A:LANDSCAPER#10696@1300] @wallstat role=0 seat=[7, 26] post=null digs=457 deps=457 eq=21 borrow=0 helperDeps=0 innerDeps=0 hqDigs=0 bury=0 idle=237 elev=439
[A:LANDSCAPER#13065@1300] @wallstat role=0 seat=[7, 27] post=null digs=463 deps=463 eq=414 borrow=0 helperDeps=0 innerDeps=0 hqDigs=0 bury=0 idle=219 elev=440
[A:LANDSCAPER#10232@1300] @wallstat role=0 seat=[6, 28] post=null digs=457 deps=457 eq=416 borrow=0 helperDeps=0 innerDeps=0 hqDigs=0 bury=0 idle=179 elev=437
[A:LANDSCAPER#13762@1300] @wallstat role=0 seat=[5, 28] post=null digs=457 deps=457 eq=430 borrow=0 helperDeps=0 innerDeps=0 hqDigs=0 bury=0 idle=169 elev=435
[A:LANDSCAPER#11838@1300] @wallstat role=0 seat=[5, 24] post=null digs=435 deps=434 eq=16 borrow=0 helperDeps=0 innerDeps=0 hqDigs=0 bury=0 idle=199 elev=431
[A:LANDSCAPER#11770@1300] @wallstat role=0 seat=[3, 28] post=null digs=434 deps=433 eq=6 borrow=0 helperDeps=0 innerDeps=0 hqDigs=0 bury=0 idle=0 elev=430
[A:LANDSCAPER#13175@1300] @wallstat role=0 seat=[3, 24] post=null digs=434 deps=433 eq=5 borrow=0 helperDeps=0 innerDeps=0 hqDigs=0 bury=0 idle=0 elev=431
[A:LANDSCAPER#10036@1300] @wallstat role=0 seat=[3, 26] post=null digs=426 deps=426 eq=1 borrow=0 helperDeps=0 innerDeps=0 hqDigs=0 bury=0 idle=0 elev=428
[A:LANDSCAPER#12065@1300] @wallstat role=0 seat=[3, 25] post=null digs=421 deps=421 eq=0 borrow=0 helperDeps=0 innerDeps=0 hqDigs=0 bury=0 idle=0 elev=430
[A:LANDSCAPER#10427@1300] @wallstat role=0 seat=[3, 27] post=null digs=420 deps=419 eq=0 borrow=0 helperDeps=0 innerDeps=0 hqDigs=0 bury=0 idle=0 elev=428
[A:LANDSCAPER#10623@1300] @wallstat role=0 seat=[4, 24] post=null digs=412 deps=412 eq=0 borrow=0 helperDeps=0 innerDeps=0 hqDigs=0 bury=0 idle=0 elev=431
[A:LANDSCAPER#10234@1300] @wallstat role=0 seat=[6, 24] post=null digs=411 deps=411 eq=10 borrow=0 helperDeps=0 innerDeps=0 hqDigs=0 bury=0 idle=0 elev=434
[A:LANDSCAPER#13140@1300] @wallstat role=0 seat=[7, 24] post=null digs=412 deps=412 eq=1 borrow=0 helperDeps=0 innerDeps=0 hqDigs=0 bury=0 idle=0 elev=436
[A:LANDSCAPER#11802@1300] @wallstat role=1 seat=null post=[8, 28] digs=406 deps=406 eq=401 borrow=0 helperDeps=401 innerDeps=0 hqDigs=0 bury=0 idle=14 elev=8
[A:LANDSCAPER#11322@1300] @wallstat role=1 seat=null post=[8, 29] digs=398 deps=397 eq=392 borrow=0 helperDeps=392 innerDeps=0 hqDigs=0 bury=0 idle=0 elev=8
[B:DELIVERY_DRONE#12403@1300] @dronestat pickups=0 drops=0 holding=false
[B:DELIVERY_DRONE#11589@1300] @dronestat pickups=0 drops=0 holding=false
[B:DELIVERY_DRONE#13836@1300] @dronestat pickups=0 drops=0 holding=false
[B:DELIVERY_DRONE#13807@1300] @dronestat pickups=0 drops=0 holding=false
[B:DELIVERY_DRONE#11318@1300] @dronestat pickups=0 drops=0 holding=false
[B:DELIVERY_DRONE#10648@1300] @dronestat pickups=0 drops=0 holding=false
[B:DELIVERY_DRONE#13438@1300] @dronestat pickups=0 drops=0 holding=false
[A:DELIVERY_DRONE#12328@1300] @dronestat at=[30, 27] pickups=0 drops=0 ferried=0 raidKills=0 raiding=false holding=false guess=[35, 26]
[A:DELIVERY_DRONE#12494@1300] @dronestat at=[29, 24] pickups=0 drops=0 ferried=0 raidKills=0 raiding=false holding=false guess=[35, 26]
[A:DELIVERY_DRONE#10688@1300] @dronestat at=[30, 24] pickups=0 drops=0 ferried=0 raidKills=0 raiding=false holding=false guess=[35, 26]
[A:DELIVERY_DRONE#10529@1300] @dronestat at=[29, 9] pickups=0 drops=0 ferried=0 raidKills=0 raiding=false holding=false guess=[35, 5]
[A:DELIVERY_DRONE#10333@1300] @dronestat at=[27, 11] pickups=0 drops=0 ferried=0 raidKills=0 raiding=false holding=false guess=[35, 5]
[A:DELIVERY_DRONE#12883@1300] @dronestat at=[21, 25] pickups=0 drops=0 ferried=0 raidKills=0 raiding=false holding=false guess=null
[A:DELIVERY_DRONE#11014@1300] @dronestat at=[15, 20] pickups=0 drops=0 ferried=0 raidKills=0 raiding=false holding=false guess=[35, 5]
[A:DELIVERY_DRONE#11988@1300] @dronestat at=[4, 28] pickups=0 drops=0 ferried=0 raidKills=0 raiding=false holding=false guess=null
[A:DELIVERY_DRONE#12883@1302] @dronepost at=[24, 21]
[A:LANDSCAPER#11838@1303] @bc t=6 used=2923 max=5851 near=0 over=0
[A:DELIVERY_DRONE#11014@1304] @dronepost at=[20, 14]
[A:DELIVERY_DRONE#11988@1304] @origin x=0 y=0
[A:DELIVERY_DRONE#12328@1305] @dronepost at=[29, 23]
[A:DELIVERY_DRONE#10529@1305] @bc t=7 used=4016 max=9623 near=1 over=0
[A:FULFILLMENT_CENTER#13698@1306] @bc t=5 used=1743 max=4908 near=1 over=0
[A:LANDSCAPER#12624@1307] @bc t=6 used=2440 max=9507 near=1 over=0
[A:LANDSCAPER#11770@1307] @bc t=6 used=2467 max=5610 near=0 over=0
[A:LANDSCAPER#10696@1309] @bc t=6 used=2540 max=3560 near=0 over=1
[A:DELIVERY_DRONE#12328@1309] @bc t=7 used=655 max=9558 near=1 over=0
[A:LANDSCAPER#13065@1310] @bc t=6 used=2641 max=9976 near=1 over=0
[A:FULFILLMENT_CENTER#13698@1315] @build t=7 at=[4, 28] soup=253
[A:LANDSCAPER#13175@1319] @bc t=6 used=2586 max=5688 near=0 over=0
[B:HQ#1@1320] @shoot id=12328 d2=9
[A:DELIVERY_DRONE#12883@1320] @sight enemyHQ=[35, 26]
[A:LANDSCAPER#10036@1322] @bc t=6 used=2628 max=5792 near=0 over=0
[A:VAPORATOR#12612@1324] @bc t=3 used=26 max=3498 near=0 over=0
[A:DELIVERY_DRONE#11988@1325] @dronepost at=[17, 14]
[A:DELIVERY_DRONE#10333@1328] @bc t=7 used=745 max=9612 near=1 over=0
[A:DELIVERY_DRONE#12494@1331] @dronepost at=[25, 22]
[A:LANDSCAPER#12065@1332] @bc t=6 used=2573 max=5832 near=0 over=0
[A:LANDSCAPER#10427@1335] @bc t=6 used=2482 max=5802 near=0 over=0
[B:DELIVERY_DRONE#12403@1336] @bc t=7 used=2013 max=6520 near=0 over=0
[A:FULFILLMENT_CENTER#13698@1337] @build t=7 at=[4, 28] soup=254
[A:VAPORATOR#12139@1338] @bc t=3 used=26 max=3489 near=0 over=0
[A:DELIVERY_DRONE#10688@1339] @dronepost at=[26, 22]
[B:DELIVERY_DRONE#11589@1341] @bc t=7 used=397 max=6820 near=0 over=0
[A:DELIVERY_DRONE#10529@1341] @prune empty=[35, 5] sym=6
[A:DELIVERY_DRONE#10333@1342] @prune empty=[35, 5] sym=6
[A:DELIVERY_DRONE#11014@1342] @prune empty=[35, 5] sym=6
[A:DELIVERY_DRONE#12831@1344] @dronepost at=[19, 18]
[A:LANDSCAPER#10623@1348] @bc t=6 used=2602 max=5839 near=0 over=0
[A:DELIVERY_DRONE#12553@1348] @origin x=0 y=0
[A:DELIVERY_DRONE#12883@1349] @bc t=7 used=578 max=9558 near=1 over=0
[B:DELIVERY_DRONE#13836@1351] @bc t=7 used=1925 max=6462 near=0 over=0
[A:LANDSCAPER#13140@1352] @bc t=6 used=2676 max=6239 near=0 over=0
[A:LANDSCAPER#11802@1352] @bc t=6 used=2002 max=6098 near=0 over=0
[A:LANDSCAPER#10234@1353] @bc t=6 used=2332 max=6231 near=0 over=0
[A:DELIVERY_DRONE#10529@1354] @dronepost at=[25, 19]
[A:DELIVERY_DRONE#10333@1355] @dronepost at=[27, 20]
[A:DELIVERY_DRONE#11014@1356] @dronepost at=[27, 20]
[A:FULFILLMENT_CENTER#13698@1359] @build t=7 at=[4, 28] soup=252
[B:DELIVERY_DRONE#13807@1359] @bc t=7 used=600 max=7263 near=0 over=0
[A:DELIVERY_DRONE#12883@1360] @dronepost at=[31, 24]
[B:HQ#1@1361] @shoot id=10688 d2=9
[A:DELIVERY_DRONE#12494@1362] @bc t=7 used=1324 max=9621 near=1 over=0
[A:VAPORATOR#10090@1364] @bc t=3 used=26 max=3472 near=0 over=0
[A:DELIVERY_DRONE#10529@1366] @sight enemyHQ=[35, 26]
[B:HQ#1@1367] @shoot id=12494 d2=9
[B:DELIVERY_DRONE#11318@1367] @bc t=7 used=368 max=6899 near=0 over=0
[B:HQ#1@1368] @shoot id=10529 d2=9
[A:DELIVERY_DRONE#10333@1368] @sight enemyHQ=[35, 26]
[A:DELIVERY_DRONE#11014@1368] @sight enemyHQ=[35, 26]
[A:DELIVERY_DRONE#12553@1369] @dronepost at=[21, 17]
[A:DELIVERY_DRONE#12324@1370] @origin x=0 y=0
[A:LANDSCAPER#10232@1371] @bc t=6 used=2429 max=3224 near=0 over=1
[A:DELIVERY_DRONE#11014@1371] @bc t=7 used=557 max=9438 near=1 over=0
[B:DELIVERY_DRONE#10648@1372] @bc t=7 used=2106 max=6785 near=0 over=0
[A:FULFILLMENT_CENTER#13698@1381] @build t=7 at=[4, 28] soup=254
[A:LANDSCAPER#13762@1382] @bc t=6 used=2741 max=3412 near=0 over=1
[B:DELIVERY_DRONE#13438@1382] @bc t=7 used=2142 max=6831 near=0 over=0
[A:LANDSCAPER#11322@1383] @bc t=6 used=1863 max=6334 near=0 over=0
[A:DELIVERY_DRONE#12324@1390] @dronepost at=[20, 18]
[A:DELIVERY_DRONE#11988@1393] @bc t=7 used=626 max=9438 near=1 over=0
[A:DESIGN_SCHOOL#12691@1397] @bc t=4 used=1738 max=4796 near=1 over=0
[A:HQ#0@1400] @econ soup=386 built=13 minersSeen=0 ring=14 buried=0 sym=7
[A:HQ#0@1400] @bc t=0 used=2933 max=4610 near=0 over=0
[B:HQ#1@1400] @econ soup=1098 built=8 minersSeen=0 ring=0 buried=0 sym=7
[B:HQ#1@1400] @bc t=0 used=860 max=4519 near=0 over=0
[A:LANDSCAPER#12624@1400] @wallstat role=0 seat=[7, 25] post=null digs=513 deps=513 eq=51 borrow=0 helperDeps=0 innerDeps=0 hqDigs=0 bury=0 idle=221 elev=486
[A:LANDSCAPER#10696@1400] @wallstat role=0 seat=[7, 26] post=null digs=507 deps=507 eq=21 borrow=0 helperDeps=0 innerDeps=0 hqDigs=0 bury=0 idle=237 elev=489
[A:LANDSCAPER#13065@1400] @wallstat role=0 seat=[7, 27] post=null digs=513 deps=513 eq=462 borrow=0 helperDeps=0 innerDeps=0 hqDigs=0 bury=0 idle=219 elev=490
[A:LANDSCAPER#10232@1400] @wallstat role=0 seat=[6, 28] post=null digs=507 deps=507 eq=464 borrow=0 helperDeps=0 innerDeps=0 hqDigs=0 bury=0 idle=179 elev=487
[A:LANDSCAPER#13762@1400] @wallstat role=0 seat=[5, 28] post=null digs=507 deps=507 eq=479 borrow=0 helperDeps=0 innerDeps=0 hqDigs=0 bury=0 idle=169 elev=484
[A:LANDSCAPER#11838@1400] @wallstat role=0 seat=[5, 24] post=null digs=485 deps=484 eq=16 borrow=0 helperDeps=0 innerDeps=0 hqDigs=0 bury=0 idle=199 elev=481
[A:LANDSCAPER#11770@1400] @wallstat role=0 seat=[3, 28] post=null digs=484 deps=483 eq=6 borrow=0 helperDeps=0 innerDeps=0 hqDigs=0 bury=0 idle=0 elev=480
[A:LANDSCAPER#13175@1400] @wallstat role=0 seat=[3, 24] post=null digs=484 deps=483 eq=5 borrow=0 helperDeps=0 innerDeps=0 hqDigs=0 bury=0 idle=0 elev=481
[A:LANDSCAPER#10036@1400] @wallstat role=0 seat=[3, 26] post=null digs=476 deps=476 eq=1 borrow=0 helperDeps=0 innerDeps=0 hqDigs=0 bury=0 idle=0 elev=478
[A:LANDSCAPER#12065@1400] @wallstat role=0 seat=[3, 25] post=null digs=471 deps=471 eq=0 borrow=0 helperDeps=0 innerDeps=0 hqDigs=0 bury=0 idle=0 elev=480
[A:LANDSCAPER#10427@1400] @wallstat role=0 seat=[3, 27] post=null digs=470 deps=469 eq=0 borrow=0 helperDeps=0 innerDeps=0 hqDigs=0 bury=0 idle=0 elev=478
[A:LANDSCAPER#10623@1400] @wallstat role=0 seat=[4, 24] post=null digs=462 deps=462 eq=0 borrow=0 helperDeps=0 innerDeps=0 hqDigs=0 bury=0 idle=0 elev=481
[A:LANDSCAPER#10234@1400] @wallstat role=0 seat=[6, 24] post=null digs=461 deps=461 eq=10 borrow=0 helperDeps=0 innerDeps=0 hqDigs=0 bury=0 idle=0 elev=484
[A:LANDSCAPER#13140@1400] @wallstat role=0 seat=[7, 24] post=null digs=462 deps=462 eq=1 borrow=0 helperDeps=0 innerDeps=0 hqDigs=0 bury=0 idle=0 elev=486
[A:LANDSCAPER#11802@1400] @wallstat role=1 seat=null post=[8, 28] digs=456 deps=456 eq=450 borrow=0 helperDeps=450 innerDeps=0 hqDigs=0 bury=0 idle=14 elev=9
[A:LANDSCAPER#11322@1400] @wallstat role=1 seat=null post=[8, 29] digs=448 deps=447 eq=441 borrow=0 helperDeps=441 innerDeps=0 hqDigs=0 bury=0 idle=0 elev=9
[B:DELIVERY_DRONE#12403@1400] @dronestat pickups=0 drops=0 holding=false
[B:DELIVERY_DRONE#11589@1400] @dronestat pickups=0 drops=0 holding=false
[B:DELIVERY_DRONE#13836@1400] @dronestat pickups=0 drops=0 holding=false
[B:DELIVERY_DRONE#13807@1400] @dronestat pickups=0 drops=0 holding=false
[B:DELIVERY_DRONE#11318@1400] @dronestat pickups=0 drops=0 holding=false
[B:DELIVERY_DRONE#10648@1400] @dronestat pickups=0 drops=0 holding=false
[B:DELIVERY_DRONE#13438@1400] @dronestat pickups=0 drops=0 holding=false
[A:DELIVERY_DRONE#10333@1400] @dronestat at=[30, 24] pickups=0 drops=0 ferried=0 raidKills=0 raiding=false holding=false guess=[35, 26]
[A:DELIVERY_DRONE#12883@1400] @dronestat at=[30, 27] pickups=0 drops=0 ferried=0 raidKills=0 raiding=false holding=false guess=[35, 26]
[A:DELIVERY_DRONE#11014@1400] @dronestat at=[29, 24] pickups=0 drops=0 ferried=0 raidKills=0 raiding=false holding=false guess=[35, 26]
[A:DELIVERY_DRONE#11988@1400] @dronestat at=[27, 11] pickups=0 drops=0 ferried=0 raidKills=0 raiding=false holding=false guess=[35, 5]
[A:DELIVERY_DRONE#12831@1400] @dronestat at=[27, 10] pickups=0 drops=0 ferried=0 raidKills=0 raiding=false holding=false guess=[35, 5]
[A:DELIVERY_DRONE#12553@1400] @dronestat at=[27, 12] pickups=0 drops=0 ferried=0 raidKills=0 raiding=false holding=false guess=[35, 5]
[A:DELIVERY_DRONE#12324@1400] @dronestat at=[23, 12] pickups=0 drops=0 ferried=0 raidKills=0 raiding=false holding=false guess=[35, 5]
[A:DELIVERY_DRONE#10651@1400] @dronestat at=[10, 28] pickups=0 drops=0 ferried=0 raidKills=0 raiding=false holding=false guess=null
[A:FULFILLMENT_CENTER#13698@1402] @build t=7 at=[4, 28] soup=250
[A:LANDSCAPER#11838@1403] @bc t=6 used=2660 max=5851 near=0 over=0
[A:FULFILLMENT_CENTER#13698@1406] @bc t=5 used=1784 max=4908 near=1 over=0
[A:LANDSCAPER#12624@1407] @bc t=6 used=2440 max=9507 near=1 over=0
[A:LANDSCAPER#11770@1407] @bc t=6 used=2508 max=5610 near=0 over=0
[A:DELIVERY_DRONE#11988@1407] @prune empty=[35, 5] sym=6
[A:DELIVERY_DRONE#12831@1407] @prune empty=[35, 5] sym=6
[A:DELIVERY_DRONE#12553@1408] @prune empty=[35, 5] sym=6
[A:LANDSCAPER#10696@1409] @bc t=6 used=2421 max=3560 near=0 over=1
[A:LANDSCAPER#13065@1410] @bc t=6 used=2641 max=9976 near=1 over=0
[A:DELIVERY_DRONE#10651@1410] @origin x=0 y=0
[A:DELIVERY_DRONE#11014@1411] @dronepost at=[26, 21]
[A:DELIVERY_DRONE#10333@1412] @dronepost at=[27, 22]
[A:DELIVERY_DRONE#12831@1415] @bc t=7 used=5967 max=9557 near=1 over=0
[A:LANDSCAPER#13175@1419] @bc t=6 used=2545 max=5688 near=0 over=0
[A:DELIVERY_DRONE#11988@1419] @dronepost at=[27, 19]
[A:DELIVERY_DRONE#12831@1420] @dronepost at=[26, 19]
[A:DELIVERY_DRONE#12553@1420] @dronepost at=[28, 20]
[A:LANDSCAPER#10036@1422] @bc t=6 used=2628 max=5792 near=0 over=0
[A:DELIVERY_DRONE#12271@1423] @origin x=0 y=0
[A:VAPORATOR#12612@1424] @bc t=3 used=26 max=3498 near=0 over=0
[A:FULFILLMENT_CENTER#13698@1425] @build t=7 at=[4, 28] soup=255
[B:HQ#1@1427] @shoot id=10333 d2=9
[A:DELIVERY_DRONE#13344@1427] @bc t=7 used=2 max=0 near=0 over=1
[A:DELIVERY_DRONE#11988@1431] @sight enemyHQ=[35, 26]
[A:DELIVERY_DRONE#12553@1431] @sight enemyHQ=[35, 26]
[B:HQ#1@1432] @shoot id=12553 d2=8
[A:LANDSCAPER#12065@1432] @bc t=6 used=2733 max=5832 near=0 over=0
[A:DELIVERY_DRONE#12831@1432] @sight enemyHQ=[35, 26]
[B:HQ#1@1433] @shoot id=11014 d2=4
[B:HQ#1@1434] @shoot id=12883 d2=10
[A:DELIVERY_DRONE#10651@1434] @dronepost at=[22, 18]
[A:LANDSCAPER#10427@1435] @bc t=6 used=2827 max=5802 near=0 over=0
[B:DELIVERY_DRONE#12403@1436] @bc t=7 used=2024 max=6520 near=0 over=0
[A:VAPORATOR#12139@1438] @bc t=3 used=26 max=3489 near=0 over=0
[B:DELIVERY_DRONE#11589@1441] @bc t=7 used=1833 max=6820 near=0 over=0
[A:DELIVERY_DRONE#12271@1441] @dronepost at=[17, 17]
[A:FULFILLMENT_CENTER#13698@1446] @build t=7 at=[4, 28] soup=250
[A:LANDSCAPER#10623@1448] @bc t=6 used=2524 max=5839 near=0 over=0
[B:DELIVERY_DRONE#13836@1451] @bc t=7 used=2415 max=6462 near=0 over=0
[A:LANDSCAPER#13140@1452] @bc t=6 used=2676 max=6239 near=0 over=0
[A:LANDSCAPER#11802@1452] @bc t=6 used=2002 max=6098 near=0 over=0
[A:DELIVERY_DRONE#13344@1452] @dronepost at=[20, 18]
[A:LANDSCAPER#10234@1453] @bc t=6 used=2677 max=6231 near=0 over=0
[A:DELIVERY_DRONE#13080@1457] @origin x=0 y=0
[B:DELIVERY_DRONE#13807@1459] @bc t=7 used=1872 max=7263 near=0 over=0
[A:DELIVERY_DRONE#12324@1459] @bc t=7 used=626 max=9438 near=1 over=0
[A:VAPORATOR#10090@1464] @bc t=3 used=26 max=3472 near=0 over=0
[B:DELIVERY_DRONE#11318@1467] @bc t=7 used=323 max=6899 near=0 over=0
[A:FULFILLMENT_CENTER#13698@1468] @build t=7 at=[4, 28] soup=252
[A:DELIVERY_DRONE#12831@1468] @dronepost at=[27, 22]
[A:DELIVERY_DRONE#10651@1470] @prune empty=[35, 5] sym=6
[A:DELIVERY_DRONE#12271@1470] @prune empty=[35, 5] sym=6
[A:LANDSCAPER#10232@1471] @bc t=6 used=2548 max=3224 near=0 over=1
[B:DELIVERY_DRONE#10648@1472] @bc t=7 used=514 max=6785 near=0 over=0
[A:DELIVERY_DRONE#12324@1473] @prune empty=[35, 5] sym=6
[A:DELIVERY_DRONE#13080@1479] @dronepost at=[17, 14]
[A:DELIVERY_DRONE#12991@1479] @origin x=0 y=0
[A:DELIVERY_DRONE#10651@1481] @bc t=7 used=2606 max=9557 near=1 over=0
[A:LANDSCAPER#13762@1482] @bc t=6 used=2745 max=3412 near=0 over=1
[B:DELIVERY_DRONE#13438@1482] @bc t=7 used=323 max=6831 near=0 over=0
[A:LANDSCAPER#11322@1483] @bc t=6 used=1982 max=6334 near=0 over=0
[A:DELIVERY_DRONE#10651@1483] @dronepost at=[25, 18]
[A:DELIVERY_DRONE#12271@1483] @dronepost at=[25, 18]
[A:DELIVERY_DRONE#11988@1484] @dronepost at=[30, 23]
[A:DELIVERY_DRONE#12324@1487] @dronepost at=[26, 18]
[A:FULFILLMENT_CENTER#13698@1490] @build t=7 at=[4, 28] soup=250
[A:DELIVERY_DRONE#10651@1492] @sight enemyHQ=[35, 26]
[A:DELIVERY_DRONE#11988@1493] @bc t=7 used=676 max=9438 near=1 over=0
[B:HQ#1@1494] @shoot id=10651 d2=8
[B:HQ#1@1495] @shoot id=12831 d2=9
[A:DELIVERY_DRONE#12324@1495] @sight enemyHQ=[35, 26]
[A:DELIVERY_DRONE#12271@1495] @sight enemyHQ=[35, 26]
[A:DELIVERY_DRONE#13344@1495] @dronepost at=[24, 14]
[B:HQ#1@1496] @shoot id=12271 d2=13
[A:DESIGN_SCHOOL#12691@1497] @bc t=4 used=1738 max=4796 near=1 over=0
[A:DELIVERY_DRONE#12991@1498] @dronepost at=[18, 15]
[A:HQ#0@1500] @econ soup=318 built=13 minersSeen=0 ring=14 buried=0 sym=7
[A:HQ#0@1500] @bc t=0 used=2933 max=4610 near=0 over=0
[B:HQ#1@1500] @econ soup=1198 built=8 minersSeen=0 ring=0 buried=0 sym=7
[B:HQ#1@1500] @bc t=0 used=826 max=4519 near=0 over=0
[A:LANDSCAPER#12624@1500] @wallstat role=0 seat=[7, 25] post=null digs=563 deps=563 eq=51 borrow=0 helperDeps=0 innerDeps=0 hqDigs=0 bury=0 idle=221 elev=536
[A:LANDSCAPER#10696@1500] @wallstat role=0 seat=[7, 26] post=null digs=557 deps=557 eq=21 borrow=0 helperDeps=0 innerDeps=0 hqDigs=0 bury=0 idle=237 elev=539
[A:LANDSCAPER#13065@1500] @wallstat role=0 seat=[7, 27] post=null digs=563 deps=563 eq=511 borrow=0 helperDeps=0 innerDeps=0 hqDigs=0 bury=0 idle=219 elev=539
[A:LANDSCAPER#10232@1500] @wallstat role=0 seat=[6, 28] post=null digs=557 deps=557 eq=514 borrow=0 helperDeps=0 innerDeps=0 hqDigs=0 bury=0 idle=179 elev=536
[A:LANDSCAPER#13762@1500] @wallstat role=0 seat=[5, 28] post=null digs=557 deps=557 eq=529 borrow=0 helperDeps=0 innerDeps=0 hqDigs=0 bury=0 idle=169 elev=534
[A:LANDSCAPER#11838@1500] @wallstat role=0 seat=[5, 24] post=null digs=535 deps=534 eq=16 borrow=0 helperDeps=0 innerDeps=0 hqDigs=0 bury=0 idle=199 elev=531
[A:LANDSCAPER#11770@1500] @wallstat role=0 seat=[3, 28] post=null digs=534 deps=533 eq=6 borrow=0 helperDeps=0 innerDeps=0 hqDigs=0 bury=0 idle=0 elev=530
[A:LANDSCAPER#13175@1500] @wallstat role=0 seat=[3, 24] post=null digs=534 deps=533 eq=5 borrow=0 helperDeps=0 innerDeps=0 hqDigs=0 bury=0 idle=0 elev=531
[A:LANDSCAPER#10036@1500] @wallstat role=0 seat=[3, 26] post=null digs=526 deps=526 eq=1 borrow=0 helperDeps=0 innerDeps=0 hqDigs=0 bury=0 idle=0 elev=528
[A:LANDSCAPER#12065@1500] @wallstat role=0 seat=[3, 25] post=null digs=521 deps=521 eq=0 borrow=0 helperDeps=0 innerDeps=0 hqDigs=0 bury=0 idle=0 elev=530
[A:LANDSCAPER#10427@1500] @wallstat role=0 seat=[3, 27] post=null digs=520 deps=519 eq=0 borrow=0 helperDeps=0 innerDeps=0 hqDigs=0 bury=0 idle=0 elev=528
[A:LANDSCAPER#10623@1500] @wallstat role=0 seat=[4, 24] post=null digs=512 deps=512 eq=0 borrow=0 helperDeps=0 innerDeps=0 hqDigs=0 bury=0 idle=0 elev=531
[A:LANDSCAPER#10234@1500] @wallstat role=0 seat=[6, 24] post=null digs=511 deps=511 eq=10 borrow=0 helperDeps=0 innerDeps=0 hqDigs=0 bury=0 idle=0 elev=534
[A:LANDSCAPER#13140@1500] @wallstat role=0 seat=[7, 24] post=null digs=512 deps=512 eq=1 borrow=0 helperDeps=0 innerDeps=0 hqDigs=0 bury=0 idle=0 elev=536
[A:LANDSCAPER#11802@1500] @wallstat role=1 seat=null post=[8, 28] digs=506 deps=506 eq=499 borrow=0 helperDeps=499 innerDeps=0 hqDigs=0 bury=0 idle=14 elev=10
[A:LANDSCAPER#11322@1500] @wallstat role=1 seat=null post=[8, 29] digs=498 deps=497 eq=490 borrow=0 helperDeps=490 innerDeps=0 hqDigs=0 bury=0 idle=0 elev=10
[B:DELIVERY_DRONE#12403@1500] @dronestat pickups=0 drops=0 holding=false
[B:DELIVERY_DRONE#11589@1500] @dronestat pickups=0 drops=0 holding=false
[B:DELIVERY_DRONE#13836@1500] @dronestat pickups=0 drops=0 holding=false
[B:DELIVERY_DRONE#13807@1500] @dronestat pickups=0 drops=0 holding=false
[B:DELIVERY_DRONE#11318@1500] @dronestat pickups=0 drops=0 holding=false
[B:DELIVERY_DRONE#10648@1500] @dronestat pickups=0 drops=0 holding=false
[B:DELIVERY_DRONE#13438@1500] @dronestat pickups=0 drops=0 holding=false
[A:DELIVERY_DRONE#11988@1500] @dronestat at=[30, 27] pickups=0 drops=0 ferried=0 raidKills=0 raiding=false holding=false guess=[35, 26]
[A:DELIVERY_DRONE#12324@1500] @dronestat at=[29, 24] pickups=0 drops=0 ferried=0 raidKills=0 raiding=false holding=false guess=[35, 26]
[A:DELIVERY_DRONE#13344@1500] @dronestat at=[27, 11] pickups=0 drops=0 ferried=0 raidKills=0 raiding=false holding=false guess=[35, 5]
[A:DELIVERY_DRONE#13080@1500] @dronestat at=[27, 10] pickups=0 drops=0 ferried=0 raidKills=0 raiding=false holding=false guess=[35, 5]
[A:DELIVERY_DRONE#12991@1500] @dronestat at=[17, 18] pickups=0 drops=0 ferried=0 raidKills=0 raiding=false holding=false guess=[35, 5]
[A:DELIVERY_DRONE#13031@1500] @dronestat at=[4, 28] pickups=0 drops=0 ferried=0 raidKills=0 raiding=false holding=false guess=null
[A:LANDSCAPER#11838@1503] @bc t=6 used=2578 max=5851 near=0 over=0
[A:FULFILLMENT_CENTER#13698@1506] @bc t=5 used=1743 max=4908 near=1 over=0
[A:LANDSCAPER#12624@1507] @bc t=6 used=2518 max=9507 near=1 over=0
[A:LANDSCAPER#11770@1507] @bc t=6 used=2545 max=5610 near=0 over=0
[A:LANDSCAPER#10696@1509] @bc t=6 used=2380 max=3560 near=0 over=1
[A:LANDSCAPER#13065@1510] @bc t=6 used=2719 max=9976 near=1 over=0
[A:FULFILLMENT_CENTER#13698@1512] @build t=7 at=[4, 28] soup=252
[A:LANDSCAPER#13175@1519] @bc t=6 used=2705 max=5688 near=0 over=0
[A:LANDSCAPER#10036@1522] @bc t=6 used=2747 max=5792 near=0 over=0
[A:DELIVERY_DRONE#12975@1523] @origin x=0 y=0
[A:VAPORATOR#12612@1524] @bc t=3 used=26 max=3498 near=0 over=0
[A:DELIVERY_DRONE#13344@1526] @bc t=7 used=932 max=7076 near=0 over=1
[A:DELIVERY_DRONE#12324@1528] @dronepost at=[26, 22]
[A:DELIVERY_DRONE#11988@1531] @dronepost at=[28, 24]
[A:LANDSCAPER#12065@1532] @bc t=6 used=2573 max=5832 near=0 over=0
[A:FULFILLMENT_CENTER#13698@1534] @build t=7 at=[4, 28] soup=253
[A:LANDSCAPER#10427@1535] @bc t=6 used=2523 max=5802 near=0 over=0
[B:DELIVERY_DRONE#12403@1536] @bc t=7 used=434 max=6520 near=0 over=0
[A:VAPORATOR#12139@1538] @bc t=3 used=26 max=3489 near=0 over=0
[A:DELIVERY_DRONE#13031@1540] @dronepost at=[22, 19]
[B:DELIVERY_DRONE#11589@1541] @bc t=7 used=2418 max=6820 near=0 over=0
[A:DELIVERY_DRONE#12975@1542] @dronepost at=[18, 16]
[A:DELIVERY_DRONE#13080@1546] @bc t=7 used=626 max=9438 near=1 over=0
[A:LANDSCAPER#10623@1548] @bc t=6 used=2483 max=5839 near=0 over=0
[B:DELIVERY_DRONE#13836@1551] @bc t=7 used=2160 max=6462 near=0 over=0
[A:LANDSCAPER#13140@1552] @bc t=6 used=2836 max=6239 near=0 over=0
[A:LANDSCAPER#11802@1552] @bc t=6 used=2123 max=6098 near=0 over=0
[A:LANDSCAPER#10234@1553] @bc t=6 used=2373 max=6231 near=0 over=0
[A:FULFILLMENT_CENTER#13698@1556] @build t=7 at=[4, 28] soup=254
[A:DELIVERY_DRONE#12991@1557] @prune empty=[35, 5] sym=6
[B:DELIVERY_DRONE#13807@1559] @bc t=7 used=2209 max=7263 near=0 over=0
[A:DELIVERY_DRONE#12324@1559] @bc t=7 used=692 max=9438 near=1 over=0
[A:DELIVERY_DRONE#13344@1559] @prune empty=[35, 5] sym=6
[A:DELIVERY_DRONE#13080@1559] @prune empty=[35, 5] sym=6
[A:DELIVERY_DRONE#13031@1562] @prune empty=[35, 5] sym=6
[A:VAPORATOR#10090@1564] @bc t=3 used=26 max=3472 near=0 over=0
[B:DELIVERY_DRONE#11318@1567] @bc t=7 used=2303 max=6899 near=0 over=0
[A:DELIVERY_DRONE#12892@1567] @origin x=0 y=0
[A:DELIVERY_DRONE#12324@1568] @dronepost at=[27, 20]
[A:DELIVERY_DRONE#12991@1568] @bc t=7 used=2541 max=9928 near=1 over=0
[A:LANDSCAPER#10232@1571] @bc t=6 used=2429 max=3224 near=0 over=1
[B:DELIVERY_DRONE#10648@1572] @bc t=7 used=2126 max=6785 near=0 over=0
[A:FULFILLMENT_CENTER#13698@1577] @build t=7 at=[4, 28] soup=250
[A:DELIVERY_DRONE#12991@1578] @sight enemyHQ=[35, 26]
[B:HQ#1@1580] @shoot id=12991 d2=9
[A:DELIVERY_DRONE#13344@1581] @sight enemyHQ=[35, 26]
[A:DELIVERY_DRONE#13080@1581] @sight enemyHQ=[35, 26]
[A:LANDSCAPER#13762@1582] @bc t=6 used=2860 max=3412 near=0 over=1
[B:DELIVERY_DRONE#13438@1582] @bc t=7 used=1939 max=6831 near=0 over=0
[B:HQ#1@1583] @shoot id=13080 d2=10
[A:LANDSCAPER#11322@1583] @bc t=6 used=1904 max=6334 near=0 over=0
[A:DELIVERY_DRONE#13031@1583] @sight enemyHQ=[35, 26]
[A:DELIVERY_DRONE#12892@1586] @dronepost at=[19, 16]
[B:HQ#1@1587] @shoot id=13344 d2=13
[A:DELIVERY_DRONE#13031@1590] @bc t=7 used=3915 max=9438 near=1 over=0
[A:DELIVERY_DRONE#10065@1591] @origin x=0 y=0
[A:DELIVERY_DRONE#11988@1593] @bc t=7 used=459 max=9438 near=1 over=0
[A:DESIGN_SCHOOL#12691@1597] @bc t=4 used=1738 max=4796 near=1 over=0
[A:DELIVERY_DRONE#13031@1597] @dronepost at=[27, 20]
[A:FULFILLMENT_CENTER#13698@1599] @build t=7 at=[4, 28] soup=252
[A:HQ#0@1600] @econ soup=259 built=13 minersSeen=0 ring=14 buried=0 sym=7
[A:HQ#0@1600] @bc t=0 used=2991 max=4610 near=0 over=0
[B:HQ#1@1600] @econ soup=1298 built=8 minersSeen=0 ring=0 buried=0 sym=7
[B:HQ#1@1600] @bc t=0 used=860 max=4519 near=0 over=0
[A:LANDSCAPER#12624@1600] @wallstat role=0 seat=[7, 25] post=null digs=613 deps=613 eq=51 borrow=0 helperDeps=0 innerDeps=0 hqDigs=0 bury=0 idle=221 elev=586
[A:LANDSCAPER#10696@1600] @wallstat role=0 seat=[7, 26] post=null digs=607 deps=607 eq=21 borrow=0 helperDeps=0 innerDeps=0 hqDigs=0 bury=0 idle=237 elev=589
[A:LANDSCAPER#13065@1600] @wallstat role=0 seat=[7, 27] post=null digs=613 deps=613 eq=560 borrow=0 helperDeps=0 innerDeps=0 hqDigs=0 bury=0 idle=219 elev=589
[A:LANDSCAPER#10232@1600] @wallstat role=0 seat=[6, 28] post=null digs=607 deps=607 eq=563 borrow=0 helperDeps=0 innerDeps=0 hqDigs=0 bury=0 idle=179 elev=586
[A:LANDSCAPER#13762@1600] @wallstat role=0 seat=[5, 28] post=null digs=607 deps=607 eq=578 borrow=0 helperDeps=0 innerDeps=0 hqDigs=0 bury=0 idle=169 elev=584
[A:LANDSCAPER#11838@1600] @wallstat role=0 seat=[5, 24] post=null digs=585 deps=584 eq=16 borrow=0 helperDeps=0 innerDeps=0 hqDigs=0 bury=0 idle=199 elev=581
[A:LANDSCAPER#11770@1600] @wallstat role=0 seat=[3, 28] post=null digs=584 deps=583 eq=6 borrow=0 helperDeps=0 innerDeps=0 hqDigs=0 bury=0 idle=0 elev=580
[A:LANDSCAPER#13175@1600] @wallstat role=0 seat=[3, 24] post=null digs=584 deps=583 eq=5 borrow=0 helperDeps=0 innerDeps=0 hqDigs=0 bury=0 idle=0 elev=581
[A:LANDSCAPER#10036@1600] @wallstat role=0 seat=[3, 26] post=null digs=576 deps=576 eq=1 borrow=0 helperDeps=0 innerDeps=0 hqDigs=0 bury=0 idle=0 elev=578
[A:LANDSCAPER#12065@1600] @wallstat role=0 seat=[3, 25] post=null digs=571 deps=571 eq=0 borrow=0 helperDeps=0 innerDeps=0 hqDigs=0 bury=0 idle=0 elev=580
[A:LANDSCAPER#10427@1600] @wallstat role=0 seat=[3, 27] post=null digs=570 deps=569 eq=0 borrow=0 helperDeps=0 innerDeps=0 hqDigs=0 bury=0 idle=0 elev=578
[A:LANDSCAPER#10623@1600] @wallstat role=0 seat=[4, 24] post=null digs=562 deps=562 eq=0 borrow=0 helperDeps=0 innerDeps=0 hqDigs=0 bury=0 idle=0 elev=581
[A:LANDSCAPER#10234@1600] @wallstat role=0 seat=[6, 24] post=null digs=561 deps=561 eq=10 borrow=0 helperDeps=0 innerDeps=0 hqDigs=0 bury=0 idle=0 elev=584
[A:LANDSCAPER#13140@1600] @wallstat role=0 seat=[7, 24] post=null digs=562 deps=562 eq=1 borrow=0 helperDeps=0 innerDeps=0 hqDigs=0 bury=0 idle=0 elev=586
[A:LANDSCAPER#11802@1600] @wallstat role=1 seat=null post=[8, 28] digs=556 deps=556 eq=548 borrow=0 helperDeps=548 innerDeps=0 hqDigs=0 bury=0 idle=14 elev=11
[A:LANDSCAPER#11322@1600] @wallstat role=1 seat=null post=[8, 29] digs=548 deps=547 eq=539 borrow=0 helperDeps=539 innerDeps=0 hqDigs=0 bury=0 idle=0 elev=11
[B:DELIVERY_DRONE#12403@1600] @dronestat pickups=0 drops=0 holding=false
[B:DELIVERY_DRONE#11589@1600] @dronestat pickups=0 drops=0 holding=false
[B:DELIVERY_DRONE#13836@1600] @dronestat pickups=0 drops=0 holding=false
[B:DELIVERY_DRONE#13807@1600] @dronestat pickups=0 drops=0 holding=false
[B:DELIVERY_DRONE#11318@1600] @dronestat pickups=0 drops=0 holding=false
[B:DELIVERY_DRONE#10648@1600] @dronestat pickups=0 drops=0 holding=false
[B:DELIVERY_DRONE#13438@1600] @dronestat pickups=0 drops=0 holding=false
[A:DELIVERY_DRONE#11988@1600] @dronestat at=[30, 27] pickups=0 drops=0 ferried=0 raidKills=0 raiding=false holding=false guess=[35, 26]
[A:DELIVERY_DRONE#12324@1600] @dronestat at=[30, 25] pickups=0 drops=0 ferried=0 raidKills=0 raiding=false holding=false guess=[35, 26]
[A:DELIVERY_DRONE#13031@1600] @dronestat at=[29, 24] pickups=0 drops=0 ferried=0 raidKills=0 raiding=false holding=false guess=[35, 26]
[A:DELIVERY_DRONE#12975@1600] @dronestat at=[27, 11] pickups=0 drops=0 ferried=0 raidKills=0 raiding=false holding=false guess=[35, 5]
[A:DELIVERY_DRONE#12134@1600] @dronestat at=[22, 31] pickups=0 drops=0 ferried=0 raidKills=0 raiding=false holding=false guess=null
[A:DELIVERY_DRONE#12892@1600] @dronestat at=[25, 11] pickups=0 drops=0 ferried=0 raidKills=0 raiding=false holding=false guess=[35, 5]
[A:DELIVERY_DRONE#10065@1600] @dronestat at=[9, 26] pickups=0 drops=0 ferried=0 raidKills=0 raiding=false holding=false guess=[35, 5]
[A:DELIVERY_DRONE#10002@1600] @dronestat at=[4, 28] pickups=0 drops=0 ferried=0 raidKills=0 raiding=false holding=false guess=null
[A:LANDSCAPER#11838@1603] @bc t=6 used=2738 max=5851 near=0 over=0
[A:FULFILLMENT_CENTER#13698@1606] @bc t=5 used=1743 max=4908 near=1 over=0
[A:LANDSCAPER#12624@1607] @bc t=6 used=2440 max=9507 near=1 over=0
[A:LANDSCAPER#11770@1607] @bc t=6 used=2467 max=5610 near=0 over=0
[A:DELIVERY_DRONE#10065@1607] @dronepost at=[17, 19]
[A:LANDSCAPER#10696@1609] @bc t=6 used=2540 max=3560 near=0 over=1
[A:LANDSCAPER#13065@1610] @bc t=6 used=2641 max=9976 near=1 over=0
[A:DELIVERY_DRONE#10002@1610] @origin x=0 y=0
[A:DELIVERY_DRONE#12975@1612] @bc t=7 used=560 max=9439 near=1 over=0
[A:LANDSCAPER#13175@1619] @bc t=6 used=2545 max=5688 near=0 over=0
[A:FULFILLMENT_CENTER#13698@1621] @build t=7 at=[4, 28] soup=255
[A:LANDSCAPER#10036@1622] @bc t=6 used=2628 max=5792 near=0 over=0
[A:VAPORATOR#12612@1624] @bc t=3 used=26 max=3498 near=0 over=0
[A:DELIVERY_DRONE#12324@1627] @dronepost at=[29, 21]
[A:DELIVERY_DRONE#10002@1628] @dronepost at=[19, 18]
[B:HQ#1@1631] @shoot id=11988 d2=9
[A:LANDSCAPER#12065@1632] @bc t=6 used=2614 max=5832 near=0 over=0
[A:DELIVERY_DRONE#12134@1634] @bc t=7 used=2330 max=9557 near=1 over=0
[A:LANDSCAPER#10427@1635] @bc t=6 used=2523 max=5802 near=0 over=0
[B:DELIVERY_DRONE#12403@1636] @bc t=7 used=2273 max=6520 near=0 over=0
[A:VAPORATOR#12139@1638] @bc t=3 used=26 max=3489 near=0 over=0
[A:DELIVERY_DRONE#12134@1638] @dronepost at=[26, 20]
[B:DELIVERY_DRONE#11589@1641] @bc t=7 used=323 max=6820 near=0 over=0
[A:FULFILLMENT_CENTER#13698@1643] @build t=7 at=[4, 28] soup=255
[A:DELIVERY_DRONE#12975@1647] @prune empty=[35, 5] sym=6
[A:DELIVERY_DRONE#12892@1647] @prune empty=[35, 5] sym=6
[A:LANDSCAPER#10623@1648] @bc t=6 used=2643 max=5839 near=0 over=0
[A:DELIVERY_DRONE#10065@1648] @prune empty=[35, 5] sym=6
[A:DELIVERY_DRONE#11334@1648] @dronepost at=[17, 15]
[A:DELIVERY_DRONE#13031@1650] @dronepost at=[27, 22]
[B:DELIVERY_DRONE#13836@1651] @bc t=7 used=475 max=6462 near=0 over=0
[A:LANDSCAPER#13140@1652] @bc t=6 used=2676 max=6239 near=0 over=0
[A:LANDSCAPER#11802@1652] @bc t=6 used=2002 max=6098 near=0 over=0
[A:LANDSCAPER#10234@1653] @bc t=6 used=2373 max=6231 near=0 over=0
[A:DELIVERY_DRONE#12892@1656] @bc t=7 used=2367 max=9439 near=1 over=0
[B:DELIVERY_DRONE#13807@1659] @bc t=7 used=1912 max=7263 near=0 over=0
[A:DELIVERY_DRONE#12324@1659] @bc t=7 used=393 max=9438 near=1 over=0
[A:VAPORATOR#10090@1664] @bc t=3 used=26 max=3472 near=0 over=0
[A:DELIVERY_DRONE#12975@1664] @dronepost at=[26, 21]
[A:FULFILLMENT_CENTER#13698@1665] @build t=7 at=[4, 28] soup=255
[A:DELIVERY_DRONE#12892@1665] @dronepost at=[26, 21]
[A:DELIVERY_DRONE#10065@1666] @dronepost at=[27, 22]
[B:DELIVERY_DRONE#11318@1667] @bc t=7 used=690 max=6899 near=0 over=0
[B:HQ#1@1670] @shoot id=13031 d2=9
[B:HQ#1@1671] @shoot id=12975 d2=13
[A:LANDSCAPER#10232@1671] @bc t=6 used=2429 max=3224 near=0 over=1
[B:DELIVERY_DRONE#10648@1672] @bc t=7 used=2067 max=6785 near=0 over=0
[A:DELIVERY_DRONE#12324@1675] @dronepost at=[27, 24]
[A:DELIVERY_DRONE#11011@1676] @origin x=0 y=0
[A:DELIVERY_DRONE#10065@1677] @bc t=7 used=730 max=9439 near=1 over=0
[A:LANDSCAPER#13762@1682] @bc t=6 used=2741 max=3412 near=0 over=1
[B:DELIVERY_DRONE#13438@1682] @bc t=7 used=1901 max=6831 near=0 over=0
[A:LANDSCAPER#11322@1683] @bc t=6 used=1904 max=6334 near=0 over=0
[A:FULFILLMENT_CENTER#13698@1687] @build t=7 at=[4, 28] soup=256
[A:DELIVERY_DRONE#11011@1695] @dronepost at=[19, 17]
[A:DESIGN_SCHOOL#12691@1697] @bc t=4 used=1738 max=4796 near=1 over=0
[A:DELIVERY_DRONE#10002@1699] @bc t=7 used=626 max=9493 near=1 over=0
[A:HQ#0@1700] @econ soup=346 built=13 minersSeen=0 ring=14 buried=0 sym=7
[A:HQ#0@1700] @bc t=0 used=2991 max=4610 near=0 over=0
[B:HQ#1@1700] @econ soup=1398 built=8 minersSeen=0 ring=0 buried=0 sym=7
[B:HQ#1@1700] @bc t=0 used=860 max=4519 near=0 over=0
[A:LANDSCAPER#12624@1700] @wallstat role=0 seat=[7, 25] post=null digs=663 deps=663 eq=51 borrow=0 helperDeps=0 innerDeps=0 hqDigs=0 bury=0 idle=221 elev=636
[A:LANDSCAPER#10696@1700] @wallstat role=0 seat=[7, 26] post=null digs=657 deps=657 eq=21 borrow=0 helperDeps=0 innerDeps=0 hqDigs=0 bury=0 idle=237 elev=639
[A:LANDSCAPER#13065@1700] @wallstat role=0 seat=[7, 27] post=null digs=663 deps=663 eq=608 borrow=0 helperDeps=0 innerDeps=0 hqDigs=0 bury=0 idle=219 elev=639
[A:LANDSCAPER#10232@1700] @wallstat role=0 seat=[6, 28] post=null digs=657 deps=657 eq=612 borrow=0 helperDeps=0 innerDeps=0 hqDigs=0 bury=0 idle=179 elev=635
[A:LANDSCAPER#13762@1700] @wallstat role=0 seat=[5, 28] post=null digs=657 deps=657 eq=628 borrow=0 helperDeps=0 innerDeps=0 hqDigs=0 bury=0 idle=169 elev=633
[A:LANDSCAPER#11838@1700] @wallstat role=0 seat=[5, 24] post=null digs=635 deps=634 eq=16 borrow=0 helperDeps=0 innerDeps=0 hqDigs=0 bury=0 idle=199 elev=631
[A:LANDSCAPER#11770@1700] @wallstat role=0 seat=[3, 28] post=null digs=634 deps=633 eq=6 borrow=0 helperDeps=0 innerDeps=0 hqDigs=0 bury=0 idle=0 elev=630
[A:LANDSCAPER#13175@1700] @wallstat role=0 seat=[3, 24] post=null digs=634 deps=633 eq=5 borrow=0 helperDeps=0 innerDeps=0 hqDigs=0 bury=0 idle=0 elev=631
[A:LANDSCAPER#10036@1700] @wallstat role=0 seat=[3, 26] post=null digs=626 deps=626 eq=1 borrow=0 helperDeps=0 innerDeps=0 hqDigs=0 bury=0 idle=0 elev=628
[A:LANDSCAPER#12065@1700] @wallstat role=0 seat=[3, 25] post=null digs=621 deps=621 eq=0 borrow=0 helperDeps=0 innerDeps=0 hqDigs=0 bury=0 idle=0 elev=630
[A:LANDSCAPER#10427@1700] @wallstat role=0 seat=[3, 27] post=null digs=620 deps=619 eq=0 borrow=0 helperDeps=0 innerDeps=0 hqDigs=0 bury=0 idle=0 elev=628
[A:LANDSCAPER#10623@1700] @wallstat role=0 seat=[4, 24] post=null digs=612 deps=612 eq=0 borrow=0 helperDeps=0 innerDeps=0 hqDigs=0 bury=0 idle=0 elev=631
[A:LANDSCAPER#10234@1700] @wallstat role=0 seat=[6, 24] post=null digs=611 deps=611 eq=10 borrow=0 helperDeps=0 innerDeps=0 hqDigs=0 bury=0 idle=0 elev=634
[A:LANDSCAPER#13140@1700] @wallstat role=0 seat=[7, 24] post=null digs=612 deps=612 eq=1 borrow=0 helperDeps=0 innerDeps=0 hqDigs=0 bury=0 idle=0 elev=636
[A:LANDSCAPER#11802@1700] @wallstat role=1 seat=null post=[8, 28] digs=606 deps=606 eq=597 borrow=0 helperDeps=597 innerDeps=0 hqDigs=0 bury=0 idle=14 elev=12
[A:LANDSCAPER#11322@1700] @wallstat role=1 seat=null post=[8, 29] digs=598 deps=597 eq=588 borrow=0 helperDeps=588 innerDeps=0 hqDigs=0 bury=0 idle=0 elev=12
[B:DELIVERY_DRONE#12403@1700] @dronestat pickups=0 drops=0 holding=false
[B:DELIVERY_DRONE#11589@1700] @dronestat pickups=0 drops=0 holding=false
[B:DELIVERY_DRONE#13836@1700] @dronestat pickups=0 drops=0 holding=false
[B:DELIVERY_DRONE#13807@1700] @dronestat pickups=0 drops=0 holding=false
[B:DELIVERY_DRONE#11318@1700] @dronestat pickups=0 drops=0 holding=false
[B:DELIVERY_DRONE#10648@1700] @dronestat pickups=0 drops=0 holding=false
[B:DELIVERY_DRONE#13438@1700] @dronestat pickups=0 drops=0 holding=false
[A:DELIVERY_DRONE#12324@1700] @dronestat at=[30, 27] pickups=0 drops=0 ferried=0 raidKills=0 raiding=false holding=false guess=[35, 26]
[A:DELIVERY_DRONE#12134@1700] @dronestat at=[30, 12] pickups=0 drops=0 ferried=0 raidKills=0 raiding=false holding=false guess=[35, 5]
[A:DELIVERY_DRONE#12892@1700] @dronestat at=[29, 24] pickups=0 drops=0 ferried=0 raidKills=0 raiding=false holding=false guess=[35, 26]
[A:DELIVERY_DRONE#10065@1700] @dronestat at=[30, 24] pickups=0 drops=0 ferried=0 raidKills=0 raiding=false holding=false guess=[35, 26]
[A:DELIVERY_DRONE#10002@1700] @dronestat at=[29, 9] pickups=0 drops=0 ferried=0 raidKills=0 raiding=false holding=false guess=[35, 5]
[A:DELIVERY_DRONE#11334@1700] @dronestat at=[27, 11] pickups=0 drops=0 ferried=0 raidKills=0 raiding=false holding=false guess=[35, 5]
[A:DELIVERY_DRONE#14045@1700] @dronestat at=[9, 28] pickups=0 drops=0 ferried=0 raidKills=0 raiding=false holding=false guess=null
[A:DELIVERY_DRONE#11011@1700] @dronestat at=[19, 17] pickups=0 drops=0 ferried=0 raidKills=0 raiding=false holding=false guess=[35, 5]
[A:DELIVERY_DRONE#13951@1700] @dronestat at=[6, 29] pickups=0 drops=0 ferried=0 raidKills=0 raiding=false holding=false guess=null
[A:LANDSCAPER#11838@1703] @bc t=6 used=2619 max=5851 near=0 over=0
[A:DELIVERY_DRONE#12892@1705] @dronepost at=[29, 20]
[A:FULFILLMENT_CENTER#13698@1706] @bc t=5 used=1743 max=4908 near=1 over=0
[A:LANDSCAPER#12624@1707] @bc t=6 used=2481 max=9507 near=1 over=0
[A:LANDSCAPER#11770@1707] @bc t=6 used=2467 max=5610 near=0 over=0
[A:FULFILLMENT_CENTER#13698@1708] @build t=7 at=[4, 28] soup=251
[A:LANDSCAPER#10696@1709] @bc t=6 used=2462 max=3560 near=0 over=1
[A:LANDSCAPER#13065@1710] @bc t=6 used=2690 max=9976 near=1 over=0
[A:DELIVERY_DRONE#10065@1712] @dronepost at=[26, 22]
[A:DELIVERY_DRONE#10002@1714] @prune empty=[35, 5] sym=6
[A:DELIVERY_DRONE#11334@1716] @prune empty=[35, 5] sym=6
[A:LANDSCAPER#13175@1719] @bc t=6 used=2586 max=5688 near=0 over=0
[A:DELIVERY_DRONE#12134@1720] @prune empty=[35, 5] sym=6
[A:DELIVERY_DRONE#11334@1721] @bc t=7 used=2590 max=9557 near=1 over=0
[A:LANDSCAPER#10036@1722] @bc t=6 used=2628 max=5792 near=0 over=0
[A:VAPORATOR#12612@1724] @bc t=3 used=26 max=3498 near=0 over=0
[A:DELIVERY_DRONE#12324@1726] @dronepost at=[28, 24]
[A:DELIVERY_DRONE#10002@1726] @dronepost at=[27, 20]
[A:DELIVERY_DRONE#11334@1728] @dronepost at=[25, 18]
[A:FULFILLMENT_CENTER#13698@1730] @build t=7 at=[4, 28] soup=250
[A:LANDSCAPER#12065@1732] @bc t=6 used=2733 max=5832 near=0 over=0
[A:DELIVERY_DRONE#12134@1732] @dronepost at=[25, 18]
[A:DELIVERY_DRONE#10065@1733] @sight enemyHQ=[35, 26]
[B:HQ#1@1734] @shoot id=10065 d2=9
[A:DELIVERY_DRONE#12134@1734] @bc t=7 used=2606 max=9557 near=1 over=0
[A:DELIVERY_DRONE#12892@1734] @sight enemyHQ=[35, 26]
[A:LANDSCAPER#10427@1735] @bc t=6 used=2642 max=5802 near=0 over=0
[A:DELIVERY_DRONE#14045@1735] @dronepost at=[24, 21]
[B:DELIVERY_DRONE#12403@1736] @bc t=7 used=2094 max=6520 near=0 over=0
[B:HQ#1@1738] @shoot id=12324 d2=9
[A:VAPORATOR#12139@1738] @bc t=3 used=26 max=3489 near=0 over=0
[A:DELIVERY_DRONE#10002@1738] @sight enemyHQ=[35, 26]
[B:HQ#1@1739] @shoot id=12892 d2=9
[B:HQ#1@1740] @shoot id=10002 d2=10
[A:DELIVERY_DRONE#11334@1740] @sight enemyHQ=[35, 26]
[B:DELIVERY_DRONE#11589@1741] @bc t=7 used=2258 max=6820 near=0 over=0
[A:DELIVERY_DRONE#14045@1743] @bc t=7 used=2484 max=9438 near=1 over=0
[A:DELIVERY_DRONE#11792@1743] @dronepost at=[21, 18]
[A:DELIVERY_DRONE#13951@1744] @dronepost at=[21, 16]
[A:LANDSCAPER#10623@1748] @bc t=6 used=2483 max=5839 near=0 over=0
[B:DELIVERY_DRONE#13836@1751] @bc t=7 used=2593 max=6462 near=0 over=0
[A:LANDSCAPER#13140@1752] @bc t=6 used=2676 max=6239 near=0 over=0
[A:LANDSCAPER#11802@1752] @bc t=6 used=2002 max=6098 near=0 over=0
[A:FULFILLMENT_CENTER#13698@1753] @build t=7 at=[4, 28] soup=256
[A:LANDSCAPER#10234@1753] @bc t=6 used=2492 max=6231 near=0 over=0
[B:DELIVERY_DRONE#13807@1759] @bc t=7 used=397 max=7263 near=0 over=0
[A:DELIVERY_DRONE#11792@1762] @prune empty=[35, 5] sym=6
[A:DELIVERY_DRONE#11011@1763] @prune empty=[35, 5] sym=6
[A:VAPORATOR#10090@1764] @bc t=3 used=26 max=3472 near=0 over=0
[A:DELIVERY_DRONE#14045@1764] @prune empty=[35, 5] sym=6
[A:DELIVERY_DRONE#11011@1765] @bc t=7 used=5790 max=9624 near=1 over=0
[A:DELIVERY_DRONE#13951@1765] @prune empty=[35, 5] sym=6
[B:DELIVERY_DRONE#11318@1767] @bc t=7 used=1749 max=6899 near=0 over=0
[A:DELIVERY_DRONE#10599@1768] @origin x=0 y=0
[A:DELIVERY_DRONE#11334@1770] @dronepost at=[26, 22]
[A:LANDSCAPER#10232@1771] @bc t=6 used=2733 max=3224 near=0 over=1
[B:DELIVERY_DRONE#10648@1772] @bc t=7 used=2109 max=6785 near=0 over=0
[A:DELIVERY_DRONE#12134@1772] @dronepost at=[25, 22]
[A:FULFILLMENT_CENTER#13698@1774] @build t=7 at=[4, 28] soup=251
[A:LANDSCAPER#13762@1782] @bc t=6 used=2741 max=3412 near=0 over=1
[B:DELIVERY_DRONE#13438@1782] @bc t=7 used=514 max=6831 near=0 over=0
[A:LANDSCAPER#11322@1783] @bc t=6 used=1982 max=6334 near=0 over=0
[A:DELIVERY_DRONE#11011@1784] @sight enemyHQ=[35, 26]
[B:HQ#1@1785] @shoot id=11011 d2=9
[A:DELIVERY_DRONE#11792@1785] @sight enemyHQ=[35, 26]
[A:DELIVERY_DRONE#10103@1785] @origin x=0 y=0
[B:HQ#1@1787] @shoot id=11334 d2=9
[A:DELIVERY_DRONE#12134@1787] @sight enemyHQ=[35, 26]
[A:DELIVERY_DRONE#13951@1787] @dronepost at=[25, 20]
[A:DELIVERY_DRONE#13951@1787] @bc t=7 used=2999 max=9558 near=1 over=0
[B:HQ#1@1788] @shoot id=14045 d2=13
[A:DELIVERY_DRONE#11792@1789] @dronepost at=[26, 21]
[A:DELIVERY_DRONE#10599@1789] @dronepost at=[18, 17]
[A:DELIVERY_DRONE#13351@1792] @dronepost at=[23, 22]
[A:FULFILLMENT_CENTER#13698@1796] @build t=7 at=[4, 28] soup=251
[A:DESIGN_SCHOOL#12691@1797] @bc t=4 used=1738 max=4796 near=1 over=0
[A:HQ#0@1800] @econ soup=279 built=13 minersSeen=0 ring=14 buried=0 sym=7
[A:HQ#0@1800] @bc t=0 used=2933 max=4610 near=0 over=0
[B:HQ#1@1800] @econ soup=1498 built=8 minersSeen=0 ring=0 buried=0 sym=7
[B:HQ#1@1800] @bc t=0 used=860 max=4519 near=0 over=0
[A:LANDSCAPER#12624@1800] @wallstat role=0 seat=[7, 25] post=null digs=713 deps=713 eq=51 borrow=0 helperDeps=0 innerDeps=0 hqDigs=0 bury=0 idle=221 elev=686
[A:LANDSCAPER#10696@1800] @wallstat role=0 seat=[7, 26] post=null digs=707 deps=707 eq=21 borrow=0 helperDeps=0 innerDeps=0 hqDigs=0 bury=0 idle=237 elev=689
[A:LANDSCAPER#13065@1800] @wallstat role=0 seat=[7, 27] post=null digs=713 deps=713 eq=656 borrow=0 helperDeps=0 innerDeps=0 hqDigs=0 bury=0 idle=219 elev=688
[A:LANDSCAPER#10232@1800] @wallstat role=0 seat=[6, 28] post=null digs=707 deps=707 eq=660 borrow=0 helperDeps=0 innerDeps=0 hqDigs=0 bury=0 idle=179 elev=685
[A:LANDSCAPER#13762@1800] @wallstat role=0 seat=[5, 28] post=null digs=707 deps=707 eq=677 borrow=0 helperDeps=0 innerDeps=0 hqDigs=0 bury=0 idle=169 elev=682
[A:LANDSCAPER#11838@1800] @wallstat role=0 seat=[5, 24] post=null digs=685 deps=684 eq=16 borrow=0 helperDeps=0 innerDeps=0 hqDigs=0 bury=0 idle=199 elev=681
[A:LANDSCAPER#11770@1800] @wallstat role=0 seat=[3, 28] post=null digs=684 deps=683 eq=6 borrow=0 helperDeps=0 innerDeps=0 hqDigs=0 bury=0 idle=0 elev=680
[A:LANDSCAPER#13175@1800] @wallstat role=0 seat=[3, 24] post=null digs=684 deps=683 eq=5 borrow=0 helperDeps=0 innerDeps=0 hqDigs=0 bury=0 idle=0 elev=681
[A:LANDSCAPER#10036@1800] @wallstat role=0 seat=[3, 26] post=null digs=676 deps=676 eq=1 borrow=0 helperDeps=0 innerDeps=0 hqDigs=0 bury=0 idle=0 elev=678
[A:LANDSCAPER#12065@1800] @wallstat role=0 seat=[3, 25] post=null digs=671 deps=671 eq=0 borrow=0 helperDeps=0 innerDeps=0 hqDigs=0 bury=0 idle=0 elev=680
[A:LANDSCAPER#10427@1800] @wallstat role=0 seat=[3, 27] post=null digs=670 deps=669 eq=0 borrow=0 helperDeps=0 innerDeps=0 hqDigs=0 bury=0 idle=0 elev=678
[A:LANDSCAPER#10623@1800] @wallstat role=0 seat=[4, 24] post=null digs=662 deps=662 eq=0 borrow=0 helperDeps=0 innerDeps=0 hqDigs=0 bury=0 idle=0 elev=681
[A:LANDSCAPER#10234@1800] @wallstat role=0 seat=[6, 24] post=null digs=661 deps=661 eq=10 borrow=0 helperDeps=0 innerDeps=0 hqDigs=0 bury=0 idle=0 elev=684
[A:LANDSCAPER#13140@1800] @wallstat role=0 seat=[7, 24] post=null digs=662 deps=662 eq=1 borrow=0 helperDeps=0 innerDeps=0 hqDigs=0 bury=0 idle=0 elev=686
[A:LANDSCAPER#11802@1800] @wallstat role=1 seat=null post=[8, 28] digs=656 deps=656 eq=645 borrow=0 helperDeps=645 innerDeps=0 hqDigs=0 bury=0 idle=14 elev=14
[A:LANDSCAPER#11322@1800] @wallstat role=1 seat=null post=[8, 29] digs=648 deps=647 eq=636 borrow=0 helperDeps=636 innerDeps=0 hqDigs=0 bury=0 idle=0 elev=14
[B:DELIVERY_DRONE#12403@1800] @dronestat pickups=0 drops=0 holding=false
[B:DELIVERY_DRONE#11589@1800] @dronestat pickups=0 drops=0 holding=false
[B:DELIVERY_DRONE#13836@1800] @dronestat pickups=0 drops=0 holding=false
[B:DELIVERY_DRONE#13807@1800] @dronestat pickups=0 drops=0 holding=false
[B:DELIVERY_DRONE#11318@1800] @dronestat pickups=0 drops=0 holding=false
[B:DELIVERY_DRONE#10648@1800] @dronestat pickups=0 drops=0 holding=false
[B:DELIVERY_DRONE#13438@1800] @dronestat pickups=0 drops=0 holding=false
[A:DELIVERY_DRONE#12134@1800] @dronestat at=[30, 27] pickups=0 drops=0 ferried=0 raidKills=0 raiding=false holding=false guess=[35, 26]
[A:DELIVERY_DRONE#13951@1800] @dronestat at=[29, 24] pickups=0 drops=0 ferried=0 raidKills=0 raiding=false holding=false guess=[35, 26]
[A:DELIVERY_DRONE#11792@1800] @dronestat at=[30, 24] pickups=0 drops=0 ferried=0 raidKills=0 raiding=false holding=false guess=[35, 26]
[A:DELIVERY_DRONE#13351@1800] @dronestat at=[18, 19] pickups=0 drops=0 ferried=0 raidKills=0 raiding=false holding=false guess=null
[A:DELIVERY_DRONE#10599@1800] @dronestat at=[24, 14] pickups=0 drops=0 ferried=0 raidKills=0 raiding=false holding=false guess=[35, 5]
[A:DELIVERY_DRONE#10103@1800] @dronestat at=[13, 22] pickups=0 drops=0 ferried=0 raidKills=0 raiding=false holding=false guess=[35, 5]
[A:DELIVERY_DRONE#10636@1800] @dronestat at=[4, 28] pickups=0 drops=0 ferried=0 raidKills=0 raiding=false holding=false guess=null
[A:LANDSCAPER#11838@1803] @bc t=6 used=2619 max=5851 near=0 over=0
[A:DELIVERY_DRONE#10103@1803] @dronepost at=[19, 18]
[A:FULFILLMENT_CENTER#13698@1806] @bc t=5 used=1743 max=4908 near=1 over=0
[A:LANDSCAPER#12624@1807] @bc t=6 used=2518 max=9507 near=1 over=0
[A:LANDSCAPER#11770@1807] @bc t=6 used=2594 max=5610 near=0 over=0
[A:DELIVERY_DRONE#10636@1807] @origin x=0 y=0
[A:DELIVERY_DRONE#11792@1808] @bc t=7 used=676 max=9620 near=1 over=0
[A:LANDSCAPER#10696@1809] @bc t=6 used=2421 max=3560 near=0 over=1
[A:LANDSCAPER#13065@1810] @bc t=6 used=2760 max=9976 near=1 over=0
[A:FULFILLMENT_CENTER#13698@1818] @build t=7 at=[4, 28] soup=254
[A:LANDSCAPER#13175@1819] @bc t=6 used=2705 max=5688 near=0 over=0
[A:LANDSCAPER#10036@1822] @bc t=6 used=2747 max=5792 near=0 over=0
[A:VAPORATOR#12612@1824] @bc t=3 used=26 max=3498 near=0 over=0
[A:DELIVERY_DRONE#10636@1825] @dronepost at=[18, 18]
[A:DELIVERY_DRONE#13951@1827] @dronepost at=[26, 21]
[A:DELIVERY_DRONE#13351@1830] @bc t=7 used=5731 max=9439 near=1 over=0
[A:LANDSCAPER#12065@1832] @bc t=6 used=2573 max=5832 near=0 over=0
[A:DELIVERY_DRONE#13351@1832] @dronepost at=[23, 21]
[A:DELIVERY_DRONE#12134@1834] @bc t=7 used=459 max=9557 near=1 over=0
[A:DELIVERY_DRONE#11792@1834] @dronepost at=[26, 23]
[A:LANDSCAPER#10427@1835] @bc t=6 used=2482 max=5802 near=0 over=0
[A:DELIVERY_DRONE#12134@1835] @dronepost at=[27, 24]
[B:DELIVERY_DRONE#12403@1836] @bc t=7 used=526 max=6520 near=0 over=0
[A:VAPORATOR#12139@1838] @bc t=3 used=26 max=3489 near=0 over=0
[A:FULFILLMENT_CENTER#13698@1840] @build t=7 at=[4, 28] soup=252
[B:DELIVERY_DRONE#11589@1841] @bc t=7 used=1948 max=6820 near=0 over=0
[A:DELIVERY_DRONE#11807@1845] @dronepost at=[20, 17]
[A:LANDSCAPER#10623@1848] @bc t=6 used=2524 max=5839 near=0 over=0
[A:DELIVERY_DRONE#10599@1850] @prune empty=[35, 5] sym=6
[B:DELIVERY_DRONE#13836@1851] @bc t=7 used=2004 max=6462 near=0 over=0
[A:LANDSCAPER#13140@1852] @bc t=6 used=2795 max=6239 near=0 over=0
[A:LANDSCAPER#11802@1852] @bc t=6 used=2121 max=6098 near=0 over=0
[A:DELIVERY_DRONE#10636@1852] @prune empty=[35, 5] sym=6
[A:LANDSCAPER#10234@1853] @bc t=6 used=2332 max=6231 near=0 over=0
[A:DELIVERY_DRONE#10599@1853] @bc t=7 used=821 max=9557 near=1 over=0
[A:DELIVERY_DRONE#10103@1856] @prune empty=[35, 5] sym=6
[B:DELIVERY_DRONE#13807@1859] @bc t=7 used=2121 max=7263 near=0 over=0
[A:FULFILLMENT_CENTER#13698@1862] @build t=7 at=[4, 28] soup=254
[A:VAPORATOR#10090@1864] @bc t=3 used=26 max=3472 near=0 over=0
[A:DELIVERY_DRONE#10599@1865] @dronepost at=[28, 20]
[A:DELIVERY_DRONE#10636@1865] @dronepost at=[26, 19]
[B:DELIVERY_DRONE#11318@1867] @bc t=7 used=477 max=6899 near=0 over=0
[A:DELIVERY_DRONE#13951@1867] @dronepost at=[27, 20]
[A:DELIVERY_DRONE#10103@1868] @dronepost at=[26, 19]
[A:LANDSCAPER#10232@1871] @bc t=6 used=2419 max=3224 near=0 over=1
[A:DELIVERY_DRONE#13951@1871] @sight enemyHQ=[35, 26]
[B:HQ#1@1872] @shoot id=13951 d2=9
[B:DELIVERY_DRONE#10648@1872] @bc t=7 used=1954 max=6785 near=0 over=0
[A:DELIVERY_DRONE#13527@1873] @origin x=0 y=0
[B:HQ#1@1874] @shoot id=11792 d2=9
[A:DELIVERY_DRONE#10599@1874] @sight enemyHQ=[35, 26]
[A:DELIVERY_DRONE#10103@1874] @bc t=7 used=892 max=9621 near=1 over=0
[A:DELIVERY_DRONE#10636@1874] @sight enemyHQ=[35, 26]
[B:HQ#1@1875] @shoot id=10599 d2=13
[A:DELIVERY_DRONE#12134@1876] @dronepost at=[28, 23]
[A:LANDSCAPER#13762@1882] @bc t=6 used=2860 max=3412 near=0 over=1
[B:DELIVERY_DRONE#13438@1882] @bc t=7 used=2049 max=6831 near=0 over=0
[A:LANDSCAPER#11322@1883] @bc t=6 used=1863 max=6334 near=0 over=0
[A:FULFILLMENT_CENTER#13698@1884] @build t=7 at=[4, 28] soup=253
[A:DELIVERY_DRONE#13527@1892] @dronepost at=[20, 18]
[A:DELIVERY_DRONE#10636@1896] @bc t=7 used=557 max=9439 near=1 over=0
[A:DESIGN_SCHOOL#12691@1897] @bc t=4 used=1738 max=4796 near=1 over=0
[A:HQ#0@1900] @econ soup=364 built=13 minersSeen=0 ring=14 buried=0 sym=7
[A:HQ#0@1900] @bc t=0 used=2933 max=4610 near=0 over=0
[B:HQ#1@1900] @econ soup=1598 built=8 minersSeen=0 ring=0 buried=0 sym=7
[B:HQ#1@1900] @bc t=0 used=860 max=4519 near=0 over=0
[A:LANDSCAPER#12624@1900] @wallstat role=0 seat=[7, 25] post=null digs=763 deps=763 eq=51 borrow=0 helperDeps=0 innerDeps=0 hqDigs=0 bury=0 idle=221 elev=736
[A:LANDSCAPER#10696@1900] @wallstat role=0 seat=[7, 26] post=null digs=757 deps=757 eq=22 borrow=0 helperDeps=0 innerDeps=0 hqDigs=0 bury=0 idle=237 elev=738
[A:LANDSCAPER#13065@1900] @wallstat role=0 seat=[7, 27] post=null digs=763 deps=763 eq=702 borrow=0 helperDeps=0 innerDeps=0 hqDigs=0 bury=0 idle=219 elev=736
[A:LANDSCAPER#10232@1900] @wallstat role=0 seat=[6, 28] post=null digs=757 deps=757 eq=708 borrow=0 helperDeps=0 innerDeps=0 hqDigs=0 bury=0 idle=179 elev=733
[A:LANDSCAPER#13762@1900] @wallstat role=0 seat=[5, 28] post=null digs=757 deps=757 eq=726 borrow=0 helperDeps=0 innerDeps=0 hqDigs=0 bury=0 idle=169 elev=731
[A:LANDSCAPER#11838@1900] @wallstat role=0 seat=[5, 24] post=null digs=735 deps=734 eq=16 borrow=0 helperDeps=0 innerDeps=0 hqDigs=0 bury=0 idle=199 elev=731
[A:LANDSCAPER#11770@1900] @wallstat role=0 seat=[3, 28] post=null digs=734 deps=733 eq=6 borrow=0 helperDeps=0 innerDeps=0 hqDigs=0 bury=0 idle=0 elev=730
[A:LANDSCAPER#13175@1900] @wallstat role=0 seat=[3, 24] post=null digs=734 deps=733 eq=5 borrow=0 helperDeps=0 innerDeps=0 hqDigs=0 bury=0 idle=0 elev=731
[A:LANDSCAPER#10036@1900] @wallstat role=0 seat=[3, 26] post=null digs=726 deps=726 eq=1 borrow=0 helperDeps=0 innerDeps=0 hqDigs=0 bury=0 idle=0 elev=728
[A:LANDSCAPER#12065@1900] @wallstat role=0 seat=[3, 25] post=null digs=721 deps=721 eq=0 borrow=0 helperDeps=0 innerDeps=0 hqDigs=0 bury=0 idle=0 elev=730
[A:LANDSCAPER#10427@1900] @wallstat role=0 seat=[3, 27] post=null digs=720 deps=719 eq=0 borrow=0 helperDeps=0 innerDeps=0 hqDigs=0 bury=0 idle=0 elev=728
[A:LANDSCAPER#10623@1900] @wallstat role=0 seat=[4, 24] post=null digs=712 deps=712 eq=0 borrow=0 helperDeps=0 innerDeps=0 hqDigs=0 bury=0 idle=0 elev=731
[A:LANDSCAPER#10234@1900] @wallstat role=0 seat=[6, 24] post=null digs=711 deps=711 eq=10 borrow=0 helperDeps=0 innerDeps=0 hqDigs=0 bury=0 idle=0 elev=734
[A:LANDSCAPER#13140@1900] @wallstat role=0 seat=[7, 24] post=null digs=712 deps=712 eq=1 borrow=0 helperDeps=0 innerDeps=0 hqDigs=0 bury=0 idle=0 elev=736
[A:LANDSCAPER#11802@1900] @wallstat role=1 seat=null post=[8, 28] digs=706 deps=706 eq=691 borrow=0 helperDeps=691 innerDeps=0 hqDigs=0 bury=0 idle=14 elev=18
[A:LANDSCAPER#11322@1900] @wallstat role=1 seat=null post=[8, 29] digs=698 deps=697 eq=682 borrow=0 helperDeps=682 innerDeps=0 hqDigs=0 bury=0 idle=0 elev=18
[B:DELIVERY_DRONE#12403@1900] @dronestat pickups=0 drops=0 holding=false
[B:DELIVERY_DRONE#11589@1900] @dronestat pickups=0 drops=0 holding=false
[B:DELIVERY_DRONE#13836@1900] @dronestat pickups=0 drops=0 holding=false
[B:DELIVERY_DRONE#13807@1900] @dronestat pickups=0 drops=0 holding=false
[B:DELIVERY_DRONE#11318@1900] @dronestat pickups=0 drops=0 holding=false
[B:DELIVERY_DRONE#10648@1900] @dronestat pickups=0 drops=0 holding=false
[B:DELIVERY_DRONE#13438@1900] @dronestat pickups=0 drops=0 holding=false
[A:DELIVERY_DRONE#12134@1900] @dronestat at=[30, 27] pickups=0 drops=0 ferried=0 raidKills=0 raiding=false holding=false guess=[35, 26]
[A:DELIVERY_DRONE#13351@1900] @dronestat at=[31, 9] pickups=0 drops=0 ferried=0 raidKills=0 raiding=false holding=false guess=[35, 5]
[A:DELIVERY_DRONE#10103@1900] @dronestat at=[29, 24] pickups=0 drops=0 ferried=0 raidKills=0 raiding=false holding=false guess=[35, 26]
[A:DELIVERY_DRONE#10636@1900] @dronestat at=[30, 24] pickups=0 drops=0 ferried=0 raidKills=0 raiding=false holding=false guess=[35, 26]
[A:DELIVERY_DRONE#11807@1900] @dronestat at=[27, 11] pickups=0 drops=0 ferried=0 raidKills=0 raiding=false holding=false guess=[35, 5]
[A:DELIVERY_DRONE#10556@1900] @dronestat at=[13, 20] pickups=0 drops=0 ferried=0 raidKills=0 raiding=false holding=false guess=null
[A:DELIVERY_DRONE#13527@1900] @dronestat at=[21, 14] pickups=0 drops=0 ferried=0 raidKills=0 raiding=false holding=false guess=[35, 5]
[A:DELIVERY_DRONE#11972@1900] @dronestat at=[6, 27] pickups=0 drops=0 ferried=0 raidKills=0 raiding=false holding=false guess=null
[A:LANDSCAPER#11838@1903] @bc t=6 used=2738 max=5851 near=0 over=0
[A:DELIVERY_DRONE#10636@1905] @dronepost at=[27, 25]
[A:FULFILLMENT_CENTER#13698@1906] @build t=7 at=[4, 28] soup=255
[A:FULFILLMENT_CENTER#13698@1906] @bc t=5 used=1829 max=4908 near=1 over=0
[A:LANDSCAPER#12624@1907] @bc t=6 used=2481 max=9507 near=1 over=0
[A:LANDSCAPER#11770@1907] @bc t=6 used=2508 max=5610 near=0 over=0
[A:DELIVERY_DRONE#10103@1908] @dronepost at=[25, 24]
[A:DELIVERY_DRONE#10556@1908] @dronepost at=[17, 15]
[A:LANDSCAPER#10696@1909] @bc t=6 used=2951 max=3560 near=0 over=1
[A:LANDSCAPER#13065@1910] @bc t=6 used=2690 max=9976 near=1 over=0
[A:DELIVERY_DRONE#12134@1917] @dronepost at=[29, 23]
[A:DELIVERY_DRONE#11807@1918] @bc t=7 used=626 max=9438 near=1 over=0
[A:LANDSCAPER#13175@1919] @bc t=6 used=2586 max=5688 near=0 over=0
[A:LANDSCAPER#10036@1922] @bc t=6 used=2628 max=5792 near=0 over=0
[A:DELIVERY_DRONE#10320@1923] @origin x=0 y=0
[A:VAPORATOR#12612@1924] @bc t=3 used=26 max=3498 near=0 over=0
[A:FULFILLMENT_CENTER#13698@1928] @build t=7 at=[4, 28] soup=255
[A:DELIVERY_DRONE#13351@1930] @bc t=7 used=4082 max=9439 near=1 over=0
[A:LANDSCAPER#12065@1932] @bc t=6 used=2614 max=5832 near=0 over=0
[A:DELIVERY_DRONE#12134@1934] @bc t=7 used=676 max=9557 near=1 over=0
[A:LANDSCAPER#10427@1935] @bc t=6 used=2523 max=5802 near=0 over=0
[B:DELIVERY_DRONE#12403@1936] @bc t=7 used=1910 max=6520 near=0 over=0
[A:VAPORATOR#12139@1938] @bc t=3 used=26 max=3489 near=0 over=0
[A:DELIVERY_DRONE#10556@1940] @bc t=7 used=5870 max=9558 near=1 over=0
[B:DELIVERY_DRONE#11589@1941] @bc t=7 used=434 max=6820 near=0 over=0
[A:DELIVERY_DRONE#11972@1944] @dronepost at=[21, 16]
[A:DELIVERY_DRONE#10636@1945] @dronepost at=[27, 22]
[A:LANDSCAPER#10623@1948] @bc t=6 used=2602 max=5839 near=0 over=0
[A:DELIVERY_DRONE#10103@1948] @dronepost at=[29, 22]
[A:DELIVERY_DRONE#10556@1948] @dronepost at=[23, 14]
[A:DELIVERY_DRONE#10320@1949] @dronepost at=[21, 15]
[A:FULFILLMENT_CENTER#13698@1950] @build t=7 at=[4, 28] soup=253
[B:DELIVERY_DRONE#13836@1951] @bc t=7 used=2127 max=6462 near=0 over=0
[A:DELIVERY_DRONE#13351@1951] @prune empty=[35, 5] sym=6
[A:DELIVERY_DRONE#13527@1951] @prune empty=[35, 5] sym=6
[A:LANDSCAPER#13140@1952] @bc t=6 used=2676 max=6239 near=0 over=0
[A:LANDSCAPER#11802@1952] @bc t=6 used=2043 max=6098 near=0 over=0
[A:LANDSCAPER#10234@1953] @bc t=6 used=2373 max=6231 near=0 over=0
[A:DELIVERY_DRONE#12134@1957] @dronepost at=[27, 25]
[B:DELIVERY_DRONE#13807@1959] @bc t=7 used=2211 max=7263 near=0 over=0
[A:DELIVERY_DRONE#12453@1961] @origin x=0 y=0
[A:DELIVERY_DRONE#13527@1962] @bc t=7 used=2486 max=9439 near=1 over=0
[A:VAPORATOR#10090@1964] @bc t=3 used=26 max=3472 near=0 over=0
[A:DELIVERY_DRONE#13351@1966] @dronepost at=[26, 20]
[B:DELIVERY_DRONE#11318@1967] @bc t=7 used=2491 max=6899 near=0 over=0
[A:DELIVERY_DRONE#13527@1968] @dronepost at=[26, 16]
[B:HQ#1@1970] @shoot id=10636 d2=9
[A:DELIVERY_DRONE#10103@1970] @sight enemyHQ=[35, 26]
[A:LANDSCAPER#10232@1971] @bc t=6 used=2429 max=3224 near=0 over=1
[A:FULFILLMENT_CENTER#13698@1972] @build t=7 at=[4, 28] soup=254
[B:DELIVERY_DRONE#10648@1972] @bc t=7 used=2156 max=6785 near=0 over=0
[A:DELIVERY_DRONE#10103@1974] @bc t=7 used=1229 max=9621 near=1 over=0
[A:DELIVERY_DRONE#13351@1976] @sight enemyHQ=[35, 26]
[A:DELIVERY_DRONE#11972@1976] @prune empty=[35, 5] sym=6
[A:DELIVERY_DRONE#13394@1976] @origin x=0 y=0
[B:HQ#1@1977] @shoot id=12134 d2=9
[A:LANDSCAPER#13762@1982] @bc t=6 used=2782 max=3412 near=0 over=1
[B:DELIVERY_DRONE#13438@1982] @bc t=7 used=2269 max=6831 near=0 over=0
[A:LANDSCAPER#11322@1983] @bc t=6 used=1904 max=6334 near=0 over=0
[A:DELIVERY_DRONE#12453@1983] @dronepost at=[21, 14]
[A:DELIVERY_DRONE#11972@1984] @bc t=7 used=2529 max=9439 near=1 over=0
[A:DELIVERY_DRONE#11972@1987] @dronepost at=[28, 17]
[A:DELIVERY_DRONE#11893@1989] @origin x=0 y=0
[A:DELIVERY_DRONE#10103@1990] @dronepost at=[28, 20]
[A:FULFILLMENT_CENTER#13698@1994] @build t=7 at=[4, 28] soup=255
[A:DELIVERY_DRONE#13527@1995] @sight enemyHQ=[35, 26]
[A:DELIVERY_DRONE#13394@1996] @dronepost at=[20, 17]
[A:DESIGN_SCHOOL#12691@1997] @bc t=4 used=1779 max=4796 near=1 over=0
[B:HQ#1@1998] @shoot id=13351 d2=9
[A:HQ#0@2000] @econ soup=296 built=13 minersSeen=0 ring=14 buried=0 sym=7
[A:HQ#0@2000] @bc t=0 used=2991 max=4610 near=0 over=0
[B:HQ#1@2000] @econ soup=1698 built=8 minersSeen=0 ring=0 buried=0 sym=7
[B:HQ#1@2000] @bc t=0 used=860 max=4519 near=0 over=0
[A:LANDSCAPER#12624@2000] @wallstat role=0 seat=[7, 25] post=null digs=813 deps=813 eq=51 borrow=0 helperDeps=0 innerDeps=0 hqDigs=0 bury=0 idle=221 elev=786
[A:LANDSCAPER#10696@2000] @wallstat role=0 seat=[7, 26] post=null digs=807 deps=807 eq=24 borrow=0 helperDeps=0 innerDeps=0 hqDigs=0 bury=0 idle=237 elev=786
[A:LANDSCAPER#13065@2000] @wallstat role=0 seat=[7, 27] post=null digs=813 deps=813 eq=749 borrow=0 helperDeps=0 innerDeps=0 hqDigs=0 bury=0 idle=219 elev=785
[A:LANDSCAPER#10232@2000] @wallstat role=0 seat=[6, 28] post=null digs=807 deps=807 eq=756 borrow=0 helperDeps=0 innerDeps=0 hqDigs=0 bury=0 idle=179 elev=782
[A:LANDSCAPER#13762@2000] @wallstat role=0 seat=[5, 28] post=null digs=807 deps=807 eq=775 borrow=0 helperDeps=0 innerDeps=0 hqDigs=0 bury=0 idle=169 elev=780
[A:LANDSCAPER#11838@2000] @wallstat role=0 seat=[5, 24] post=null digs=785 deps=784 eq=16 borrow=0 helperDeps=0 innerDeps=0 hqDigs=0 bury=0 idle=199 elev=781
[A:LANDSCAPER#11770@2000] @wallstat role=0 seat=[3, 28] post=null digs=784 deps=783 eq=6 borrow=0 helperDeps=0 innerDeps=0 hqDigs=0 bury=0 idle=0 elev=780
[A:LANDSCAPER#13175@2000] @wallstat role=0 seat=[3, 24] post=null digs=784 deps=783 eq=5 borrow=0 helperDeps=0 innerDeps=0 hqDigs=0 bury=0 idle=0 elev=781
[A:LANDSCAPER#10036@2000] @wallstat role=0 seat=[3, 26] post=null digs=776 deps=776 eq=1 borrow=0 helperDeps=0 innerDeps=0 hqDigs=0 bury=0 idle=0 elev=778
[A:LANDSCAPER#12065@2000] @wallstat role=0 seat=[3, 25] post=null digs=771 deps=771 eq=0 borrow=0 helperDeps=0 innerDeps=0 hqDigs=0 bury=0 idle=0 elev=780
[A:LANDSCAPER#10427@2000] @wallstat role=0 seat=[3, 27] post=null digs=770 deps=769 eq=0 borrow=0 helperDeps=0 innerDeps=0 hqDigs=0 bury=0 idle=0 elev=778
[A:LANDSCAPER#10623@2000] @wallstat role=0 seat=[4, 24] post=null digs=762 deps=762 eq=0 borrow=0 helperDeps=0 innerDeps=0 hqDigs=0 bury=0 idle=0 elev=781
[A:LANDSCAPER#10234@2000] @wallstat role=0 seat=[6, 24] post=null digs=761 deps=761 eq=10 borrow=0 helperDeps=0 innerDeps=0 hqDigs=0 bury=0 idle=0 elev=784
[A:LANDSCAPER#13140@2000] @wallstat role=0 seat=[7, 24] post=null digs=762 deps=762 eq=1 borrow=0 helperDeps=0 innerDeps=0 hqDigs=0 bury=0 idle=0 elev=786
[A:LANDSCAPER#11802@2000] @wallstat role=1 seat=null post=[8, 28] digs=756 deps=756 eq=737 borrow=0 helperDeps=737 innerDeps=0 hqDigs=0 bury=0 idle=14 elev=22
[A:LANDSCAPER#11322@2000] @wallstat role=1 seat=null post=[8, 29] digs=748 deps=747 eq=728 borrow=0 helperDeps=728 innerDeps=0 hqDigs=0 bury=0 idle=0 elev=22
[B:DELIVERY_DRONE#12403@2000] @dronestat pickups=0 drops=0 holding=false
[B:DELIVERY_DRONE#11589@2000] @dronestat pickups=0 drops=0 holding=false
[B:DELIVERY_DRONE#13836@2000] @dronestat pickups=0 drops=0 holding=false
[B:DELIVERY_DRONE#13807@2000] @dronestat pickups=0 drops=0 holding=false
[B:DELIVERY_DRONE#11318@2000] @dronestat pickups=0 drops=0 holding=false
[B:DELIVERY_DRONE#10648@2000] @dronestat pickups=0 drops=0 holding=false
[B:DELIVERY_DRONE#13438@2000] @dronestat pickups=0 drops=0 holding=false
[A:DELIVERY_DRONE#10103@2000] @dronestat at=[30, 27] pickups=0 drops=0 ferried=0 raidKills=0 raiding=false holding=false guess=[35, 26]
[A:DELIVERY_DRONE#11807@2000] @dronestat at=[31, 10] pickups=0 drops=0 ferried=0 raidKills=0 raiding=true holding=false guess=[35, 5]
[A:DELIVERY_DRONE#10556@2000] @dronestat at=[31, 9] pickups=0 drops=0 ferried=0 raidKills=0 raiding=false holding=false guess=[35, 5]
[A:DELIVERY_DRONE#13527@2000] @dronestat at=[30, 24] pickups=0 drops=0 ferried=0 raidKills=0 raiding=false holding=false guess=[35, 26]
[A:DELIVERY_DRONE#11972@2000] @dronestat at=[29, 24] pickups=0 drops=0 ferried=0 raidKills=0 raiding=false holding=false guess=[35, 26]
[A:DELIVERY_DRONE#10320@2000] @dronestat at=[27, 12] pickups=0 drops=0 ferried=0 raidKills=0 raiding=false holding=false guess=[35, 5]
[A:DELIVERY_DRONE#13394@2000] @dronestat at=[19, 16] pickups=0 drops=0 ferried=0 raidKills=0 raiding=false holding=false guess=[35, 5]
[A:DELIVERY_DRONE#12453@2000] @dronestat at=[29, 9] pickups=0 drops=0 ferried=0 raidKills=0 raiding=true holding=false guess=[35, 5]
[A:DELIVERY_DRONE#11893@2000] @dronestat at=[8, 30] pickups=0 drops=0 ferried=0 raidKills=0 raiding=false holding=false guess=[35, 5]
[A:DELIVERY_DRONE#12142@2000] @dronestat at=[4, 28] pickups=0 drops=0 ferried=0 raidKills=0 raiding=false holding=false guess=null
[A:LANDSCAPER#11838@2003] @bc t=6 used=2619 max=5851 near=0 over=0
[A:FULFILLMENT_CENTER#13698@2006] @bc t=5 used=1743 max=4908 near=1 over=0
[A:DELIVERY_DRONE#10320@2006] @bc t=7 used=745 max=9620 near=1 over=0
[A:LANDSCAPER#12624@2007] @bc t=6 used=2440 max=9507 near=1 over=0
[A:LANDSCAPER#11770@2007] @bc t=6 used=2467 max=5610 near=0 over=0
[A:LANDSCAPER#10696@2009] @bc t=6 used=2421 max=3560 near=0 over=1
[A:DELIVERY_DRONE#13527@2009] @dronepost at=[26, 22]
[A:LANDSCAPER#13065@2010] @bc t=6 used=2649 max=9976 near=1 over=0
[A:DELIVERY_DRONE#10556@2010] @prune empty=[35, 5] sym=6
[A:DELIVERY_DRONE#12453@2012] @prune empty=[35, 5] sym=6
[A:DELIVERY_DRONE#11807@2014] @prune empty=[35, 5] sym=6
[A:DELIVERY_DRONE#11893@2014] @dronepost at=[22, 18]
[A:FULFILLMENT_CENTER#13698@2016] @build t=7 at=[4, 28] soup=256
[A:DELIVERY_DRONE#10320@2016] @prune empty=[35, 5] sym=6
[A:DELIVERY_DRONE#11807@2018] @bc t=7 used=2644 max=9438 near=1 over=0
[A:LANDSCAPER#13175@2019] @bc t=6 used=2586 max=5688 near=0 over=0
[A:LANDSCAPER#10036@2022] @bc t=6 used=2628 max=5792 near=0 over=0
[A:DELIVERY_DRONE#12142@2023] @origin x=0 y=0
[A:VAPORATOR#12612@2024] @bc t=3 used=26 max=3498 near=0 over=0
[A:DELIVERY_DRONE#11972@2027] @dronepost at=[28, 22]
[A:DELIVERY_DRONE#13394@2028] @bc t=7 used=560 max=9565 near=1 over=0
[B:HQ#1@2030] @shoot id=13527 d2=9
[A:DELIVERY_DRONE#11972@2030] @sight enemyHQ=[35, 26]
[A:DELIVERY_DRONE#10320@2031] @dronepost at=[25, 20]
[A:LANDSCAPER#12065@2032] @bc t=6 used=2877 max=5832 near=0 over=0
[A:DELIVERY_DRONE#10556@2032] @sight enemyHQ=[35, 26]
[A:DELIVERY_DRONE#12453@2033] @sight enemyHQ=[35, 26]
[B:HQ#1@2034] @shoot id=10556 d2=8
[A:LANDSCAPER#10427@2035] @bc t=6 used=2601 max=5802 near=0 over=0
[A:DELIVERY_DRONE#11807@2035] @sight enemyHQ=[35, 26]
[B:DELIVERY_DRONE#12403@2036] @bc t=7 used=448 max=6520 near=0 over=0
[B:HQ#1@2037] @shoot id=11807 d2=10
[A:FULFILLMENT_CENTER#13698@2037] @build t=7 at=[4, 28] soup=250
[B:HQ#1@2038] @shoot id=11972 d2=9
[A:VAPORATOR#12139@2038] @bc t=3 used=26 max=3489 near=0 over=0
[A:DELIVERY_DRONE#12453@2038] @dronepost at=[28, 22]
[B:DELIVERY_DRONE#11589@2041] @bc t=7 used=507 max=6820 near=0 over=0
[A:DELIVERY_DRONE#12142@2042] @dronepost at=[17, 15]
[A:DELIVERY_DRONE#10020@2045] @dronepost at=[17, 17]
[A:LANDSCAPER#10623@2048] @bc t=6 used=2483 max=5839 near=0 over=0
[A:DELIVERY_DRONE#12453@2050] @bc t=7 used=3895 max=9693 near=1 over=0
[B:DELIVERY_DRONE#13836@2051] @bc t=7 used=653 max=6462 near=0 over=0
[A:LANDSCAPER#13140@2052] @bc t=6 used=2717 max=6239 near=0 over=0
[A:LANDSCAPER#11802@2052] @bc t=6 used=2004 max=6098 near=0 over=0
[A:LANDSCAPER#10234@2053] @bc t=6 used=2492 max=6231 near=0 over=0
[A:DELIVERY_DRONE#10103@2054] @dronepost at=[28, 24]
[B:DELIVERY_DRONE#13807@2059] @bc t=7 used=2026 max=7263 near=0 over=0
[A:FULFILLMENT_CENTER#13698@2060] @build t=7 at=[4, 28] soup=256
[A:DELIVERY_DRONE#13394@2061] @prune empty=[35, 5] sym=6
[A:VAPORATOR#10090@2064] @bc t=3 used=26 max=3472 near=0 over=0
[A:DELIVERY_DRONE#11893@2064] @prune empty=[35, 5] sym=6
[B:DELIVERY_DRONE#11318@2067] @bc t=7 used=1852 max=6899 near=0 over=0
[A:LANDSCAPER#10232@2071] @bc t=6 used=2538 max=3224 near=0 over=1
[A:DELIVERY_DRONE#10320@2071] @dronepost at=[26, 21]
[B:DELIVERY_DRONE#10648@2072] @bc t=7 used=2371 max=6785 near=0 over=0
[A:DELIVERY_DRONE#11893@2072] @bc t=7 used=2645 max=9621 near=1 over=0
[A:DELIVERY_DRONE#10103@2074] @bc t=7 used=459 max=9621 near=1 over=0
[A:DELIVERY_DRONE#13394@2074] @dronepost at=[25, 18]
[A:DELIVERY_DRONE#11893@2076] @dronepost at=[27, 20]
[A:DELIVERY_DRONE#10733@2077] @origin x=0 y=0
[A:DELIVERY_DRONE#12453@2078] @dronepost at=[27, 23]
[A:FULFILLMENT_CENTER#13698@2082] @build t=7 at=[4, 28] soup=256
[A:LANDSCAPER#13762@2082] @bc t=6 used=2823 max=3412 near=0 over=1
[B:DELIVERY_DRONE#13438@2082] @bc t=7 used=323 max=6831 near=0 over=0
[A:LANDSCAPER#11322@2083] @bc t=6 used=2063 max=6334 near=0 over=0
[A:DELIVERY_DRONE#10320@2083] @sight enemyHQ=[35, 26]
[B:HQ#1@2084] @shoot id=10320 d2=9
[B:HQ#1@2085] @shoot id=12453 d2=9
[A:DELIVERY_DRONE#10020@2086] @dronepost at=[25, 15]
[A:DELIVERY_DRONE#12142@2094] @bc t=7 used=560 max=9502 near=1 over=0
[A:DESIGN_SCHOOL#12691@2097] @bc t=4 used=1779 max=4796 near=1 over=0
[A:DELIVERY_DRONE#11402@2099] @origin x=0 y=0
[A:HQ#0@2100] @econ soup=381 built=13 minersSeen=0 ring=14 buried=0 sym=7
[A:HQ#0@2100] @bc t=0 used=2991 max=4610 near=0 over=0
[B:HQ#1@2100] @econ soup=1798 built=8 minersSeen=0 ring=0 buried=0 sym=7
[B:HQ#1@2100] @bc t=0 used=772 max=4519 near=0 over=0
[A:LANDSCAPER#12624@2100] @wallstat role=0 seat=[7, 25] post=null digs=863 deps=863 eq=51 borrow=0 helperDeps=0 innerDeps=0 hqDigs=0 bury=0 idle=221 elev=836
[A:LANDSCAPER#10696@2100] @wallstat role=0 seat=[7, 26] post=null digs=857 deps=857 eq=26 borrow=0 helperDeps=0 innerDeps=0 hqDigs=0 bury=0 idle=237 elev=834
[A:LANDSCAPER#13065@2100] @wallstat role=0 seat=[7, 27] post=null digs=863 deps=863 eq=791 borrow=0 helperDeps=0 innerDeps=0 hqDigs=0 bury=0 idle=219 elev=833
[A:LANDSCAPER#10232@2100] @wallstat role=0 seat=[6, 28] post=null digs=857 deps=857 eq=800 borrow=0 helperDeps=0 innerDeps=0 hqDigs=0 bury=0 idle=179 elev=830
[A:LANDSCAPER#13762@2100] @wallstat role=0 seat=[5, 28] post=null digs=857 deps=857 eq=821 borrow=0 helperDeps=0 innerDeps=0 hqDigs=0 bury=0 idle=169 elev=828
[A:LANDSCAPER#11838@2100] @wallstat role=0 seat=[5, 24] post=null digs=835 deps=834 eq=16 borrow=0 helperDeps=0 innerDeps=0 hqDigs=0 bury=0 idle=199 elev=831
[A:LANDSCAPER#11770@2100] @wallstat role=0 seat=[3, 28] post=null digs=834 deps=833 eq=8 borrow=0 helperDeps=0 innerDeps=0 hqDigs=0 bury=0 idle=0 elev=828
[A:LANDSCAPER#13175@2100] @wallstat role=0 seat=[3, 24] post=null digs=834 deps=833 eq=5 borrow=0 helperDeps=0 innerDeps=0 hqDigs=0 bury=0 idle=0 elev=831
[A:LANDSCAPER#10036@2100] @wallstat role=0 seat=[3, 26] post=null digs=826 deps=826 eq=1 borrow=0 helperDeps=0 innerDeps=0 hqDigs=0 bury=0 idle=0 elev=828
[A:LANDSCAPER#12065@2100] @wallstat role=0 seat=[3, 25] post=null digs=821 deps=821 eq=0 borrow=0 helperDeps=0 innerDeps=0 hqDigs=0 bury=0 idle=0 elev=830
[A:LANDSCAPER#10427@2100] @wallstat role=0 seat=[3, 27] post=null digs=820 deps=819 eq=0 borrow=0 helperDeps=0 innerDeps=0 hqDigs=0 bury=0 idle=0 elev=828
[A:LANDSCAPER#10623@2100] @wallstat role=0 seat=[4, 24] post=null digs=812 deps=812 eq=0 borrow=0 helperDeps=0 innerDeps=0 hqDigs=0 bury=0 idle=0 elev=831
[A:LANDSCAPER#10234@2100] @wallstat role=0 seat=[6, 24] post=null digs=811 deps=811 eq=10 borrow=0 helperDeps=0 innerDeps=0 hqDigs=0 bury=0 idle=0 elev=834
[A:LANDSCAPER#13140@2100] @wallstat role=0 seat=[7, 24] post=null digs=812 deps=812 eq=1 borrow=0 helperDeps=0 innerDeps=0 hqDigs=0 bury=0 idle=0 elev=836
[A:LANDSCAPER#11802@2100] @wallstat role=1 seat=null post=[8, 28] digs=806 deps=806 eq=780 borrow=0 helperDeps=780 innerDeps=0 hqDigs=0 bury=0 idle=14 elev=29
[A:LANDSCAPER#11322@2100] @wallstat role=1 seat=null post=[8, 29] digs=798 deps=797 eq=771 borrow=0 helperDeps=771 innerDeps=0 hqDigs=0 bury=0 idle=0 elev=29
[B:DELIVERY_DRONE#12403@2100] @dronestat pickups=0 drops=0 holding=false
[B:DELIVERY_DRONE#11589@2100] @dronestat pickups=0 drops=0 holding=false
[B:DELIVERY_DRONE#13836@2100] @dronestat pickups=0 drops=0 holding=false
[B:DELIVERY_DRONE#13807@2100] @dronestat pickups=0 drops=0 holding=false
[B:DELIVERY_DRONE#11318@2100] @dronestat pickups=0 drops=0 holding=false
[B:DELIVERY_DRONE#10648@2100] @dronestat pickups=0 drops=0 holding=false
[B:DELIVERY_DRONE#13438@2100] @dronestat pickups=0 drops=0 holding=false
[A:DELIVERY_DRONE#10103@2100] @dronestat at=[30, 27] pickups=0 drops=0 ferried=0 raidKills=0 raiding=false holding=false guess=[35, 26]
[A:DELIVERY_DRONE#13394@2100] @dronestat at=[29, 24] pickups=0 drops=0 ferried=0 raidKills=0 raiding=false holding=false guess=[35, 26]
[A:DELIVERY_DRONE#11893@2100] @dronestat at=[28, 24] pickups=0 drops=0 ferried=0 raidKills=0 raiding=false holding=false guess=[35, 26]
[A:DELIVERY_DRONE#12142@2100] @dronestat at=[29, 9] pickups=0 drops=0 ferried=0 raidKills=0 raiding=false holding=false guess=[35, 5]
[A:DELIVERY_DRONE#10020@2100] @dronestat at=[27, 11] pickups=0 drops=0 ferried=0 raidKills=0 raiding=false holding=false guess=[35, 5]
[A:DELIVERY_DRONE#12131@2100] @dronestat at=[6, 29] pickups=0 drops=0 ferried=0 raidKills=0 raiding=false holding=false guess=null
[A:DELIVERY_DRONE#10733@2100] @dronestat at=[17, 21] pickups=0 drops=0 ferried=0 raidKills=0 raiding=false holding=false guess=[35, 5]
[A:DELIVERY_DRONE#11402@2100] @dronestat at=[4, 30] pickups=0 drops=0 ferried=0 raidKills=0 raiding=false holding=false guess=[35, 5]
[A:DELIVERY_DRONE#10733@2101] @dronepost at=[19, 16]
[A:FULFILLMENT_CENTER#13698@2103] @build t=7 at=[4, 28] soup=251
[A:LANDSCAPER#11838@2103] @bc t=6 used=2660 max=5851 near=0 over=0
[A:FULFILLMENT_CENTER#13698@2106] @bc t=5 used=1784 max=4908 near=1 over=0
[A:LANDSCAPER#12624@2107] @bc t=6 used=2600 max=9507 near=1 over=0
[A:LANDSCAPER#11770@2107] @bc t=6 used=2586 max=5610 near=0 over=0
[A:LANDSCAPER#10696@2109] @bc t=6 used=2462 max=3560 near=0 over=1
[A:LANDSCAPER#13065@2110] @bc t=6 used=2801 max=9976 near=1 over=0
[A:DELIVERY_DRONE#13394@2114] @dronepost at=[29, 21]
[A:DELIVERY_DRONE#10037@2114] @origin x=0 y=0
[A:DELIVERY_DRONE#11893@2116] @dronepost at=[28, 22]
[A:DELIVERY_DRONE#10020@2116] @bc t=7 used=626 max=9502 near=1 over=0
[A:DELIVERY_DRONE#10103@2117] @dronepost at=[29, 23]
[A:LANDSCAPER#13175@2119] @bc t=6 used=2664 max=5688 near=0 over=0
[A:LANDSCAPER#10036@2122] @bc t=6 used=2706 max=5792 near=0 over=0
[A:DELIVERY_DRONE#12131@2123] @dronepost at=[17, 14]
[A:DELIVERY_DRONE#11402@2123] @dronepost at=[22, 16]
[A:VAPORATOR#12612@2124] @bc t=3 used=26 max=3498 near=0 over=0
[A:FULFILLMENT_CENTER#13698@2126] @build t=7 at=[4, 28] soup=256
[A:DELIVERY_DRONE#13394@2128] @bc t=7 used=632 max=9565 near=1 over=0
[A:LANDSCAPER#12065@2132] @bc t=6 used=2614 max=5832 near=0 over=0
[A:DELIVERY_DRONE#10037@2134] @dronepost at=[16, 15]
[A:LANDSCAPER#10427@2135] @bc t=6 used=2523 max=5802 near=0 over=0
[B:DELIVERY_DRONE#12403@2136] @bc t=7 used=2459 max=6520 near=0 over=0
[A:DELIVERY_DRONE#10020@2137] @prune empty=[35, 5] sym=6
[A:DELIVERY_DRONE#12131@2137] @bc t=7 used=2467 max=9439 near=1 over=0
[A:DELIVERY_DRONE#11549@2137] @origin x=0 y=0
[A:VAPORATOR#12139@2138] @bc t=3 used=26 max=3489 near=0 over=0
[A:DELIVERY_DRONE#10733@2140] @prune empty=[35, 5] sym=6
[B:DELIVERY_DRONE#11589@2141] @bc t=7 used=633 max=6820 near=0 over=0
[A:DELIVERY_DRONE#12142@2146] @prune empty=[35, 5] sym=6
[A:FULFILLMENT_CENTER#13698@2147] @build t=7 at=[4, 28] soup=252
[A:LANDSCAPER#10623@2148] @bc t=6 used=2524 max=5839 near=0 over=0
[A:DELIVERY_DRONE#10020@2149] @dronepost at=[25, 15]
[B:DELIVERY_DRONE#13836@2151] @bc t=7 used=2276 max=6462 near=0 over=0
[A:LANDSCAPER#13140@2152] @bc t=6 used=2795 max=6239 near=0 over=0
[A:LANDSCAPER#11802@2152] @bc t=6 used=2121 max=6098 near=0 over=0
[A:LANDSCAPER#10234@2153] @bc t=6 used=2373 max=6231 near=0 over=0
[A:DELIVERY_DRONE#13394@2154] @dronepost at=[26, 23]
[A:DELIVERY_DRONE#11402@2154] @prune empty=[35, 5] sym=6
[A:DELIVERY_DRONE#11549@2156] @dronepost at=[19, 16]
[A:DELIVERY_DRONE#13394@2158] @sight enemyHQ=[35, 26]
[A:DELIVERY_DRONE#12142@2158] @dronepost at=[25, 15]
[B:HQ#1@2159] @shoot id=13394 d2=9
[B:DELIVERY_DRONE#13807@2159] @bc t=7 used=733 max=7263 near=0 over=0
[A:DELIVERY_DRONE#11893@2159] @sight enemyHQ=[35, 26]
[A:DELIVERY_DRONE#10733@2159] @dronepost at=[25, 19]
[A:DELIVERY_DRONE#10733@2160] @bc t=7 used=6114 max=9439 near=1 over=0
[A:DELIVERY_DRONE#10103@2161] @dronepost at=[26, 25]
[A:DELIVERY_DRONE#11893@2161] @dronepost at=[26, 25]
[A:DELIVERY_DRONE#10020@2163] @sight enemyHQ=[35, 26]
[B:HQ#1@2164] @shoot id=11893 d2=9
[A:VAPORATOR#10090@2164] @bc t=3 used=26 max=3472 near=0 over=0
[A:DELIVERY_DRONE#10733@2164] @sight enemyHQ=[35, 26]
[A:DELIVERY_DRONE#10807@2164] @origin x=0 y=0
[B:HQ#1@2165] @shoot id=10020 d2=10
[B:DELIVERY_DRONE#11318@2167] @bc t=7 used=477 max=6899 near=0 over=0
[A:DELIVERY_DRONE#11402@2167] @dronepost at=[27, 21]
[A:FULFILLMENT_CENTER#13698@2170] @build t=7 at=[4, 28] soup=254
[A:LANDSCAPER#10232@2171] @bc t=6 used=2470 max=3224 near=0 over=1
[B:DELIVERY_DRONE#10648@2172] @bc t=7 used=434 max=6785 near=0 over=0
[B:HQ#1@2174] @shoot id=10733 d2=9
[A:DELIVERY_DRONE#10103@2174] @bc t=7 used=512 max=9621 near=1 over=0
[A:DELIVERY_DRONE#12142@2174] @sight enemyHQ=[35, 26]
[A:LANDSCAPER#13762@2182] @bc t=6 used=2864 max=3412 near=0 over=1
[B:DELIVERY_DRONE#13438@2182] @bc t=7 used=1833 max=6831 near=0 over=0
[A:DELIVERY_DRONE#11402@2182] @bc t=7 used=812 max=9564 near=1 over=0
[A:DELIVERY_DRONE#10807@2182] @dronepost at=[18, 19]
[A:LANDSCAPER#11322@2183] @bc t=6 used=1863 max=6334 near=0 over=0
[A:FULFILLMENT_CENTER#13698@2191] @build t=7 at=[4, 28] soup=250
[A:DELIVERY_DRONE#12142@2194] @bc t=7 used=459 max=9502 near=1 over=0
[A:DESIGN_SCHOOL#12691@2197] @bc t=4 used=1738 max=4796 near=1 over=0
[A:HQ#0@2200] @econ soup=313 built=13 minersSeen=0 ring=14 buried=0 sym=7
[A:HQ#0@2200] @bc t=0 used=2991 max=4610 near=0 over=0
[B:HQ#1@2200] @econ soup=1898 built=8 minersSeen=0 ring=0 buried=0 sym=7
[B:HQ#1@2200] @bc t=0 used=866 max=4519 near=0 over=0
[A:LANDSCAPER#12624@2200] @wallstat role=0 seat=[7, 25] post=null digs=913 deps=913 eq=53 borrow=0 helperDeps=0 innerDeps=0 hqDigs=0 bury=0 idle=221 elev=884
[A:LANDSCAPER#10696@2200] @wallstat role=0 seat=[7, 26] post=null digs=907 deps=907 eq=30 borrow=0 helperDeps=0 innerDeps=0 hqDigs=0 bury=0 idle=237 elev=882
[A:LANDSCAPER#13065@2200] @wallstat role=0 seat=[7, 27] post=null digs=913 deps=913 eq=830 borrow=0 helperDeps=0 innerDeps=0 hqDigs=0 bury=0 idle=219 elev=880
[A:LANDSCAPER#10232@2200] @wallstat role=0 seat=[6, 28] post=null digs=907 deps=907 eq=841 borrow=0 helperDeps=0 innerDeps=0 hqDigs=0 bury=0 idle=179 elev=878
[A:LANDSCAPER#13762@2200] @wallstat role=0 seat=[5, 28] post=null digs=907 deps=907 eq=864 borrow=0 helperDeps=0 innerDeps=0 hqDigs=0 bury=0 idle=169 elev=876
[A:LANDSCAPER#11838@2200] @wallstat role=0 seat=[5, 24] post=null digs=885 deps=884 eq=16 borrow=0 helperDeps=0 innerDeps=0 hqDigs=0 bury=0 idle=199 elev=881
[A:LANDSCAPER#11770@2200] @wallstat role=0 seat=[3, 28] post=null digs=884 deps=883 eq=10 borrow=0 helperDeps=0 innerDeps=0 hqDigs=0 bury=0 idle=0 elev=876
[A:LANDSCAPER#13175@2200] @wallstat role=0 seat=[3, 24] post=null digs=884 deps=883 eq=5 borrow=0 helperDeps=0 innerDeps=0 hqDigs=0 bury=0 idle=0 elev=881
[A:LANDSCAPER#10036@2200] @wallstat role=0 seat=[3, 26] post=null digs=876 deps=876 eq=1 borrow=0 helperDeps=0 innerDeps=0 hqDigs=0 bury=0 idle=0 elev=878
[A:LANDSCAPER#12065@2200] @wallstat role=0 seat=[3, 25] post=null digs=871 deps=871 eq=0 borrow=0 helperDeps=0 innerDeps=0 hqDigs=0 bury=0 idle=0 elev=880
[A:LANDSCAPER#10427@2200] @wallstat role=0 seat=[3, 27] post=null digs=870 deps=869 eq=2 borrow=0 helperDeps=0 innerDeps=0 hqDigs=0 bury=0 idle=0 elev=876
[A:LANDSCAPER#10623@2200] @wallstat role=0 seat=[4, 24] post=null digs=862 deps=862 eq=0 borrow=0 helperDeps=0 innerDeps=0 hqDigs=0 bury=0 idle=0 elev=881
[A:LANDSCAPER#10234@2200] @wallstat role=0 seat=[6, 24] post=null digs=861 deps=861 eq=10 borrow=0 helperDeps=0 innerDeps=0 hqDigs=0 bury=0 idle=0 elev=884
[A:LANDSCAPER#13140@2200] @wallstat role=0 seat=[7, 24] post=null digs=862 deps=862 eq=1 borrow=0 helperDeps=0 innerDeps=0 hqDigs=0 bury=0 idle=0 elev=886
[A:LANDSCAPER#11802@2200] @wallstat role=1 seat=null post=[8, 28] digs=856 deps=856 eq=820 borrow=0 helperDeps=820 innerDeps=0 hqDigs=0 bury=0 idle=14 elev=39
[A:LANDSCAPER#11322@2200] @wallstat role=1 seat=null post=[8, 29] digs=848 deps=847 eq=811 borrow=0 helperDeps=811 innerDeps=0 hqDigs=0 bury=0 idle=0 elev=39
[B:DELIVERY_DRONE#12403@2200] @dronestat pickups=0 drops=0 holding=false
[B:DELIVERY_DRONE#11589@2200] @dronestat pickups=0 drops=0 holding=false
[B:DELIVERY_DRONE#13836@2200] @dronestat pickups=0 drops=0 holding=false
[B:DELIVERY_DRONE#13807@2200] @dronestat pickups=0 drops=0 holding=false
[B:DELIVERY_DRONE#11318@2200] @dronestat pickups=0 drops=0 holding=false
[B:DELIVERY_DRONE#10648@2200] @dronestat pickups=0 drops=0 holding=false
[B:DELIVERY_DRONE#13438@2200] @dronestat pickups=0 drops=0 holding=false
[A:DELIVERY_DRONE#10103@2200] @dronestat at=[30, 28] pickups=0 drops=0 ferried=0 raidKills=0 raiding=false holding=false guess=[35, 26]
[A:DELIVERY_DRONE#12142@2200] @dronestat at=[30, 27] pickups=0 drops=0 ferried=0 raidKills=0 raiding=false holding=false guess=[35, 26]
[A:DELIVERY_DRONE#12131@2200] @dronestat at=[31, 8] pickups=0 drops=0 ferried=0 raidKills=0 raiding=false holding=false guess=[35, 5]
[A:DELIVERY_DRONE#11402@2200] @dronestat at=[29, 24] pickups=0 drops=0 ferried=0 raidKills=0 raiding=false holding=false guess=[35, 26]
[A:DELIVERY_DRONE#10037@2200] @dronestat at=[30, 9] pickups=0 drops=0 ferried=0 raidKills=0 raiding=true holding=false guess=[35, 5]
[A:DELIVERY_DRONE#11549@2200] @dronestat at=[31, 9] pickups=0 drops=0 ferried=0 raidKills=0 raiding=false holding=false guess=[35, 5]
[A:DELIVERY_DRONE#10807@2200] @dronestat at=[27, 11] pickups=0 drops=0 ferried=0 raidKills=0 raiding=false holding=false guess=[35, 5]
[A:DELIVERY_DRONE#13697@2200] @dronestat at=[7, 31] pickups=0 drops=0 ferried=0 raidKills=0 raiding=false holding=false guess=null
[A:DELIVERY_DRONE#11296@2200] @dronestat at=[4, 28] pickups=0 drops=0 ferried=0 raidKills=0 raiding=false holding=false guess=null
[A:DELIVERY_DRONE#11549@2201] @prune empty=[35, 5] sym=6
[A:DELIVERY_DRONE#12131@2202] @prune empty=[35, 5] sym=6
[A:DELIVERY_DRONE#11296@2202] @origin x=0 y=0
[A:LANDSCAPER#11838@2203] @bc t=6 used=2697 max=5851 near=0 over=0
[A:DELIVERY_DRONE#10037@2203] @bc t=7 used=2021 max=9501 near=1 over=0
[A:FULFILLMENT_CENTER#13698@2206] @bc t=5 used=1784 max=4908 near=1 over=0
[A:DELIVERY_DRONE#13697@2206] @origin x=0 y=0
[A:LANDSCAPER#12624@2207] @bc t=6 used=2440 max=9507 near=1 over=0
[A:LANDSCAPER#11770@2207] @bc t=6 used=2508 max=5610 near=0 over=0
[A:DELIVERY_DRONE#11402@2207] @dronepost at=[27, 22]
[A:LANDSCAPER#10696@2209] @bc t=6 used=2581 max=3560 near=0 over=1
[A:LANDSCAPER#13065@2210] @bc t=6 used=2690 max=9976 near=1 over=0
[A:DELIVERY_DRONE#10037@2210] @prune empty=[35, 5] sym=6
[A:FULFILLMENT_CENTER#13698@2213] @build t=7 at=[4, 28] soup=253
[A:DELIVERY_DRONE#11549@2216] @dronepost at=[26, 21]
[A:LANDSCAPER#13175@2219] @bc t=6 used=2586 max=5688 near=0 over=0
[A:DELIVERY_DRONE#11402@2221] @sight enemyHQ=[35, 26]
[A:LANDSCAPER#10036@2222] @bc t=6 used=2628 max=5792 near=0 over=0
[A:DELIVERY_DRONE#11296@2223] @dronepost at=[17, 14]
[A:VAPORATOR#12612@2224] @bc t=3 used=26 max=3498 near=0 over=0
[B:HQ#1@2225] @shoot id=12142 d2=9
[A:DELIVERY_DRONE#13697@2225] @dronepost at=[19, 18]
[B:HQ#1@2226] @shoot id=11402 d2=9
[A:DELIVERY_DRONE#11549@2226] @sight enemyHQ=[35, 26]
[A:DELIVERY_DRONE#11549@2226] @bc t=7 used=690 max=9438 near=1 over=0
[A:DELIVERY_DRONE#12131@2229] @sight enemyHQ=[35, 26]
[B:HQ#1@2231] @shoot id=12131 d2=9
[A:LANDSCAPER#12065@2232] @bc t=6 used=2573 max=5832 near=0 over=0
[A:FULFILLMENT_CENTER#13698@2235] @build t=7 at=[4, 28] soup=253
[A:LANDSCAPER#10427@2235] @bc t=6 used=2523 max=5802 near=0 over=0
[B:DELIVERY_DRONE#12403@2236] @bc t=7 used=537 max=6520 near=0 over=0
[A:DELIVERY_DRONE#10037@2236] @dronepost at=[26, 22]
[A:VAPORATOR#12139@2238] @bc t=3 used=26 max=3489 near=0 over=0
[B:DELIVERY_DRONE#11589@2241] @bc t=7 used=2271 max=6820 near=0 over=0
[A:DELIVERY_DRONE#11795@2245] @dronepost at=[19, 15]
[A:DELIVERY_DRONE#12846@2246] @origin x=0 y=0
[A:DELIVERY_DRONE#10807@2247] @bc t=7 used=626 max=9438 near=1 over=0
[A:LANDSCAPER#10623@2248] @bc t=6 used=2602 max=5839 near=0 over=0
[B:DELIVERY_DRONE#13836@2251] @bc t=7 used=527 max=6462 near=0 over=0
[A:LANDSCAPER#13140@2252] @bc t=6 used=2717 max=6239 near=0 over=0
[A:LANDSCAPER#11802@2252] @bc t=6 used=2002 max=6098 near=0 over=0
[A:LANDSCAPER#10234@2253] @bc t=6 used=2373 max=6231 near=0 over=0
[A:DELIVERY_DRONE#10103@2253] @dronepost at=[31, 24]
[A:DELIVERY_DRONE#11549@2256] @dronepost at=[29, 23]
[A:FULFILLMENT_CENTER#13698@2257] @build t=7 at=[4, 28] soup=252
[B:DELIVERY_DRONE#13807@2259] @bc t=7 used=2357 max=7263 near=0 over=0
[A:DELIVERY_DRONE#10807@2261] @prune empty=[35, 5] sym=6
[A:DELIVERY_DRONE#13697@2262] @prune empty=[35, 5] sym=6
[A:DELIVERY_DRONE#11296@2262] @prune empty=[35, 5] sym=6
[A:VAPORATOR#10090@2264] @bc t=3 used=26 max=3472 near=0 over=0
[A:DELIVERY_DRONE#12846@2264] @dronepost at=[19, 18]
[B:DELIVERY_DRONE#11318@2267] @bc t=7 used=2456 max=6899 near=0 over=0
[A:DELIVERY_DRONE#13867@2268] @origin x=0 y=0
[A:DELIVERY_DRONE#13697@2270] @bc t=7 used=5892 max=9621 near=1 over=0
[A:LANDSCAPER#10232@2271] @bc t=6 used=2429 max=3224 near=0 over=1
[B:DELIVERY_DRONE#10648@2272] @bc t=7 used=2180 max=6785 near=0 over=0
[A:DELIVERY_DRONE#10103@2274] @bc t=7 used=459 max=9621 near=1 over=0
[A:DELIVERY_DRONE#10807@2274] @dronepost at=[26, 19]
[A:DELIVERY_DRONE#10037@2276] @dronepost at=[27, 20]
[A:DELIVERY_DRONE#13697@2276] @dronepost at=[27, 20]
[A:DELIVERY_DRONE#11296@2276] @dronepost at=[27, 20]
[A:FULFILLMENT_CENTER#13698@2279] @build t=7 at=[4, 28] soup=251
[A:LANDSCAPER#13762@2282] @bc t=6 used=2741 max=3412 near=0 over=1
[B:DELIVERY_DRONE#13438@2282] @bc t=7 used=2295 max=6831 near=0 over=0
[A:LANDSCAPER#11322@2283] @bc t=6 used=1864 max=6334 near=0 over=0
[A:DELIVERY_DRONE#10037@2283] @sight enemyHQ=[35, 26]
[B:HQ#1@2284] @shoot id=10037 d2=9
[A:DELIVERY_DRONE#13697@2286] @sight enemyHQ=[35, 26]
[B:HQ#1@2287] @shoot id=11549 d2=9
[A:DELIVERY_DRONE#13867@2287] @dronepost at=[18, 15]
[B:HQ#1@2288] @shoot id=10103 d2=9
[A:DELIVERY_DRONE#10807@2288] @sight enemyHQ=[35, 26]
[A:DELIVERY_DRONE#11296@2288] @sight enemyHQ=[35, 26]
[A:DELIVERY_DRONE#11296@2291] @bc t=7 used=676 max=9557 near=1 over=0
[A:DESIGN_SCHOOL#12691@2297] @bc t=4 used=1697 max=4796 near=1 over=0
[A:HQ#0@2300] @econ soup=397 built=13 minersSeen=0 ring=14 buried=0 sym=7
[A:HQ#0@2300] @bc t=0 used=2933 max=4610 near=0 over=0
[B:HQ#1@2300] @econ soup=1998 built=8 minersSeen=0 ring=0 buried=0 sym=7
[B:HQ#1@2300] @bc t=0 used=914 max=4519 near=0 over=0
[A:LANDSCAPER#12624@2300] @wallstat role=0 seat=[7, 25] post=null digs=963 deps=963 eq=58 borrow=0 helperDeps=0 innerDeps=0 hqDigs=0 bury=0 idle=221 elev=931
[A:LANDSCAPER#10696@2300] @wallstat role=0 seat=[7, 26] post=null digs=957 deps=957 eq=38 borrow=0 helperDeps=0 innerDeps=0 hqDigs=0 bury=0 idle=237 elev=929
[A:LANDSCAPER#13065@2300] @wallstat role=0 seat=[7, 27] post=null digs=963 deps=963 eq=863 borrow=0 helperDeps=0 innerDeps=0 hqDigs=0 bury=0 idle=219 elev=927
[A:LANDSCAPER#10232@2300] @wallstat role=0 seat=[6, 28] post=null digs=957 deps=957 eq=877 borrow=0 helperDeps=0 innerDeps=0 hqDigs=0 bury=0 idle=179 elev=925
[A:LANDSCAPER#13762@2300] @wallstat role=0 seat=[5, 28] post=null digs=957 deps=957 eq=903 borrow=0 helperDeps=0 innerDeps=0 hqDigs=0 bury=0 idle=169 elev=923
[A:LANDSCAPER#11838@2300] @wallstat role=0 seat=[5, 24] post=null digs=935 deps=934 eq=16 borrow=0 helperDeps=0 innerDeps=0 hqDigs=0 bury=0 idle=199 elev=931
[A:LANDSCAPER#11770@2300] @wallstat role=0 seat=[3, 28] post=null digs=934 deps=933 eq=13 borrow=0 helperDeps=0 innerDeps=0 hqDigs=0 bury=0 idle=0 elev=923
[A:LANDSCAPER#13175@2300] @wallstat role=0 seat=[3, 24] post=null digs=934 deps=933 eq=5 borrow=0 helperDeps=0 innerDeps=0 hqDigs=0 bury=0 idle=0 elev=931
[A:LANDSCAPER#10036@2300] @wallstat role=0 seat=[3, 26] post=null digs=926 deps=926 eq=4 borrow=0 helperDeps=0 innerDeps=0 hqDigs=0 bury=0 idle=0 elev=926
[A:LANDSCAPER#12065@2300] @wallstat role=0 seat=[3, 25] post=null digs=921 deps=921 eq=1 borrow=0 helperDeps=0 innerDeps=0 hqDigs=0 bury=0 idle=0 elev=929
[A:LANDSCAPER#10427@2300] @wallstat role=0 seat=[3, 27] post=null digs=920 deps=919 eq=8 borrow=0 helperDeps=0 innerDeps=0 hqDigs=0 bury=0 idle=0 elev=923
[A:LANDSCAPER#10623@2300] @wallstat role=0 seat=[4, 24] post=null digs=912 deps=912 eq=0 borrow=0 helperDeps=0 innerDeps=0 hqDigs=0 bury=0 idle=0 elev=931
[A:LANDSCAPER#10234@2300] @wallstat role=0 seat=[6, 24] post=null digs=911 deps=911 eq=10 borrow=0 helperDeps=0 innerDeps=0 hqDigs=0 bury=0 idle=0 elev=934
[A:LANDSCAPER#13140@2300] @wallstat role=0 seat=[7, 24] post=null digs=912 deps=912 eq=3 borrow=0 helperDeps=0 innerDeps=0 hqDigs=0 bury=0 idle=0 elev=934
[A:LANDSCAPER#11802@2300] @wallstat role=1 seat=null post=[8, 28] digs=906 deps=906 eq=854 borrow=0 helperDeps=854 innerDeps=0 hqDigs=0 bury=0 idle=14 elev=55
[A:LANDSCAPER#11322@2300] @wallstat role=1 seat=null post=[8, 29] digs=898 deps=897 eq=846 borrow=0 helperDeps=846 innerDeps=0 hqDigs=0 bury=0 idle=0 elev=54
[B:DELIVERY_DRONE#12403@2300] @dronestat pickups=0 drops=0 holding=false
[B:DELIVERY_DRONE#11589@2300] @dronestat pickups=0 drops=0 holding=false
[B:DELIVERY_DRONE#13836@2300] @dronestat pickups=0 drops=0 holding=false
[B:DELIVERY_DRONE#13807@2300] @dronestat pickups=0 drops=0 holding=false
[B:DELIVERY_DRONE#11318@2300] @dronestat pickups=0 drops=0 holding=false
[B:DELIVERY_DRONE#10648@2300] @dronestat pickups=0 drops=0 holding=false
[B:DELIVERY_DRONE#13438@2300] @dronestat pickups=0 drops=0 holding=false
[A:DELIVERY_DRONE#10807@2300] @dronestat at=[30, 24] pickups=0 drops=0 ferried=0 raidKills=0 raiding=false holding=false guess=[35, 26]
[A:DELIVERY_DRONE#13697@2300] @dronestat at=[30, 27] pickups=0 drops=0 ferried=0 raidKills=0 raiding=false holding=false guess=[35, 26]
[A:DELIVERY_DRONE#11296@2300] @dronestat at=[29, 24] pickups=0 drops=0 ferried=0 raidKills=0 raiding=false holding=false guess=[35, 26]
[A:DELIVERY_DRONE#11795@2300] @dronestat at=[27, 11] pickups=0 drops=0 ferried=0 raidKills=0 raiding=false holding=false guess=[35, 5]
[A:DELIVERY_DRONE#12846@2300] @dronestat at=[27, 10] pickups=0 drops=0 ferried=0 raidKills=0 raiding=false holding=false guess=[35, 5]
[A:DELIVERY_DRONE#13867@2300] @dronestat at=[24, 11] pickups=0 drops=0 ferried=0 raidKills=0 raiding=false holding=false guess=[35, 5]
[A:DELIVERY_DRONE#11072@2300] @origin x=0 y=0
[A:DELIVERY_DRONE#11072@2300] @dronestat at=[3, 30] pickups=0 drops=0 ferried=0 raidKills=0 raiding=false holding=false guess=[35, 5]
[A:FULFILLMENT_CENTER#13698@2301] @build t=7 at=[4, 28] soup=254
[A:LANDSCAPER#11838@2303] @bc t=6 used=2619 max=5851 near=0 over=0
[A:FULFILLMENT_CENTER#13698@2306] @bc t=5 used=1784 max=4908 near=1 over=0
[A:LANDSCAPER#12624@2307] @bc t=6 used=2440 max=9507 near=1 over=0
[A:LANDSCAPER#11770@2307] @bc t=6 used=2508 max=5610 near=0 over=0
[A:LANDSCAPER#10696@2309] @bc t=6 used=2421 max=3560 near=0 over=1
[A:LANDSCAPER#13065@2310] @bc t=6 used=2641 max=9976 near=1 over=0
[A:DELIVERY_DRONE#11795@2313] @bc t=7 used=626 max=9439 near=1 over=0
[A:DELIVERY_DRONE#10807@2314] @dronepost at=[26, 22]
[A:DELIVERY_DRONE#13697@2316] @dronepost at=[28, 23]
[A:DELIVERY_DRONE#11296@2316] @dronepost at=[28, 22]
[A:DELIVERY_DRONE#10452@2318] @origin x=0 y=0
[A:LANDSCAPER#13175@2319] @bc t=6 used=2545 max=5688 near=0 over=0
[A:LANDSCAPER#10036@2322] @bc t=6 used=2628 max=5792 near=0 over=0
[A:FULFILLMENT_CENTER#13698@2323] @build t=7 at=[4, 28] soup=255
[A:VAPORATOR#12612@2324] @bc t=3 used=26 max=3498 near=0 over=0
[A:LANDSCAPER#12065@2332] @bc t=6 used=2733 max=5832 near=0 over=0
[A:LANDSCAPER#10427@2335] @bc t=6 used=2642 max=5802 near=0 over=0
[A:DELIVERY_DRONE#12846@2335] @bc t=7 used=4082 max=9438 near=1 over=0
[A:DELIVERY_DRONE#11072@2335] @dronepost at=[20, 19]
[B:DELIVERY_DRONE#12403@2336] @bc t=7 used=813 max=6520 near=0 over=0
[A:VAPORATOR#12139@2338] @bc t=3 used=26 max=3489 near=0 over=0
[A:DELIVERY_DRONE#10452@2340] @dronepost at=[20, 16]
[B:DELIVERY_DRONE#11589@2341] @bc t=7 used=2103 max=6820 near=0 over=0
[A:FULFILLMENT_CENTER#13698@2345] @build t=7 at=[4, 28] soup=256
[A:DELIVERY_DRONE#10807@2347] @bc t=7 used=459 max=9438 near=1 over=0
[A:LANDSCAPER#10623@2348] @bc t=6 used=2524 max=5839 near=0 over=0
[A:DELIVERY_DRONE#11251@2350] @dronepost at=[20, 18]
[B:DELIVERY_DRONE#13836@2351] @bc t=7 used=2631 max=6462 near=0 over=0
[A:LANDSCAPER#13140@2352] @bc t=6 used=2676 max=6239 near=0 over=0
[A:LANDSCAPER#11802@2352] @bc t=6 used=2002 max=6098 near=0 over=0
[A:DELIVERY_DRONE#11795@2352] @prune empty=[35, 5] sym=6
[A:LANDSCAPER#10234@2353] @bc t=6 used=2492 max=6231 near=0 over=0
[A:DELIVERY_DRONE#12846@2355] @prune empty=[35, 5] sym=6
[A:DELIVERY_DRONE#13867@2355] @prune empty=[35, 5] sym=6
[A:DELIVERY_DRONE#11296@2356] @dronepost at=[25, 23]
[A:DELIVERY_DRONE#14042@2356] @origin x=0 y=0
[A:DELIVERY_DRONE#10807@2357] @dronepost at=[26, 24]
[A:DELIVERY_DRONE#13867@2357] @bc t=7 used=2834 max=9558 near=1 over=0
[A:DELIVERY_DRONE#11072@2358] @prune empty=[35, 5] sym=6
[B:DELIVERY_DRONE#13807@2359] @bc t=7 used=1901 max=7263 near=0 over=0
[A:VAPORATOR#10090@2364] @bc t=3 used=26 max=3472 near=0 over=0
[A:FULFILLMENT_CENTER#13698@2367] @build t=7 at=[4, 28] soup=256
[B:DELIVERY_DRONE#11318@2367] @bc t=7 used=1899 max=6899 near=0 over=0
[A:DELIVERY_DRONE#13697@2370] @bc t=7 used=3885 max=9621 near=1 over=0
[A:DELIVERY_DRONE#11795@2370] @dronepost at=[29, 22]
[A:LANDSCAPER#10232@2371] @bc t=6 used=2723 max=3224 near=0 over=1
[B:DELIVERY_DRONE#10648@2372] @bc t=7 used=2313 max=6785 near=0 over=0
[A:DELIVERY_DRONE#13697@2373] @dronepost at=[30, 23]
[A:DELIVERY_DRONE#13867@2373] @dronepost at=[30, 23]
[B:HQ#1@2374] @shoot id=10807 d2=9
[A:DELIVERY_DRONE#12846@2375] @dronepost at=[31, 24]
[A:DELIVERY_DRONE#11072@2375] @dronepost at=[27, 22]
[B:HQ#1@2376] @shoot id=11795 d2=13
[B:HQ#1@2378] @shoot id=13867 d2=13
[A:DELIVERY_DRONE#12846@2378] @sight enemyHQ=[35, 26]
[A:DELIVERY_DRONE#14042@2378] @dronepost at=[20, 14]
[A:DELIVERY_DRONE#11197@2378] @origin x=0 y=0
[A:DELIVERY_DRONE#11072@2379] @bc t=7 used=855 max=9438 near=1 over=0
[A:LANDSCAPER#13762@2382] @bc t=6 used=2745 max=3412 near=0 over=1
[B:DELIVERY_DRONE#13438@2382] @bc t=7 used=520 max=6831 near=0 over=0
[A:LANDSCAPER#11322@2383] @bc t=6 used=1983 max=6334 near=0 over=0
[B:HQ#1@2384] @shoot id=13697 d2=9
[A:FULFILLMENT_CENTER#13698@2389] @build t=7 at=[4, 28] soup=254
[A:DELIVERY_DRONE#11296@2391] @bc t=7 used=645 max=9557 near=1 over=0
[A:DESIGN_SCHOOL#12691@2397] @bc t=4 used=1738 max=4796 near=1 over=0
[A:DELIVERY_DRONE#11296@2398] @dronepost at=[27, 21]
[A:DELIVERY_DRONE#11197@2399] @dronepost at=[21, 16]
[A:HQ#0@2400] @econ soup=329 built=13 minersSeen=0 ring=14 buried=0 sym=7
[A:HQ#0@2400] @bc t=0 used=3118 max=4610 near=0 over=0
[B:HQ#1@2400] @econ soup=2098 built=8 minersSeen=0 ring=0 buried=0 sym=7
[B:HQ#1@2400] @bc t=0 used=1034 max=4519 near=0 over=0
[A:LANDSCAPER#12624@2400] @wallstat role=0 seat=[7, 25] post=null digs=1013 deps=1013 eq=67 borrow=0 helperDeps=0 innerDeps=0 hqDigs=0 bury=0 idle=221 elev=978
[A:LANDSCAPER#10696@2400] @wallstat role=0 seat=[7, 26] post=null digs=1007 deps=1007 eq=50 borrow=0 helperDeps=0 innerDeps=0 hqDigs=0 bury=0 idle=237 elev=976
[A:LANDSCAPER#13065@2400] @wallstat role=0 seat=[7, 27] post=null digs=1013 deps=1013 eq=883 borrow=0 helperDeps=0 innerDeps=0 hqDigs=0 bury=0 idle=219 elev=974
[A:LANDSCAPER#10232@2400] @wallstat role=0 seat=[6, 28] post=null digs=1007 deps=1007 eq=900 borrow=0 helperDeps=0 innerDeps=0 hqDigs=0 bury=0 idle=179 elev=972
[A:LANDSCAPER#13762@2400] @wallstat role=0 seat=[5, 28] post=null digs=1007 deps=1007 eq=929 borrow=0 helperDeps=0 innerDeps=0 hqDigs=0 bury=0 idle=169 elev=970
[A:LANDSCAPER#11838@2400] @wallstat role=0 seat=[5, 24] post=null digs=985 deps=984 eq=17 borrow=0 helperDeps=0 innerDeps=0 hqDigs=0 bury=0 idle=199 elev=980
[A:LANDSCAPER#11770@2400] @wallstat role=0 seat=[3, 28] post=null digs=984 deps=983 eq=17 borrow=0 helperDeps=0 innerDeps=0 hqDigs=0 bury=0 idle=0 elev=969
[A:LANDSCAPER#13175@2400] @wallstat role=0 seat=[3, 24] post=null digs=984 deps=983 eq=8 borrow=0 helperDeps=0 innerDeps=0 hqDigs=0 bury=0 idle=0 elev=978
[A:LANDSCAPER#10036@2400] @wallstat role=0 seat=[3, 26] post=null digs=976 deps=976 eq=17 borrow=0 helperDeps=0 innerDeps=0 hqDigs=0 bury=0 idle=0 elev=973
[A:LANDSCAPER#12065@2400] @wallstat role=0 seat=[3, 25] post=null digs=971 deps=971 eq=11 borrow=0 helperDeps=0 innerDeps=0 hqDigs=0 bury=0 idle=0 elev=976
[A:LANDSCAPER#10427@2400] @wallstat role=0 seat=[3, 27] post=null digs=970 deps=969 eq=24 borrow=0 helperDeps=0 innerDeps=0 hqDigs=0 bury=0 idle=0 elev=970
[A:LANDSCAPER#10623@2400] @wallstat role=0 seat=[4, 24] post=null digs=962 deps=962 eq=4 borrow=0 helperDeps=0 innerDeps=0 hqDigs=0 bury=0 idle=0 elev=978
[A:LANDSCAPER#10234@2400] @wallstat role=0 seat=[6, 24] post=null digs=961 deps=961 eq=13 borrow=0 helperDeps=0 innerDeps=0 hqDigs=0 bury=0 idle=0 elev=981
[A:LANDSCAPER#13140@2400] @wallstat role=0 seat=[7, 24] post=null digs=962 deps=962 eq=6 borrow=0 helperDeps=0 innerDeps=0 hqDigs=0 bury=0 idle=0 elev=981
[A:LANDSCAPER#11802@2400] @wallstat role=1 seat=null post=[8, 28] digs=956 deps=956 eq=880 borrow=0 helperDeps=880 innerDeps=0 hqDigs=0 bury=0 idle=14 elev=79
[A:LANDSCAPER#11322@2400] @wallstat role=1 seat=null post=[8, 29] digs=948 deps=947 eq=871 borrow=0 helperDeps=871 innerDeps=0 hqDigs=0 bury=0 idle=0 elev=79
[B:DELIVERY_DRONE#12403@2400] @dronestat pickups=0 drops=0 holding=false
[B:DELIVERY_DRONE#11589@2400] @dronestat pickups=0 drops=0 holding=false
[B:DELIVERY_DRONE#13836@2400] @dronestat pickups=0 drops=0 holding=false
[B:DELIVERY_DRONE#13807@2400] @dronestat pickups=0 drops=0 holding=false
[B:DELIVERY_DRONE#11318@2400] @dronestat pickups=0 drops=0 holding=false
[B:DELIVERY_DRONE#10648@2400] @dronestat pickups=0 drops=0 holding=false
[B:DELIVERY_DRONE#13438@2400] @dronestat pickups=0 drops=0 holding=false
[A:DELIVERY_DRONE#11296@2400] @dronestat at=[30, 24] pickups=0 drops=0 ferried=0 raidKills=0 raiding=false holding=false guess=[35, 26]
[A:DELIVERY_DRONE#12846@2400] @dronestat at=[31, 24] pickups=0 drops=0 ferried=0 raidKills=0 raiding=false holding=false guess=[35, 26]
[A:DELIVERY_DRONE#11072@2400] @dronestat at=[29, 24] pickups=0 drops=0 ferried=0 raidKills=0 raiding=false holding=false guess=[35, 26]
[A:DELIVERY_DRONE#10452@2400] @dronestat at=[27, 11] pickups=0 drops=0 ferried=0 raidKills=0 raiding=false holding=false guess=[35, 5]
[A:DELIVERY_DRONE#11251@2400] @dronestat at=[27, 10] pickups=0 drops=0 ferried=0 raidKills=0 raiding=false holding=false guess=[35, 5]
[A:DELIVERY_DRONE#14042@2400] @dronestat at=[27, 12] pickups=0 drops=0 ferried=0 raidKills=0 raiding=false holding=false guess=[35, 5]
[A:DELIVERY_DRONE#11197@2400] @dronestat at=[18, 17] pickups=0 drops=0 ferried=0 raidKills=0 raiding=false holding=false guess=[35, 5]
[A:DELIVERY_DRONE#11425@2400] @dronestat at=[5, 29] pickups=0 drops=0 ferried=0 raidKills=0 raiding=false holding=false guess=null
[A:DELIVERY_DRONE#10452@2401] @bc t=7 used=626 max=9492 near=1 over=0
[A:LANDSCAPER#11838@2403] @bc t=6 used=2578 max=5851 near=0 over=0
[A:FULFILLMENT_CENTER#13698@2406] @bc t=5 used=1743 max=4908 near=1 over=0
[A:DELIVERY_DRONE#11425@2406] @origin x=0 y=0
[A:LANDSCAPER#12624@2407] @bc t=6 used=2518 max=9507 near=1 over=0
[A:LANDSCAPER#11770@2407] @bc t=6 used=2594 max=5610 near=0 over=0
[A:LANDSCAPER#10696@2409] @bc t=6 used=2421 max=3560 near=0 over=1
[A:LANDSCAPER#13065@2410] @bc t=6 used=2760 max=9976 near=1 over=0
[A:FULFILLMENT_CENTER#13698@2411] @build t=7 at=[4, 28] soup=256
[A:DELIVERY_DRONE#12846@2415] @dronepost at=[28, 21]
[A:DELIVERY_DRONE#11072@2415] @dronepost at=[28, 21]
[A:DELIVERY_DRONE#10452@2415] @prune empty=[35, 5] sym=6
[A:DELIVERY_DRONE#11251@2415] @prune empty=[35, 5] sym=6
[A:DELIVERY_DRONE#14042@2416] @prune empty=[35, 5] sym=6
[A:LANDSCAPER#13175@2419] @bc t=6 used=2705 max=5688 near=0 over=0
[A:LANDSCAPER#10036@2422] @bc t=6 used=2747 max=5792 near=0 over=0
[A:DELIVERY_DRONE#11251@2423] @bc t=7 used=2543 max=9620 near=1 over=0
[A:VAPORATOR#12612@2424] @bc t=3 used=26 max=3498 near=0 over=0
[A:DELIVERY_DRONE#11425@2425] @dronepost at=[20, 18]
[A:DELIVERY_DRONE#10452@2427] @dronepost at=[25, 17]
[A:DELIVERY_DRONE#11251@2428] @dronepost at=[25, 17]
[A:DELIVERY_DRONE#14042@2429] @dronepost at=[26, 18]
[A:LANDSCAPER#12065@2432] @bc t=6 used=2573 max=5832 near=0 over=0
[A:FULFILLMENT_CENTER#13698@2433] @build t=7 at=[4, 28] soup=253
[B:HQ#1@2435] @shoot id=11296 d2=9
[A:LANDSCAPER#10427@2435] @bc t=6 used=2523 max=5802 near=0 over=0
[A:DELIVERY_DRONE#12846@2435] @bc t=7 used=3938 max=9438 near=1 over=0
[A:DELIVERY_DRONE#11072@2435] @sight enemyHQ=[35, 26]
[B:DELIVERY_DRONE#12403@2436] @bc t=7 used=1965 max=6520 near=0 over=0
[A:VAPORATOR#12139@2438] @bc t=3 used=26 max=3489 near=0 over=0
[A:DELIVERY_DRONE#12805@2438] @dronepost at=[19, 20]
[B:HQ#1@2439] @shoot id=12846 d2=9
[A:DELIVERY_DRONE#10452@2439] @sight enemyHQ=[35, 26]
[B:HQ#1@2440] @shoot id=10452 d2=10
[A:DELIVERY_DRONE#14042@2440] @sight enemyHQ=[35, 26]
[B:HQ#1@2441] @shoot id=14042 d2=13
[B:DELIVERY_DRONE#11589@2441] @bc t=7 used=2268 max=6820 near=0 over=0
[A:LANDSCAPER#10623@2448] @bc t=6 used=2524 max=5839 near=0 over=0
[B:DELIVERY_DRONE#13836@2451] @bc t=7 used=1871 max=6462 near=0 over=0
[A:LANDSCAPER#13140@2452] @bc t=6 used=2836 max=6239 near=0 over=0
[A:LANDSCAPER#11802@2452] @bc t=6 used=2122 max=6098 near=0 over=0
[A:LANDSCAPER#10234@2453] @bc t=6 used=2383 max=6231 near=0 over=0
[A:FULFILLMENT_CENTER#13698@2455] @build t=7 at=[4, 28] soup=255
[A:DELIVERY_DRONE#11072@2455] @dronepost at=[29, 23]
[A:DELIVERY_DRONE#10534@2457] @bc t=7 used=9990 max=0 near=0 over=1
[B:DELIVERY_DRONE#13807@2459] @bc t=7 used=516 max=7263 near=0 over=0
[A:VAPORATOR#10090@2464] @bc t=3 used=26 max=3472 near=0 over=0
[B:DELIVERY_DRONE#11318@2467] @bc t=7 used=1994 max=6899 near=0 over=0
[A:DELIVERY_DRONE#11197@2467] @bc t=7 used=626 max=9438 near=1 over=0
[A:DELIVERY_DRONE#11251@2468] @dronepost at=[28, 21]
[A:LANDSCAPER#10232@2471] @bc t=6 used=2460 max=3224 near=0 over=1
[B:DELIVERY_DRONE#10648@2472] @bc t=7 used=1853 max=6785 near=0 over=0
[A:FULFILLMENT_CENTER#13698@2476] @build t=7 at=[4, 28] soup=250
[A:DELIVERY_DRONE#11072@2479] @bc t=7 used=393 max=9438 near=1 over=0
[A:LANDSCAPER#13762@2482] @bc t=6 used=2950 max=3412 near=0 over=1
[B:DELIVERY_DRONE#13438@2482] @bc t=7 used=1927 max=6831 near=0 over=0
[A:LANDSCAPER#11322@2483] @bc t=6 used=1946 max=6334 near=0 over=0
[A:DELIVERY_DRONE#11425@2489] @bc t=7 used=745 max=9558 near=1 over=0
[A:DESIGN_SCHOOL#12691@2497] @bc t=4 used=1779 max=4796 near=1 over=0
[A:FULFILLMENT_CENTER#13698@2498] @build t=7 at=[4, 28] soup=254
[A:HQ#0@2500] @econ soup=268 built=13 minersSeen=0 ring=14 buried=0 sym=7
[A:HQ#0@2500] @bc t=0 used=3107 max=4610 near=0 over=0
[B:HQ#1@2500] @econ soup=2198 built=8 minersSeen=0 ring=0 buried=0 sym=7
[B:HQ#1@2500] @bc t=0 used=772 max=4519 near=0 over=0
[A:LANDSCAPER#12624@2500] @wallstat role=0 seat=[7, 25] post=null digs=1063 deps=1063 eq=82 borrow=0 helperDeps=0 innerDeps=0 hqDigs=0 bury=0 idle=221 elev=1023
[A:LANDSCAPER#10696@2500] @wallstat role=0 seat=[7, 26] post=null digs=1057 deps=1057 eq=71 borrow=0 helperDeps=0 innerDeps=0 hqDigs=0 bury=0 idle=237 elev=1020
[A:LANDSCAPER#13065@2500] @wallstat role=0 seat=[7, 27] post=null digs=1063 deps=1063 eq=910 borrow=0 helperDeps=0 innerDeps=0 hqDigs=0 bury=0 idle=219 elev=1018
[A:LANDSCAPER#10232@2500] @wallstat role=0 seat=[6, 28] post=null digs=1057 deps=1057 eq=910 borrow=0 helperDeps=0 innerDeps=0 hqDigs=0 bury=0 idle=179 elev=1018
[A:LANDSCAPER#13762@2500] @wallstat role=0 seat=[5, 28] post=null digs=1057 deps=1057 eq=943 borrow=0 helperDeps=0 innerDeps=0 hqDigs=0 bury=0 idle=169 elev=1016
[A:LANDSCAPER#11838@2500] @wallstat role=0 seat=[5, 24] post=null digs=1035 deps=1034 eq=21 borrow=0 helperDeps=0 innerDeps=0 hqDigs=0 bury=0 idle=199 elev=1026
[A:LANDSCAPER#11770@2500] @wallstat role=0 seat=[3, 28] post=null digs=1034 deps=1033 eq=21 borrow=0 helperDeps=0 innerDeps=0 hqDigs=0 bury=0 idle=0 elev=1015
[A:LANDSCAPER#13175@2500] @wallstat role=0 seat=[3, 24] post=null digs=1034 deps=1033 eq=13 borrow=0 helperDeps=0 innerDeps=0 hqDigs=0 bury=0 idle=0 elev=1023
[A:LANDSCAPER#10036@2500] @wallstat role=0 seat=[3, 26] post=null digs=1026 deps=1026 eq=40 borrow=0 helperDeps=0 innerDeps=0 hqDigs=0 bury=0 idle=0 elev=1018
[A:LANDSCAPER#12065@2500] @wallstat role=0 seat=[3, 25] post=null digs=1021 deps=1021 eq=29 borrow=0 helperDeps=0 innerDeps=0 hqDigs=0 bury=0 idle=0 elev=1021
[A:LANDSCAPER#10427@2500] @wallstat role=0 seat=[3, 27] post=null digs=1020 deps=1019 eq=52 borrow=0 helperDeps=0 innerDeps=0 hqDigs=0 bury=0 idle=0 elev=1015
[A:LANDSCAPER#10623@2500] @wallstat role=0 seat=[4, 24] post=null digs=1012 deps=1012 eq=12 borrow=0 helperDeps=0 innerDeps=0 hqDigs=0 bury=0 idle=0 elev=1024
[A:LANDSCAPER#10234@2500] @wallstat role=0 seat=[6, 24] post=null digs=1011 deps=1011 eq=18 borrow=0 helperDeps=0 innerDeps=0 hqDigs=0 bury=0 idle=0 elev=1026
[A:LANDSCAPER#13140@2500] @wallstat role=0 seat=[7, 24] post=null digs=1012 deps=1012 eq=11 borrow=0 helperDeps=0 innerDeps=0 hqDigs=0 bury=0 idle=0 elev=1026
[A:LANDSCAPER#11802@2500] @wallstat role=1 seat=null post=[8, 28] digs=1006 deps=1006 eq=890 borrow=0 helperDeps=890 innerDeps=0 hqDigs=0 bury=0 idle=14 elev=119
[A:LANDSCAPER#11322@2500] @wallstat role=1 seat=null post=[8, 29] digs=998 deps=997 eq=882 borrow=0 helperDeps=882 innerDeps=0 hqDigs=0 bury=0 idle=0 elev=118
[B:DELIVERY_DRONE#12403@2500] @dronestat pickups=0 drops=0 holding=false
[B:DELIVERY_DRONE#11589@2500] @dronestat pickups=0 drops=0 holding=false
[B:DELIVERY_DRONE#13836@2500] @dronestat pickups=0 drops=0 holding=false
[B:DELIVERY_DRONE#13807@2500] @dronestat pickups=0 drops=0 holding=false
[B:DELIVERY_DRONE#11318@2500] @dronestat pickups=0 drops=0 holding=false
[B:DELIVERY_DRONE#10648@2500] @dronestat pickups=0 drops=0 holding=false
[B:DELIVERY_DRONE#13438@2500] @dronestat pickups=0 drops=0 holding=false
[A:DELIVERY_DRONE#11072@2500] @dronestat at=[30, 27] pickups=0 drops=0 ferried=0 raidKills=0 raiding=false holding=false guess=[35, 26]
[A:DELIVERY_DRONE#11251@2500] @dronestat at=[30, 24] pickups=0 drops=0 ferried=0 raidKills=0 raiding=false holding=false guess=[35, 26]
[A:DELIVERY_DRONE#11197@2500] @dronestat at=[27, 11] pickups=0 drops=0 ferried=0 raidKills=0 raiding=false holding=false guess=[35, 5]
[A:DELIVERY_DRONE#11425@2500] @dronestat at=[27, 10] pickups=0 drops=0 ferried=0 raidKills=0 raiding=false holding=false guess=[35, 5]
[A:DELIVERY_DRONE#12805@2500] @dronestat at=[27, 12] pickups=0 drops=0 ferried=0 raidKills=0 raiding=false holding=false guess=[35, 5]
[A:DELIVERY_DRONE#11302@2500] @dronestat at=[6, 27] pickups=0 drops=0 ferried=0 raidKills=0 raiding=false holding=false guess=null
[A:DELIVERY_DRONE#10534@2500] @dronestat at=[7, 28] pickups=0 drops=0 ferried=0 raidKills=0 raiding=false holding=false guess=null
[A:DELIVERY_DRONE#10717@2500] @dronestat at=[7, 31] pickups=0 drops=0 ferried=0 raidKills=0 raiding=false holding=false guess=null
[A:DELIVERY_DRONE#12461@2500] @dronestat at=[4, 28] pickups=0 drops=0 ferried=0 raidKills=0 raiding=false holding=false guess=null
[A:LANDSCAPER#11838@2503] @bc t=6 used=2779 max=5851 near=0 over=0
[A:DELIVERY_DRONE#11072@2503] @dronepost at=[31, 23]
[A:FULFILLMENT_CENTER#13698@2506] @bc t=5 used=1866 max=4908 near=1 over=0
[A:LANDSCAPER#12624@2507] @bc t=6 used=2481 max=9507 near=1 over=0
[A:LANDSCAPER#11770@2507] @bc t=6 used=2590 max=5610 near=0 over=0
[A:DELIVERY_DRONE#11251@2508] @dronepost at=[28, 21]
[A:LANDSCAPER#10696@2509] @bc t=6 used=2766 max=3560 near=0 over=1
[A:DELIVERY_DRONE#12461@2509] @origin x=0 y=0
[A:LANDSCAPER#13065@2510] @bc t=6 used=2772 max=9976 near=1 over=0
[A:DELIVERY_DRONE#12805@2511] @bc t=7 used=626 max=9502 near=1 over=0
[A:DELIVERY_DRONE#10534@2511] @origin x=0 y=0
[A:DELIVERY_DRONE#12805@2512] @dronepost at=[25, 16]
[A:DELIVERY_DRONE#10717@2518] @origin x=0 y=0
[A:LANDSCAPER#13175@2519] @bc t=6 used=2627 max=5688 near=0 over=0
[A:FULFILLMENT_CENTER#13698@2520] @build t=7 at=[4, 28] soup=255
[A:LANDSCAPER#10036@2522] @bc t=6 used=2759 max=5792 near=0 over=0
[A:DELIVERY_DRONE#11197@2522] @dronepost at=[23, 13]
[A:DELIVERY_DRONE#11251@2523] @bc t=7 used=746 max=9620 near=1 over=0
[A:VAPORATOR#12612@2524] @bc t=3 used=26 max=3498 near=0 over=0
[A:DELIVERY_DRONE#11425@2530] @dronepost at=[25, 14]
[A:DELIVERY_DRONE#12461@2530] @dronepost at=[21, 17]
[A:LANDSCAPER#12065@2532] @bc t=6 used=2573 max=5832 near=0 over=0
[A:DELIVERY_DRONE#11302@2533] @bc t=7 used=1542 max=9439 near=1 over=0
[A:LANDSCAPER#10427@2535] @bc t=6 used=2482 max=5802 near=0 over=0
[B:DELIVERY_DRONE#12403@2536] @bc t=7 used=477 max=6520 near=0 over=0
[A:VAPORATOR#12139@2538] @bc t=3 used=26 max=3489 near=0 over=0
[B:DELIVERY_DRONE#11589@2541] @bc t=7 used=440 max=6820 near=0 over=0
[A:DELIVERY_DRONE#10717@2541] @dronepost at=[22, 15]
[A:FULFILLMENT_CENTER#13698@2542] @build t=7 at=[4, 28] soup=254
[A:DELIVERY_DRONE#11302@2544] @dronepost at=[21, 16]
[A:DELIVERY_DRONE#11197@2546] @prune empty=[35, 5] sym=6
[A:DELIVERY_DRONE#11425@2546] @prune empty=[35, 5] sym=6
[A:DELIVERY_DRONE#12805@2547] @prune empty=[35, 5] sym=6
[A:DELIVERY_DRONE#10534@2547] @dronepost at=[19, 14]
[A:LANDSCAPER#10623@2548] @bc t=6 used=2828 max=5839 near=0 over=0
[A:DELIVERY_DRONE#11251@2548] @dronepost at=[27, 21]
[A:DELIVERY_DRONE#13808@2548] @dronepost at=[20, 17]
[A:DELIVERY_DRONE#11072@2550] @dronepost at=[33, 24]
[B:DELIVERY_DRONE#13836@2551] @bc t=7 used=1918 max=6462 near=0 over=0
[A:LANDSCAPER#13140@2552] @bc t=6 used=2676 max=6239 near=0 over=0
[A:LANDSCAPER#11802@2552] @bc t=6 used=2003 max=6098 near=0 over=0
[A:LANDSCAPER#10234@2553] @bc t=6 used=2332 max=6231 near=0 over=0
[A:DELIVERY_DRONE#10534@2556] @bc t=7 used=2697 max=7100 near=0 over=1
[A:DELIVERY_DRONE#12805@2558] @dronepost at=[28, 18]
[B:DELIVERY_DRONE#13807@2559] @bc t=7 used=1757 max=7263 near=0 over=0
[A:DELIVERY_DRONE#12461@2560] @prune empty=[35, 5] sym=6
[A:DELIVERY_DRONE#13452@2560] @origin x=0 y=0
[A:DELIVERY_DRONE#11197@2562] @dronepost at=[26, 21]
[A:DELIVERY_DRONE#10717@2562] @prune empty=[35, 5] sym=6
[A:FULFILLMENT_CENTER#13698@2564] @build t=7 at=[4, 28] soup=250
[A:VAPORATOR#10090@2564] @bc t=3 used=26 max=3472 near=0 over=0
[A:DELIVERY_DRONE#11251@2566] @sight enemyHQ=[35, 26]
[A:DELIVERY_DRONE#11302@2566] @prune empty=[35, 5] sym=6
[B:DELIVERY_DRONE#11318@2567] @bc t=7 used=676 max=6899 near=0 over=0
[A:DELIVERY_DRONE#11197@2567] @bc t=7 used=2752 max=9438 near=1 over=0
[B:HQ#1@2568] @shoot id=11197 d2=13
[A:DELIVERY_DRONE#10534@2569] @prune empty=[35, 5] sym=6
[A:DELIVERY_DRONE#11425@2570] @dronepost at=[26, 20]
[B:HQ#1@2571] @shoot id=11251 d2=9
[A:LANDSCAPER#10232@2571] @bc t=6 used=2470 max=3224 near=0 over=1
[A:DELIVERY_DRONE#12805@2571] @sight enemyHQ=[35, 26]
[B:DELIVERY_DRONE#10648@2572] @bc t=7 used=2269 max=6785 near=0 over=0
[A:DELIVERY_DRONE#12461@2575] @dronepost at=[27, 20]
[A:DELIVERY_DRONE#10717@2576] @bc t=7 used=2785 max=9684 near=1 over=0
[A:DELIVERY_DRONE#11072@2579] @bc t=7 used=578 max=9438 near=1 over=0
[A:DELIVERY_DRONE#11425@2581] @sight enemyHQ=[35, 26]
[B:HQ#1@2582] @shoot id=11425 d2=9
[A:LANDSCAPER#13762@2582] @bc t=6 used=2749 max=3412 near=0 over=1
[B:DELIVERY_DRONE#13438@2582] @bc t=7 used=1949 max=6831 near=0 over=0
[A:LANDSCAPER#11322@2583] @bc t=6 used=1864 max=6334 near=0 over=0
[A:DELIVERY_DRONE#11302@2584] @dronepost at=[29, 21]
[A:DELIVERY_DRONE#10717@2584] @dronepost at=[29, 21]
[A:FULFILLMENT_CENTER#13698@2586] @build t=7 at=[4, 28] soup=250
[A:DELIVERY_DRONE#10717@2586] @sight enemyHQ=[35, 26]
[A:DELIVERY_DRONE#13452@2586] @dronepost at=[19, 15]
[B:HQ#1@2587] @shoot id=10717 d2=10
[A:DELIVERY_DRONE#10534@2587] @dronepost at=[28, 21]
[A:DELIVERY_DRONE#12461@2587] @sight enemyHQ=[35, 26]
[B:HQ#1@2592] @shoot id=12461 d2=9
[B:HQ#1@2595] @shoot id=11072 d2=9
[A:DELIVERY_DRONE#10534@2595] @sight enemyHQ=[35, 26]
[A:DESIGN_SCHOOL#12691@2597] @bc t=4 used=1779 max=4796 near=1 over=0
[A:HQ#0@2600] @econ soup=346 built=13 minersSeen=0 ring=14 buried=0 sym=7
[A:HQ#0@2600] @bc t=0 used=2991 max=4610 near=0 over=0
[B:HQ#1@2600] @econ soup=2298 built=8 minersSeen=0 ring=0 buried=0 sym=7
[B:HQ#1@2600] @bc t=0 used=860 max=4519 near=0 over=0
[A:LANDSCAPER#12624@2600] @wallstat role=0 seat=[7, 25] post=null digs=1113 deps=1113 eq=108 borrow=0 helperDeps=0 innerDeps=0 hqDigs=0 bury=0 idle=221 elev=1066
[A:LANDSCAPER#10696@2600] @wallstat role=0 seat=[7, 26] post=null digs=1107 deps=1107 eq=104 borrow=0 helperDeps=0 innerDeps=0 hqDigs=0 bury=0 idle=237 elev=1063
[A:LANDSCAPER#13065@2600] @wallstat role=0 seat=[7, 27] post=null digs=1113 deps=1113 eq=950 borrow=0 helperDeps=0 innerDeps=0 hqDigs=0 bury=0 idle=219 elev=1061
[A:LANDSCAPER#10232@2600] @wallstat role=0 seat=[6, 28] post=null digs=1107 deps=1107 eq=916 borrow=0 helperDeps=0 innerDeps=0 hqDigs=0 bury=0 idle=179 elev=1062
[A:LANDSCAPER#13762@2600] @wallstat role=0 seat=[5, 28] post=null digs=1107 deps=1107 eq=952 borrow=0 helperDeps=0 innerDeps=0 hqDigs=0 bury=0 idle=169 elev=1060
[A:LANDSCAPER#11838@2600] @wallstat role=0 seat=[5, 24] post=null digs=1085 deps=1084 eq=27 borrow=0 helperDeps=0 innerDeps=0 hqDigs=0 bury=0 idle=199 elev=1070
[A:LANDSCAPER#11770@2600] @wallstat role=0 seat=[3, 28] post=null digs=1084 deps=1083 eq=27 borrow=0 helperDeps=0 innerDeps=0 hqDigs=0 bury=0 idle=0 elev=1059
[A:LANDSCAPER#13175@2600] @wallstat role=0 seat=[3, 24] post=null digs=1084 deps=1083 eq=18 borrow=0 helperDeps=0 innerDeps=0 hqDigs=0 bury=0 idle=0 elev=1068
[A:LANDSCAPER#10036@2600] @wallstat role=0 seat=[3, 26] post=null digs=1076 deps=1076 eq=64 borrow=0 helperDeps=0 innerDeps=0 hqDigs=0 bury=0 idle=0 elev=1063
[A:LANDSCAPER#12065@2600] @wallstat role=0 seat=[3, 25] post=null digs=1071 deps=1071 eq=48 borrow=0 helperDeps=0 innerDeps=0 hqDigs=0 bury=0 idle=0 elev=1066
[A:LANDSCAPER#10427@2600] @wallstat role=0 seat=[3, 27] post=null digs=1070 deps=1069 eq=81 borrow=0 helperDeps=0 innerDeps=0 hqDigs=0 bury=0 idle=0 elev=1060
[A:LANDSCAPER#10623@2600] @wallstat role=0 seat=[4, 24] post=null digs=1062 deps=1062 eq=21 borrow=0 helperDeps=0 innerDeps=0 hqDigs=0 bury=0 idle=0 elev=1068
[A:LANDSCAPER#10234@2600] @wallstat role=0 seat=[6, 24] post=null digs=1061 deps=1061 eq=29 borrow=0 helperDeps=0 innerDeps=0 hqDigs=0 bury=0 idle=0 elev=1068
[A:LANDSCAPER#13140@2600] @wallstat role=0 seat=[7, 24] post=null digs=1062 deps=1062 eq=19 borrow=0 helperDeps=0 innerDeps=0 hqDigs=0 bury=0 idle=0 elev=1068
[A:LANDSCAPER#11802@2600] @wallstat role=1 seat=null post=[8, 28] digs=1056 deps=1056 eq=890 borrow=0 helperDeps=890 innerDeps=0 hqDigs=0 bury=0 idle=14 elev=169
[A:LANDSCAPER#11322@2600] @wallstat role=1 seat=null post=[8, 29] digs=1048 deps=1047 eq=882 borrow=0 helperDeps=882 innerDeps=0 hqDigs=0 bury=0 idle=0 elev=168
[B:DELIVERY_DRONE#12403@2600] @dronestat pickups=0 drops=0 holding=false
[B:DELIVERY_DRONE#11589@2600] @dronestat pickups=0 drops=0 holding=false
[B:DELIVERY_DRONE#13836@2600] @dronestat pickups=0 drops=0 holding=false
[B:DELIVERY_DRONE#13807@2600] @dronestat pickups=0 drops=0 holding=false
[B:DELIVERY_DRONE#11318@2600] @dronestat pickups=0 drops=0 holding=false
[B:DELIVERY_DRONE#10648@2600] @dronestat pickups=0 drops=0 holding=false
[B:DELIVERY_DRONE#13438@2600] @dronestat pickups=0 drops=0 holding=false
[A:DELIVERY_DRONE#12805@2600] @dronestat at=[30, 25] pickups=0 drops=0 ferried=0 raidKills=0 raiding=false holding=false guess=[35, 26]
[A:DELIVERY_DRONE#11302@2600] @dronestat at=[30, 24] pickups=0 drops=0 ferried=0 raidKills=0 raiding=false holding=false guess=[35, 26]
[A:DELIVERY_DRONE#10534@2600] @dronestat at=[29, 24] pickups=0 drops=0 ferried=0 raidKills=0 raiding=false holding=false guess=[35, 26]
[A:DELIVERY_DRONE#13808@2600] @dronestat at=[28, 10] pickups=0 drops=0 ferried=0 raidKills=0 raiding=false holding=false guess=[35, 5]
[A:DELIVERY_DRONE#13452@2600] @dronestat at=[27, 11] pickups=0 drops=0 ferried=0 raidKills=0 raiding=false holding=false guess=[35, 5]
[A:DELIVERY_DRONE#12111@2600] @dronestat at=[6, 27] pickups=0 drops=0 ferried=0 raidKills=0 raiding=false holding=false guess=null
[A:DELIVERY_DRONE#13472@2600] @dronestat at=[6, 29] pickups=0 drops=0 ferried=0 raidKills=0 raiding=false holding=false guess=null
[A:LANDSCAPER#11838@2603] @bc t=6 used=2619 max=5851 near=0 over=0
[A:FULFILLMENT_CENTER#13698@2606] @bc t=5 used=1784 max=4908 near=1 over=0
[A:LANDSCAPER#12624@2607] @bc t=6 used=2440 max=9507 near=1 over=0
[A:LANDSCAPER#11770@2607] @bc t=6 used=2508 max=5610 near=0 over=0
[A:FULFILLMENT_CENTER#13698@2608] @build t=7 at=[4, 28] soup=252
[A:LANDSCAPER#10696@2609] @bc t=6 used=2472 max=3560 near=0 over=1
[A:DELIVERY_DRONE#13472@2609] @origin x=0 y=0
[A:LANDSCAPER#13065@2610] @bc t=6 used=2690 max=9976 near=1 over=0
[A:DELIVERY_DRONE#12805@2611] @bc t=7 used=459 max=9502 near=1 over=0
[A:LANDSCAPER#13175@2619] @bc t=6 used=2586 max=5688 near=0 over=0
[A:DELIVERY_DRONE#11533@2619] @origin x=0 y=0
[A:DELIVERY_DRONE#13808@2620] @bc t=7 used=4016 max=9618 near=1 over=0
[A:LANDSCAPER#10036@2622] @bc t=6 used=2669 max=5792 near=0 over=0
[A:VAPORATOR#12612@2624] @bc t=3 used=26 max=3498 near=0 over=0
[A:FULFILLMENT_CENTER#13698@2630] @build t=7 at=[4, 28] soup=255
[A:DELIVERY_DRONE#13472@2630] @dronepost at=[19, 18]
[A:LANDSCAPER#12065@2632] @bc t=6 used=2733 max=5832 near=0 over=0
[A:DELIVERY_DRONE#11302@2633] @bc t=7 used=751 max=9439 near=1 over=0
[A:LANDSCAPER#10427@2635] @bc t=6 used=2642 max=5802 near=0 over=0
[B:DELIVERY_DRONE#12403@2636] @bc t=7 used=2010 max=6520 near=0 over=0
[A:DELIVERY_DRONE#10534@2637] @dronepost at=[26, 21]
[A:VAPORATOR#12139@2638] @bc t=3 used=26 max=3489 near=0 over=0
[A:DELIVERY_DRONE#12805@2638] @dronepost at=[27, 22]
[A:DELIVERY_DRONE#11302@2638] @dronepost at=[27, 22]
[A:DELIVERY_DRONE#11533@2638] @dronepost at=[18, 15]
[B:DELIVERY_DRONE#11589@2641] @bc t=7 used=1941 max=6820 near=0 over=0
[A:DELIVERY_DRONE#12862@2641] @origin x=0 y=0
[A:DELIVERY_DRONE#13452@2642] @bc t=7 used=745 max=9557 near=1 over=0
[A:DELIVERY_DRONE#12111@2644] @dronepost at=[20, 16]
[A:LANDSCAPER#10623@2648] @bc t=6 used=2483 max=5839 near=0 over=0
[B:DELIVERY_DRONE#13836@2651] @bc t=7 used=813 max=6462 near=0 over=0
[A:FULFILLMENT_CENTER#13698@2652] @build t=7 at=[4, 28] soup=252
[A:LANDSCAPER#13140@2652] @bc t=6 used=2717 max=6239 near=0 over=0
[A:LANDSCAPER#11802@2652] @bc t=6 used=2044 max=6098 near=0 over=0
[A:LANDSCAPER#10234@2653] @bc t=6 used=2492 max=6231 near=0 over=0
[A:DELIVERY_DRONE#10534@2656] @bc t=7 used=639 max=7100 near=0 over=1
[A:DELIVERY_DRONE#13808@2656] @prune empty=[35, 5] sym=6
[A:DELIVERY_DRONE#13452@2657] @prune empty=[35, 5] sym=6
[B:DELIVERY_DRONE#13807@2659] @bc t=7 used=1671 max=7263 near=0 over=0
[A:DELIVERY_DRONE#13472@2659] @prune empty=[35, 5] sym=6
[A:VAPORATOR#10090@2664] @bc t=3 used=26 max=3472 near=0 over=0
[A:DELIVERY_DRONE#12111@2664] @bc t=7 used=560 max=9501 near=1 over=0
[A:DELIVERY_DRONE#12862@2665] @dronepost at=[23, 18]
[A:DELIVERY_DRONE#13256@2666] @origin x=0 y=0
[B:DELIVERY_DRONE#11318@2667] @bc t=7 used=1967 max=6899 near=0 over=0
[A:DELIVERY_DRONE#13808@2669] @dronepost at=[25, 16]
[A:DELIVERY_DRONE#13452@2669] @dronepost at=[25, 16]
[A:LANDSCAPER#10232@2671] @bc t=6 used=2538 max=3224 near=0 over=1
[A:DELIVERY_DRONE#13472@2671] @dronepost at=[28, 20]
[B:DELIVERY_DRONE#10648@2672] @bc t=7 used=2245 max=6785 near=0 over=0
[A:FULFILLMENT_CENTER#13698@2674] @build t=7 at=[4, 28] soup=252
[A:DELIVERY_DRONE#11302@2675] @sight enemyHQ=[35, 26]
[B:HQ#1@2676] @shoot id=11302 d2=9
[A:DELIVERY_DRONE#10534@2677] @dronepost at=[29, 22]
[A:DELIVERY_DRONE#13808@2678] @sight enemyHQ=[35, 26]
[A:DELIVERY_DRONE#12805@2679] @dronepost at=[30, 23]
[B:HQ#1@2680] @shoot id=13808 d2=8
[B:HQ#1@2681] @shoot id=10534 d2=9
[A:DELIVERY_DRONE#13452@2681] @sight enemyHQ=[35, 26]
[B:HQ#1@2682] @shoot id=13452 d2=13
[A:LANDSCAPER#13762@2682] @bc t=6 used=2741 max=3412 near=0 over=1
[B:DELIVERY_DRONE#13438@2682] @bc t=7 used=403 max=6831 near=0 over=0
[A:LANDSCAPER#11322@2683] @bc t=6 used=1983 max=6334 near=0 over=0
[A:DELIVERY_DRONE#13472@2686] @bc t=7 used=752 max=9687 near=1 over=0
[A:DELIVERY_DRONE#13256@2687] @dronepost at=[20, 17]
[A:FULFILLMENT_CENTER#13698@2696] @build t=7 at=[4, 28] soup=253
[A:DESIGN_SCHOOL#12691@2697] @bc t=4 used=1779 max=4796 near=1 over=0
[A:HQ#0@2700] @econ soup=281 built=13 minersSeen=0 ring=14 buried=0 sym=7
[A:HQ#0@2700] @bc t=0 used=2991 max=4610 near=0 over=0
[B:HQ#1@2700] @econ soup=2398 built=8 minersSeen=0 ring=0 buried=0 sym=7
[B:HQ#1@2700] @bc t=0 used=826 max=4519 near=0 over=0
[A:LANDSCAPER#12624@2700] @wallstat role=0 seat=[7, 25] post=null digs=1163 deps=1163 eq=133 borrow=0 helperDeps=0 innerDeps=0 hqDigs=0 bury=0 idle=221 elev=1109
[A:LANDSCAPER#10696@2700] @wallstat role=0 seat=[7, 26] post=null digs=1157 deps=1157 eq=135 borrow=0 helperDeps=0 innerDeps=0 hqDigs=0 bury=0 idle=237 elev=1107
[A:LANDSCAPER#13065@2700] @wallstat role=0 seat=[7, 27] post=null digs=1163 deps=1163 eq=987 borrow=0 helperDeps=0 innerDeps=0 hqDigs=0 bury=0 idle=219 elev=1105
[A:LANDSCAPER#10232@2700] @wallstat role=0 seat=[6, 28] post=null digs=1157 deps=1157 eq=923 borrow=0 helperDeps=0 innerDeps=0 hqDigs=0 bury=0 idle=179 elev=1105
[A:LANDSCAPER#13762@2700] @wallstat role=0 seat=[5, 28] post=null digs=1157 deps=1157 eq=958 borrow=0 helperDeps=0 innerDeps=0 hqDigs=0 bury=0 idle=169 elev=1104
[A:LANDSCAPER#11838@2700] @wallstat role=0 seat=[5, 24] post=null digs=1135 deps=1134 eq=33 borrow=0 helperDeps=0 innerDeps=0 hqDigs=0 bury=0 idle=199 elev=1114
[A:LANDSCAPER#11770@2700] @wallstat role=0 seat=[3, 28] post=null digs=1134 deps=1133 eq=33 borrow=0 helperDeps=0 innerDeps=0 hqDigs=0 bury=0 idle=0 elev=1103
[A:LANDSCAPER#13175@2700] @wallstat role=0 seat=[3, 24] post=null digs=1134 deps=1133 eq=25 borrow=0 helperDeps=0 innerDeps=0 hqDigs=0 bury=0 idle=0 elev=1111
[A:LANDSCAPER#10036@2700] @wallstat role=0 seat=[3, 26] post=null digs=1126 deps=1126 eq=90 borrow=0 helperDeps=0 innerDeps=0 hqDigs=0 bury=0 idle=0 elev=1107
[A:LANDSCAPER#12065@2700] @wallstat role=0 seat=[3, 25] post=null digs=1121 deps=1121 eq=68 borrow=0 helperDeps=0 innerDeps=0 hqDigs=0 bury=0 idle=0 elev=1109
[A:LANDSCAPER#10427@2700] @wallstat role=0 seat=[3, 27] post=null digs=1120 deps=1119 eq=113 borrow=0 helperDeps=0 innerDeps=0 hqDigs=0 bury=0 idle=0 elev=1104
[A:LANDSCAPER#10623@2700] @wallstat role=0 seat=[4, 24] post=null digs=1112 deps=1112 eq=27 borrow=0 helperDeps=0 innerDeps=0 hqDigs=0 bury=0 idle=0 elev=1112
[A:LANDSCAPER#10234@2700] @wallstat role=0 seat=[6, 24] post=null digs=1111 deps=1111 eq=41 borrow=0 helperDeps=0 innerDeps=0 hqDigs=0 bury=0 idle=0 elev=1112
[A:LANDSCAPER#13140@2700] @wallstat role=0 seat=[7, 24] post=null digs=1112 deps=1112 eq=25 borrow=0 helperDeps=0 innerDeps=0 hqDigs=0 bury=0 idle=0 elev=1112
[A:LANDSCAPER#11802@2700] @wallstat role=1 seat=null post=[8, 28] digs=1106 deps=1106 eq=890 borrow=0 helperDeps=890 innerDeps=0 hqDigs=0 bury=0 idle=14 elev=219
[A:LANDSCAPER#11322@2700] @wallstat role=1 seat=null post=[8, 29] digs=1098 deps=1097 eq=882 borrow=0 helperDeps=882 innerDeps=0 hqDigs=0 bury=0 idle=0 elev=218
[B:DELIVERY_DRONE#12403@2700] @dronestat pickups=0 drops=0 holding=false
[B:DELIVERY_DRONE#11589@2700] @dronestat pickups=0 drops=0 holding=false
[B:DELIVERY_DRONE#13836@2700] @dronestat pickups=0 drops=0 holding=false
[B:DELIVERY_DRONE#13807@2700] @dronestat pickups=0 drops=0 holding=false
[B:DELIVERY_DRONE#11318@2700] @dronestat pickups=0 drops=0 holding=false
[B:DELIVERY_DRONE#10648@2700] @dronestat pickups=0 drops=0 holding=false
[B:DELIVERY_DRONE#13438@2700] @dronestat pickups=0 drops=0 holding=false
[A:DELIVERY_DRONE#12805@2700] @dronestat at=[30, 27] pickups=0 drops=0 ferried=0 raidKills=0 raiding=false holding=false guess=[35, 26]
[A:DELIVERY_DRONE#12111@2700] @dronestat at=[29, 8] pickups=0 drops=0 ferried=0 raidKills=0 raiding=true holding=false guess=[35, 5]
[A:DELIVERY_DRONE#13472@2700] @dronestat at=[29, 24] pickups=0 drops=0 ferried=0 raidKills=0 raiding=false holding=false guess=[35, 26]
[A:DELIVERY_DRONE#11533@2700] @dronestat at=[29, 9] pickups=0 drops=0 ferried=0 raidKills=0 raiding=true holding=false guess=[35, 5]
[A:DELIVERY_DRONE#12862@2700] @dronestat at=[29, 10] pickups=0 drops=0 ferried=0 raidKills=0 raiding=true holding=false guess=[35, 5]
[A:DELIVERY_DRONE#13256@2700] @dronestat at=[26, 11] pickups=0 drops=0 ferried=0 raidKills=0 raiding=false holding=false guess=[35, 5]
[A:DELIVERY_DRONE#13468@2700] @dronestat at=[6, 27] pickups=0 drops=0 ferried=0 raidKills=0 raiding=false holding=false guess=null
[A:DELIVERY_DRONE#13543@2700] @dronestat at=[4, 28] pickups=0 drops=0 ferried=0 raidKills=0 raiding=false holding=false guess=null
[A:LANDSCAPER#11838@2703] @bc t=6 used=2660 max=5851 near=0 over=0
[A:DELIVERY_DRONE#11533@2703] @prune empty=[35, 5] sym=6
[A:FULFILLMENT_CENTER#13698@2706] @bc t=5 used=1711 max=4908 near=1 over=0
[A:DELIVERY_DRONE#12111@2706] @prune empty=[35, 5] sym=6
[A:LANDSCAPER#12624@2707] @bc t=6 used=2422 max=9507 near=1 over=0
[A:LANDSCAPER#11770@2707] @bc t=6 used=2635 max=5610 near=0 over=0
[A:DELIVERY_DRONE#13543@2707] @origin x=0 y=0
[A:DELIVERY_DRONE#11533@2708] @bc t=7 used=2590 max=9675 near=1 over=0
[A:LANDSCAPER#10696@2709] @bc t=6 used=2325 max=3560 near=0 over=1
[A:LANDSCAPER#13065@2710] @bc t=6 used=2654 max=9976 near=1 over=0
[A:DELIVERY_DRONE#12805@2711] @bc t=7 used=698 max=9502 near=1 over=0
[A:DELIVERY_DRONE#13472@2711] @dronepost at=[29, 22]
[A:FULFILLMENT_CENTER#13698@2718] @build t=7 at=[4, 28] soup=256
[A:LANDSCAPER#13175@2719] @bc t=6 used=2746 max=5688 near=0 over=0
[A:DELIVERY_DRONE#12805@2719] @dronepost at=[28, 26]
[A:DELIVERY_DRONE#11533@2719] @dronepost at=[31, 22]
[A:DELIVERY_DRONE#12111@2721] @dronepost at=[26, 20]
[A:LANDSCAPER#10036@2722] @bc t=6 used=2973 max=5792 near=0 over=0
[A:VAPORATOR#12612@2724] @bc t=3 used=26 max=3498 near=0 over=0
[A:DELIVERY_DRONE#13472@2727] @sight enemyHQ=[35, 26]
[A:DELIVERY_DRONE#11533@2730] @sight enemyHQ=[35, 26]
[A:DELIVERY_DRONE#12862@2730] @bc t=7 used=4016 max=9623 near=1 over=0
[B:HQ#1@2731] @shoot id=11533 d2=9
[A:DELIVERY_DRONE#13543@2731] @dronepost at=[18, 12]
[A:LANDSCAPER#12065@2732] @bc t=6 used=2573 max=5832 near=0 over=0
[A:LANDSCAPER#10427@2735] @bc t=6 used=2482 max=5802 near=0 over=0
[B:DELIVERY_DRONE#12403@2736] @bc t=7 used=477 max=6520 near=0 over=0
[A:VAPORATOR#12139@2738] @bc t=3 used=26 max=3489 near=0 over=0
[A:FULFILLMENT_CENTER#13698@2740] @build t=7 at=[4, 28] soup=255
[B:DELIVERY_DRONE#11589@2741] @bc t=7 used=2430 max=6820 near=0 over=0
[A:DELIVERY_DRONE#13468@2745] @dronepost at=[22, 17]
[A:LANDSCAPER#10623@2748] @bc t=6 used=2524 max=5839 near=0 over=0
[A:DELIVERY_DRONE#11484@2748] @dronepost at=[21, 16]
[B:DELIVERY_DRONE#13836@2751] @bc t=7 used=1919 max=6462 near=0 over=0
[A:LANDSCAPER#13140@2752] @bc t=6 used=2721 max=6239 near=0 over=0
[A:DELIVERY_DRONE#13256@2752] @bc t=7 used=626 max=9438 near=1 over=0
[A:DELIVERY_DRONE#11943@2752] @origin x=0 y=0
[A:LANDSCAPER#10234@2753] @bc t=6 used=2258 max=6231 near=0 over=0
[A:DELIVERY_DRONE#13472@2758] @dronepost at=[28, 23]
[B:DELIVERY_DRONE#13807@2759] @bc t=7 used=690 max=7263 near=0 over=0
[A:DELIVERY_DRONE#12862@2759] @prune empty=[35, 5] sym=6
[A:DELIVERY_DRONE#12111@2761] @dronepost at=[26, 22]
[A:DELIVERY_DRONE#13256@2761] @prune empty=[35, 5] sym=6
[A:FULFILLMENT_CENTER#13698@2762] @build t=7 at=[4, 28] soup=254
[A:VAPORATOR#10090@2764] @bc t=3 used=26 max=3472 near=0 over=0
[A:DELIVERY_DRONE#12111@2764] @bc t=7 used=818 max=9501 near=1 over=0
[A:DELIVERY_DRONE#12805@2766] @dronepost at=[28, 25]
[A:DELIVERY_DRONE#13543@2766] @prune empty=[35, 5] sym=6
[B:DELIVERY_DRONE#11318@2767] @bc t=7 used=1956 max=6899 near=0 over=0
[A:LANDSCAPER#10232@2771] @bc t=6 used=2272 max=3224 near=0 over=1
[B:DELIVERY_DRONE#10648@2772] @bc t=7 used=249 max=6785 near=0 over=0
[A:DELIVERY_DRONE#11943@2773] @dronepost at=[19, 14]
[A:DELIVERY_DRONE#12401@2773] @origin x=0 y=0
[A:DELIVERY_DRONE#12862@2774] @dronepost at=[27, 22]
[A:DELIVERY_DRONE#13468@2774] @bc t=7 used=864 max=9558 near=1 over=0
[A:DELIVERY_DRONE#13256@2776] @dronepost at=[26, 21]
[A:DELIVERY_DRONE#12111@2778] @sight enemyHQ=[35, 26]
[A:DELIVERY_DRONE#13543@2780] @dronepost at=[27, 21]
[A:LANDSCAPER#13762@2782] @bc t=6 used=2713 max=3412 near=0 over=1
[B:DELIVERY_DRONE#13438@2782] @bc t=7 used=2292 max=6831 near=0 over=0
[B:HQ#1@2783] @shoot id=12111 d2=9
[A:DELIVERY_DRONE#12862@2783] @sight enemyHQ=[35, 26]
[B:HQ#1@2784] @shoot id=13472 d2=9
[A:FULFILLMENT_CENTER#13698@2784] @build t=7 at=[4, 28] soup=253
[B:HQ#1@2785] @shoot id=12862 d2=5
[A:DELIVERY_DRONE#12401@2792] @dronepost at=[19, 16]
[A:DELIVERY_DRONE#10500@2795] @origin x=0 y=0
[A:DELIVERY_DRONE#13543@2796] @bc t=7 used=982 max=9501 near=1 over=0
[A:DESIGN_SCHOOL#12691@2797] @bc t=4 used=1591 max=4796 near=1 over=0
[A:HQ#0@2800] @econ soup=364 built=13 minersSeen=0 ring=14 buried=0 sym=7
[A:HQ#0@2800] @bc t=0 used=2687 max=4610 near=0 over=0
[B:HQ#1@2800] @econ soup=2498 built=8 minersSeen=0 ring=0 buried=0 sym=7
[B:HQ#1@2800] @bc t=0 used=914 max=4519 near=0 over=0
[A:LANDSCAPER#12624@2800] @wallstat role=0 seat=[7, 25] post=null digs=1213 deps=1213 eq=157 borrow=0 helperDeps=0 innerDeps=0 hqDigs=0 bury=0 idle=221 elev=1153
[A:LANDSCAPER#10696@2800] @wallstat role=0 seat=[7, 26] post=null digs=1207 deps=1207 eq=165 borrow=0 helperDeps=0 innerDeps=0 hqDigs=0 bury=0 idle=237 elev=1151
[A:LANDSCAPER#13065@2800] @wallstat role=0 seat=[7, 27] post=null digs=1213 deps=1213 eq=1024 borrow=0 helperDeps=0 innerDeps=0 hqDigs=0 bury=0 idle=219 elev=1148
[A:LANDSCAPER#10232@2800] @wallstat role=0 seat=[6, 28] post=null digs=1207 deps=1207 eq=929 borrow=0 helperDeps=0 innerDeps=0 hqDigs=0 bury=0 idle=179 elev=1149
[A:LANDSCAPER#13762@2800] @wallstat role=0 seat=[5, 28] post=null digs=1207 deps=1207 eq=964 borrow=0 helperDeps=0 innerDeps=0 hqDigs=0 bury=0 idle=169 elev=1148
[A:LANDSCAPER#11838@2800] @wallstat role=0 seat=[5, 24] post=null digs=1185 deps=1184 eq=39 borrow=0 helperDeps=0 innerDeps=0 hqDigs=0 bury=0 idle=199 elev=1158
[A:LANDSCAPER#11770@2800] @wallstat role=0 seat=[3, 28] post=null digs=1184 deps=1183 eq=39 borrow=0 helperDeps=0 innerDeps=0 hqDigs=0 bury=0 idle=0 elev=1147
[A:LANDSCAPER#13175@2800] @wallstat role=0 seat=[3, 24] post=null digs=1184 deps=1183 eq=31 borrow=0 helperDeps=0 innerDeps=0 hqDigs=0 bury=0 idle=0 elev=1155
[A:LANDSCAPER#10036@2800] @wallstat role=0 seat=[3, 26] post=null digs=1176 deps=1176 eq=115 borrow=0 helperDeps=0 innerDeps=0 hqDigs=0 bury=0 idle=0 elev=1150
[A:LANDSCAPER#12065@2800] @wallstat role=0 seat=[3, 25] post=null digs=1171 deps=1171 eq=86 borrow=0 helperDeps=0 innerDeps=0 hqDigs=0 bury=0 idle=0 elev=1153
[A:LANDSCAPER#10427@2800] @wallstat role=0 seat=[3, 27] post=null digs=1170 deps=1169 eq=145 borrow=0 helperDeps=0 innerDeps=0 hqDigs=0 bury=0 idle=0 elev=1147
[A:LANDSCAPER#10623@2800] @wallstat role=0 seat=[4, 24] post=null digs=1162 deps=1162 eq=33 borrow=0 helperDeps=0 innerDeps=0 hqDigs=0 bury=0 idle=0 elev=1156
[A:LANDSCAPER#10234@2800] @wallstat role=0 seat=[6, 24] post=null digs=1161 deps=1161 eq=53 borrow=0 helperDeps=0 innerDeps=0 hqDigs=0 bury=0 idle=0 elev=1156
[A:LANDSCAPER#13140@2800] @wallstat role=0 seat=[7, 24] post=null digs=1162 deps=1162 eq=31 borrow=0 helperDeps=0 innerDeps=0 hqDigs=0 bury=0 idle=0 elev=1156
[B:DELIVERY_DRONE#12403@2800] @dronestat pickups=0 drops=0 holding=false
[B:DELIVERY_DRONE#11589@2800] @dronestat pickups=0 drops=0 holding=false
[B:DELIVERY_DRONE#13836@2800] @dronestat pickups=0 drops=0 holding=false
[B:DELIVERY_DRONE#13807@2800] @dronestat pickups=0 drops=0 holding=false
[B:DELIVERY_DRONE#11318@2800] @dronestat pickups=0 drops=0 holding=false
[B:DELIVERY_DRONE#10648@2800] @dronestat pickups=0 drops=0 holding=false
[B:DELIVERY_DRONE#13438@2800] @dronestat pickups=0 drops=0 holding=false
[A:DELIVERY_DRONE#12805@2800] @dronestat at=[30, 28] pickups=0 drops=0 ferried=0 raidKills=0 raiding=false holding=false guess=[35, 26]
[A:DELIVERY_DRONE#13256@2800] @dronestat at=[30, 24] pickups=0 drops=0 ferried=0 raidKills=0 raiding=false holding=false guess=[35, 26]
[A:DELIVERY_DRONE#13468@2800] @dronestat at=[30, 9] pickups=0 drops=0 ferried=0 raidKills=0 raiding=false holding=false guess=[35, 5]
[A:DELIVERY_DRONE#13543@2800] @dronestat at=[29, 24] pickups=0 drops=0 ferried=0 raidKills=0 raiding=false holding=false guess=[35, 26]
[A:DELIVERY_DRONE#11484@2800] @dronestat at=[28, 10] pickups=0 drops=0 ferried=0 raidKills=0 raiding=false holding=false guess=[35, 5]
[A:DELIVERY_DRONE#11943@2800] @dronestat at=[27, 11] pickups=0 drops=0 ferried=0 raidKills=0 raiding=false holding=false guess=[35, 5]
[A:DELIVERY_DRONE#12401@2800] @dronestat at=[21, 14] pickups=0 drops=0 ferried=0 raidKills=0 raiding=false holding=false guess=[35, 5]
[A:DELIVERY_DRONE#10500@2800] @dronestat at=[6, 29] pickups=0 drops=0 ferried=0 raidKills=0 raiding=false holding=false guess=[35, 5]
[A:LANDSCAPER#11838@2803] @bc t=6 used=2738 max=5851 near=0 over=0
[A:FULFILLMENT_CENTER#13698@2806] @build t=7 at=[4, 28] soup=256
[A:FULFILLMENT_CENTER#13698@2806] @bc t=5 used=1641 max=4908 near=1 over=0
[A:LANDSCAPER#12624@2807] @bc t=6 used=2344 max=9507 near=1 over=0
[A:LANDSCAPER#11770@2807] @bc t=6 used=2467 max=5610 near=0 over=0
[A:LANDSCAPER#10696@2809] @bc t=6 used=2403 max=3560 near=0 over=1
[A:LANDSCAPER#13065@2810] @bc t=6 used=2486 max=9976 near=1 over=0
[A:DELIVERY_DRONE#11943@2810] @prune empty=[35, 5] sym=6
[A:DELIVERY_DRONE#12805@2811] @bc t=7 used=459 max=9502 near=1 over=0
[A:DELIVERY_DRONE#11484@2813] @prune empty=[35, 5] sym=6
[A:DELIVERY_DRONE#10500@2816] @dronepost at=[21, 18]
[A:DELIVERY_DRONE#13255@2817] @origin x=0 y=0
[A:DELIVERY_DRONE#13468@2818] @prune empty=[35, 5] sym=6
[A:DELIVERY_DRONE#11484@2818] @bc t=7 used=2514 max=9278 near=1 over=0
[A:LANDSCAPER#13175@2819] @bc t=6 used=2545 max=5688 near=0 over=0
[server]                      bot (A) wins (round 2820)
[server] Reason: The winning team won by enemy HQ being destroyed.
[server] -------------------- Match Finished --------------------
